[0m23:17:49.804113 [debug] [MainThread]: Sending event: {'category': 'dbt', 'action': 'invocation', 'label': 'start', 'context': [<snowplow_tracker.self_describing_json.SelfDescribingJson object at 0xffffb653f770>, <snowplow_tracker.self_describing_json.SelfDescribingJson object at 0xffffb995afd0>, <snowplow_tracker.self_describing_json.SelfDescribingJson object at 0xffffb531bed0>]}


============================== 23:17:49.806178 | dba6806a-5d48-4ce1-958c-d686196958f5 ==============================
[0m23:17:49.806178 [info ] [MainThread]: Running with dbt=1.11.15
[0m23:17:49.806527 [debug] [MainThread]: running dbt with arguments {'log_cache_events': 'False', 'partial_parse': 'True', 'no_print': 'None', 'invocation_command': 'dbt debug', 'fail_fast': 'False', 'profiles_dir': '/opt/airflow/dbt/profiles', 'send_anonymous_usage_stats': 'True', 'indirect_selection': 'eager', 'warn_error': 'None', 'cache_selected_only': 'False', 'target_path': 'None', 'warn_error_options': 'WarnErrorOptionsV2(error=[], warn=[], silence=[])', 'log_path': '/opt/airflow/dbt/logs', 'printer_width': '80', 'version_check': 'True', 'log_format': 'default', 'quiet': 'False', 'empty': 'None', 'use_colors': 'True', 'debug': 'False', 'static_parser': 'True', 'write_json': 'True', 'use_experimental_parser': 'False', 'introspect': 'True'}
[0m23:17:49.811777 [info ] [MainThread]: dbt version: 1.11.15
[0m23:17:49.812026 [info ] [MainThread]: python version: 3.13.14
[0m23:17:49.812270 [info ] [MainThread]: python path: /home/airflow/.local/bin/python
[0m23:17:49.812527 [info ] [MainThread]: os info: Linux-6.12.76-linuxkit-aarch64-with-glibc2.36
[0m23:17:49.853900 [info ] [MainThread]: Using profiles dir at /opt/airflow/dbt/profiles
[0m23:17:49.854271 [info ] [MainThread]: Using profiles.yml file at /opt/airflow/dbt/profiles/profiles.yml
[0m23:17:49.854554 [info ] [MainThread]: Using dbt_project.yml file at /opt/airflow/dbt/dbt_project.yml
[0m23:17:49.854932 [info ] [MainThread]: adapter type: clickhouse
[0m23:17:49.855175 [info ] [MainThread]: adapter version: 1.10.2
[0m23:17:49.903061 [info ] [MainThread]: Configuration:
[0m23:17:49.903435 [info ] [MainThread]:   profiles.yml file [[32mOK found and valid[0m]
[0m23:17:49.903718 [info ] [MainThread]:   dbt_project.yml file [[32mOK found and valid[0m]
[0m23:17:49.903980 [info ] [MainThread]: Required dependencies:
[0m23:17:49.904264 [debug] [MainThread]: Executing "git --help"
[0m23:17:49.905951 [debug] [MainThread]: STDOUT: "b"usage: git [-v | --version] [-h | --help] [-C <path>] [-c <name>=<value>]\n           [--exec-path[=<path>]] [--html-path] [--man-path] [--info-path]\n           [-p | --paginate | -P | --no-pager] [--no-replace-objects] [--bare]\n           [--git-dir=<path>] [--work-tree=<path>] [--namespace=<name>]\n           [--super-prefix=<path>] [--config-env=<name>=<envvar>]\n           <command> [<args>]\n\nThese are common Git commands used in various situations:\n\nstart a working area (see also: git help tutorial)\n   clone     Clone a repository into a new directory\n   init      Create an empty Git repository or reinitialize an existing one\n\nwork on the current change (see also: git help everyday)\n   add       Add file contents to the index\n   mv        Move or rename a file, a directory, or a symlink\n   restore   Restore working tree files\n   rm        Remove files from the working tree and from the index\n\nexamine the history and state (see also: git help revisions)\n   bisect    Use binary search to find the commit that introduced a bug\n   diff      Show changes between commits, commit and working tree, etc\n   grep      Print lines matching a pattern\n   log       Show commit logs\n   show      Show various types of objects\n   status    Show the working tree status\n\ngrow, mark and tweak your common history\n   branch    List, create, or delete branches\n   commit    Record changes to the repository\n   merge     Join two or more development histories together\n   rebase    Reapply commits on top of another base tip\n   reset     Reset current HEAD to the specified state\n   switch    Switch branches\n   tag       Create, list, delete or verify a tag object signed with GPG\n\ncollaborate (see also: git help workflows)\n   fetch     Download objects and refs from another repository\n   pull      Fetch from and integrate with another repository or a local branch\n   push      Update remote refs along with associated objects\n\n'git help -a' and 'git help -g' list available subcommands and some\nconcept guides. See 'git help <command>' or 'git help <concept>'\nto read about a specific subcommand or concept.\nSee 'git help git' for an overview of the system.\n""
[0m23:17:49.906284 [debug] [MainThread]: STDERR: "b''"
[0m23:17:49.906491 [info ] [MainThread]:  - git [[32mOK found[0m]

[0m23:17:49.906714 [info ] [MainThread]: Connection:
[0m23:17:49.906967 [info ] [MainThread]:   driver: None
[0m23:17:49.907198 [info ] [MainThread]:   host: localhost
[0m23:17:49.907437 [info ] [MainThread]:   port: 9000
[0m23:17:49.907667 [info ] [MainThread]:   user: default
[0m23:17:49.907930 [info ] [MainThread]:   schema: dwh
[0m23:17:49.908173 [info ] [MainThread]:   retries: 1
[0m23:17:49.908407 [info ] [MainThread]:   cluster: None
[0m23:17:49.908710 [info ] [MainThread]:   database_engine: None
[0m23:17:49.909117 [info ] [MainThread]:   cluster_mode: False
[0m23:17:49.909474 [info ] [MainThread]:   secure: False
[0m23:17:49.909873 [info ] [MainThread]:   verify: True
[0m23:17:49.910234 [info ] [MainThread]:   client_cert: None
[0m23:17:49.910654 [info ] [MainThread]:   client_cert_key: None
[0m23:17:49.911012 [info ] [MainThread]:   connect_timeout: 10
[0m23:17:49.911328 [info ] [MainThread]:   send_receive_timeout: 300
[0m23:17:49.911648 [info ] [MainThread]:   sync_request_timeout: 5
[0m23:17:49.911932 [info ] [MainThread]:   compress_block_size: 1048576
[0m23:17:49.912258 [info ] [MainThread]:   compression: 
[0m23:17:49.912606 [info ] [MainThread]:   check_exchange: True
[0m23:17:49.912937 [info ] [MainThread]:   custom_settings: None
[0m23:17:49.913224 [info ] [MainThread]:   use_lw_deletes: False
[0m23:17:49.913573 [info ] [MainThread]:   allow_automatic_deduplication: False
[0m23:17:49.913904 [info ] [MainThread]:   tcp_keepalive: False
[0m23:17:49.914271 [info ] [MainThread]:   reuse_connections: True
[0m23:17:49.914621 [info ] [MainThread]:   server_host_name: None
[0m23:17:49.915071 [info ] [MainThread]: Registered adapter: clickhouse=1.10.2
[0m23:17:49.939364 [debug] [MainThread]: Acquiring new clickhouse connection 'debug'
[0m23:17:49.939652 [debug] [MainThread]: Opening a new connection, currently in state init
[0m23:17:50.014337 [debug] [MainThread]: dbt_clickhouse adapter: Got a retryable error when attempting to open a clickhouse connection.
1 attempts remaining. Retrying in 1 seconds.
Error:
Code: 210. Connection refused (localhost:9000)
[0m23:17:51.016882 [info ] [MainThread]:   Connection test: [[31mERROR[0m]

[0m23:17:51.018623 [info ] [MainThread]: [31m1 check failed:[0m
[0m23:17:51.019014 [info ] [MainThread]: dbt was unable to connect to the specified database.
The database returned the following error:

  >Database Error
  Code: 210. Connection refused (localhost:9000)

Check your database credentials and try again. For more information, visit:
https://docs.getdbt.com/docs/configure-your-profile


[0m23:17:51.019795 [debug] [MainThread]: Resource report: {"command_name": "debug", "command_success": false, "command_wall_clock_time": 1.2435145, "process_in_blocks": "56", "process_kernel_time": 0.105876, "process_mem_max_rss": "134612", "process_out_blocks": "14", "process_user_time": 0.870984}
[0m23:17:51.020144 [debug] [MainThread]: Command `dbt debug` failed at 23:17:51.020078 after 1.24 seconds
[0m23:17:51.020413 [debug] [MainThread]: Connection 'debug' was left open.
[0m23:17:51.020658 [debug] [MainThread]: On debug: No close available on handle
[0m23:17:51.020921 [debug] [MainThread]: Sending event: {'category': 'dbt', 'action': 'invocation', 'label': 'end', 'context': [<snowplow_tracker.self_describing_json.SelfDescribingJson object at 0xffffb3f04c30>, <snowplow_tracker.self_describing_json.SelfDescribingJson object at 0xffffb3f217f0>, <snowplow_tracker.self_describing_json.SelfDescribingJson object at 0xffffb51ef570>]}
[0m23:17:51.021237 [debug] [MainThread]: Flushing usage events
[0m23:17:51.808503 [debug] [MainThread]: An error was encountered while trying to flush usage events
[0m23:18:14.919903 [debug] [MainThread]: Sending event: {'category': 'dbt', 'action': 'invocation', 'label': 'start', 'context': [<snowplow_tracker.self_describing_json.SelfDescribingJson object at 0xffff9903b770>, <snowplow_tracker.self_describing_json.SelfDescribingJson object at 0xffff9c43afd0>, <snowplow_tracker.self_describing_json.SelfDescribingJson object at 0xffff97e1fed0>]}


============================== 23:18:14.922795 | 12829031-21db-438d-b3e4-684a78d29d98 ==============================
[0m23:18:14.922795 [info ] [MainThread]: Running with dbt=1.11.15
[0m23:18:14.924315 [debug] [MainThread]: running dbt with arguments {'profiles_dir': '/opt/airflow/dbt/profiles', 'send_anonymous_usage_stats': 'True', 'warn_error_options': 'WarnErrorOptionsV2(error=[], warn=[], silence=[])', 'fail_fast': 'False', 'partial_parse': 'True', 'static_parser': 'True', 'quiet': 'False', 'printer_width': '80', 'use_colors': 'True', 'warn_error': 'None', 'introspect': 'True', 'debug': 'False', 'invocation_command': 'dbt debug', 'log_path': '/opt/airflow/dbt/logs', 'indirect_selection': 'eager', 'target_path': 'None', 'use_experimental_parser': 'False', 'empty': 'None', 'log_cache_events': 'False', 'cache_selected_only': 'False', 'log_format': 'default', 'no_print': 'None', 'write_json': 'True', 'version_check': 'True'}
[0m23:18:14.929863 [info ] [MainThread]: dbt version: 1.11.15
[0m23:18:14.930251 [info ] [MainThread]: python version: 3.13.14
[0m23:18:14.930597 [info ] [MainThread]: python path: /home/airflow/.local/bin/python
[0m23:18:14.930855 [info ] [MainThread]: os info: Linux-6.12.76-linuxkit-aarch64-with-glibc2.36
[0m23:18:45.634157 [debug] [MainThread]: Sending event: {'category': 'dbt', 'action': 'invocation', 'label': 'start', 'context': [<snowplow_tracker.self_describing_json.SelfDescribingJson object at 0xffff8856f770>, <snowplow_tracker.self_describing_json.SelfDescribingJson object at 0xffff8b96afd0>, <snowplow_tracker.self_describing_json.SelfDescribingJson object at 0xffff8734bed0>]}


============================== 23:18:45.637867 | badd4792-d701-4a78-8dfa-ed2afc29906c ==============================
[0m23:18:45.637867 [info ] [MainThread]: Running with dbt=1.11.15
[0m23:18:45.638592 [debug] [MainThread]: running dbt with arguments {'write_json': 'True', 'version_check': 'True', 'static_parser': 'True', 'invocation_command': 'dbt parse', 'indirect_selection': 'eager', 'no_print': 'None', 'partial_parse': 'True', 'log_path': '/opt/airflow/dbt/logs', 'debug': 'False', 'quiet': 'False', 'log_format': 'default', 'log_cache_events': 'False', 'send_anonymous_usage_stats': 'True', 'use_colors': 'True', 'introspect': 'True', 'warn_error': 'None', 'empty': 'None', 'warn_error_options': 'WarnErrorOptionsV2(error=[], warn=[], silence=[])', 'cache_selected_only': 'False', 'use_experimental_parser': 'False', 'fail_fast': 'False', 'target_path': 'None', 'printer_width': '80', 'profiles_dir': '/opt/airflow/dbt/profiles'}
[0m23:18:45.869549 [debug] [MainThread]: Sending event: {'category': 'dbt', 'action': 'project_id', 'label': 'badd4792-d701-4a78-8dfa-ed2afc29906c', 'context': [<snowplow_tracker.self_describing_json.SelfDescribingJson object at 0xffff88048b00>]}
[0m23:18:45.911338 [debug] [MainThread]: Sending event: {'category': 'dbt', 'action': 'adapter_info', 'label': 'badd4792-d701-4a78-8dfa-ed2afc29906c', 'context': [<snowplow_tracker.self_describing_json.SelfDescribingJson object at 0xffff87415f20>]}
[0m23:18:45.912105 [info ] [MainThread]: Registered adapter: clickhouse=1.10.2
[0m23:18:45.959040 [debug] [MainThread]: checksum: 810725a07b286a161cb6a02f5214572f3ba8aa5d584b5e37ea30d4a281c3d3a5, vars: {}, profile: , target: , version: 1.11.15
[0m23:18:45.962071 [info ] [MainThread]: Unable to do partial parsing because saved manifest not found. Starting full parse.
[0m23:18:45.962578 [debug] [MainThread]: Sending event: {'category': 'dbt', 'action': 'partial_parser', 'label': 'badd4792-d701-4a78-8dfa-ed2afc29906c', 'context': [<snowplow_tracker.self_describing_json.SelfDescribingJson object at 0xffff873ba450>]}
[0m23:18:46.726352 [debug] [MainThread]: Sending event: {'category': 'dbt', 'action': 'load_project', 'label': 'badd4792-d701-4a78-8dfa-ed2afc29906c', 'context': [<snowplow_tracker.self_describing_json.SelfDescribingJson object at 0xffff875eb020>]}
[0m23:18:46.728794 [info ] [MainThread]: Performance info: /opt/airflow/dbt/target/perf_info.json
[0m23:18:46.771615 [debug] [MainThread]: Wrote artifact WritableManifest to /opt/airflow/dbt/target/manifest.json
[0m23:18:46.772991 [debug] [MainThread]: Wrote artifact SemanticManifest to /opt/airflow/dbt/target/semantic_manifest.json
[0m23:18:46.773565 [debug] [MainThread]: Resource report: {"command_name": "parse", "command_success": true, "command_wall_clock_time": 1.1811819, "process_in_blocks": "24168", "process_kernel_time": 0.110604, "process_mem_max_rss": "119844", "process_out_blocks": "2575", "process_user_time": 1.665046}
[0m23:18:46.773829 [debug] [MainThread]: Command `dbt parse` succeeded at 23:18:46.773784 after 1.18 seconds
[0m23:18:46.774027 [debug] [MainThread]: Sending event: {'category': 'dbt', 'action': 'invocation', 'label': 'end', 'context': [<snowplow_tracker.self_describing_json.SelfDescribingJson object at 0xffff87337e70>, <snowplow_tracker.self_describing_json.SelfDescribingJson object at 0xffff871b26d0>, <snowplow_tracker.self_describing_json.SelfDescribingJson object at 0xffff8701ea90>]}
[0m23:18:46.774213 [debug] [MainThread]: Flushing usage events
[0m23:18:47.490167 [debug] [MainThread]: An error was encountered while trying to flush usage events
[0m09:52:17.859484 [debug] [MainThread]: Sending event: {'category': 'dbt', 'action': 'invocation', 'label': 'start', 'context': [<snowplow_tracker.self_describing_json.SelfDescribingJson object at 0xffffb9333770>, <snowplow_tracker.self_describing_json.SelfDescribingJson object at 0xffffbc74afd0>, <snowplow_tracker.self_describing_json.SelfDescribingJson object at 0xffffb816bd90>]}


============================== 09:52:17.862178 | 14a02207-3e51-4871-9da3-ccd5a33e3c6f ==============================
[0m09:52:17.862178 [info ] [MainThread]: Running with dbt=1.11.15
[0m09:52:17.862458 [debug] [MainThread]: running dbt with arguments {'log_path': '/opt/airflow/dbt/logs', 'empty': 'False', 'introspect': 'True', 'write_json': 'True', 'profiles_dir': '/opt/airflow/dbt/profiles', 'partial_parse': 'True', 'log_format': 'default', 'target_path': 'None', 'log_cache_events': 'False', 'static_parser': 'True', 'debug': 'False', 'send_anonymous_usage_stats': 'True', 'use_experimental_parser': 'False', 'quiet': 'False', 'invocation_command': 'dbt run', 'printer_width': '80', 'version_check': 'True', 'fail_fast': 'False', 'cache_selected_only': 'False', 'warn_error': 'None', 'use_colors': 'True', 'indirect_selection': 'eager', 'warn_error_options': 'WarnErrorOptionsV2(error=[], warn=[], silence=[])', 'no_print': 'None'}
[0m09:52:18.015885 [debug] [MainThread]: Sending event: {'category': 'dbt', 'action': 'project_id', 'label': '14a02207-3e51-4871-9da3-ccd5a33e3c6f', 'context': [<snowplow_tracker.self_describing_json.SelfDescribingJson object at 0xffffb8e0cb00>]}
[0m09:52:18.045131 [debug] [MainThread]: Sending event: {'category': 'dbt', 'action': 'adapter_info', 'label': '14a02207-3e51-4871-9da3-ccd5a33e3c6f', 'context': [<snowplow_tracker.self_describing_json.SelfDescribingJson object at 0xffffb81b3bd0>]}
[0m09:52:18.045808 [info ] [MainThread]: Registered adapter: clickhouse=1.10.2
[0m09:52:18.079540 [debug] [MainThread]: checksum: 810725a07b286a161cb6a02f5214572f3ba8aa5d584b5e37ea30d4a281c3d3a5, vars: {}, profile: , target: , version: 1.11.15
[0m09:52:18.146784 [debug] [MainThread]: Partial parsing enabled: 0 files deleted, 0 files added, 6 files changed.
[0m09:52:18.147311 [debug] [MainThread]: Partial parsing: updated file: dwh://models/staging/stg_categories.sql
[0m09:52:18.147522 [debug] [MainThread]: Partial parsing: updated file: dwh://models/staging/stg_users.sql
[0m09:52:18.147686 [debug] [MainThread]: Partial parsing: updated file: dwh://models/staging/stg_payments.sql
[0m09:52:18.147842 [debug] [MainThread]: Partial parsing: updated file: dwh://models/staging/stg_listings.sql
[0m09:52:18.148007 [debug] [MainThread]: Partial parsing: updated file: dwh://models/staging/stg_user_activity.sql
[0m09:52:18.148159 [debug] [MainThread]: Partial parsing: updated file: dwh://models/staging/stg_vas_types.sql
[0m09:52:18.320472 [debug] [MainThread]: Sending event: {'category': 'dbt', 'action': 'load_project', 'label': '14a02207-3e51-4871-9da3-ccd5a33e3c6f', 'context': [<snowplow_tracker.self_describing_json.SelfDescribingJson object at 0xffffb7bc8a50>]}
[0m09:52:18.362196 [debug] [MainThread]: Wrote artifact WritableManifest to /opt/airflow/dbt/target/manifest.json
[0m09:52:18.364084 [debug] [MainThread]: Wrote artifact SemanticManifest to /opt/airflow/dbt/target/semantic_manifest.json
[0m09:52:18.372389 [debug] [MainThread]: Sending event: {'category': 'dbt', 'action': 'resource_counts', 'label': '14a02207-3e51-4871-9da3-ccd5a33e3c6f', 'context': [<snowplow_tracker.self_describing_json.SelfDescribingJson object at 0xffffb83aaa80>]}
[0m09:52:18.372657 [info ] [MainThread]: Found 16 models, 536 macros
[0m09:52:18.372814 [debug] [MainThread]: Sending event: {'category': 'dbt', 'action': 'runnable_timing', 'label': '14a02207-3e51-4871-9da3-ccd5a33e3c6f', 'context': [<snowplow_tracker.self_describing_json.SelfDescribingJson object at 0xffffb7a41710>]}
[0m09:52:18.374532 [info ] [MainThread]: 
[0m09:52:18.374790 [info ] [MainThread]: Concurrency: 4 threads (target='dev')
[0m09:52:18.375014 [info ] [MainThread]: 
[0m09:52:18.375341 [debug] [MainThread]: Acquiring new clickhouse connection 'master'
[0m09:52:18.379257 [debug] [ThreadPool]: Acquiring new clickhouse connection 'list_'
[0m09:52:18.384625 [debug] [ThreadPool]: Opening a new connection, currently in state init
[0m09:52:18.621313 [debug] [ThreadPool]: dbt_clickhouse adapter: On list_: /* {"app": "dbt", "dbt_version": "1.11.15", "profile_name": "dwh", "target_name": "dev", "connection_name": "list_"} */

    select name from system.databases
  ...
[0m09:52:18.622713 [debug] [ThreadPool]: dbt_clickhouse adapter: SQL status: OK in 0.00 seconds
[0m09:52:18.653177 [debug] [ThreadPool]: Re-using an available connection from the pool (formerly list_, now list__dwh)
[0m09:52:18.656633 [debug] [ThreadPool]: dbt_clickhouse adapter: On list__dwh: /* {"app": "dbt", "dbt_version": "1.11.15", "profile_name": "dwh", "target_name": "dev", "connection_name": "list__dwh"} */
with mv_sources as (
      -- Find all MVs and their target tables (database and name of the MV, plus the SELECT SQL)
      select
        name as mv_name,
        database as mv_database,
        any(as_select) as mv_sql,
        any(replaceRegexpOne(create_table_query, '.*TO\\s+`?([^`\\s(]+)`?\\.`?([^`\\s(]+)`?.*', '\\1.\\2')) as target_fqn
      
      from system.tables
      
      where engine = 'MaterializedView'
        and create_table_query like '%TO %'
      group by mv_name, mv_database
    )
    select
      t.name as name,
      t.database as schema,
      multiIf(
        t.engine = 'MaterializedView', 'materialized_view',
        t.engine = 'View', 'view',
        t.engine = 'Dictionary', 'dictionary',
        'table'
      ) as type,
      db.engine as db_engine,
      groupArrayIf(
        map('schema', mv_sources.mv_database, 'name', mv_sources.mv_name, 'sql', mv_sources.mv_sql),
        mv_sources.mv_name != ''
      ) as mvs_pointing_to_it,
      -- The refresh clause of a refreshable MV sits between the view name and the TO clause,
      -- e.g. CREATE MATERIALIZED VIEW db.mv REFRESH EVERY 2 MINUTE [APPEND] TO db.target ...
      max(position(substring(t.create_table_query, 1, position(t.create_table_query, ' TO ')), ' REFRESH ')) > 0 as is_refreshable,
      max(position(substring(t.create_table_query, 1, position(t.create_table_query, ' TO ')), ' APPEND')) > 0 as refreshable_append,0 as is_on_cluster
        from system.tables as t
      
        join system.databases as db on t.database = db.name
        left join mv_sources on mv_sources.target_fqn = concat(t.database, '.', t.name)
      where schema = 'dwh'
      group by name, schema, type, db_engine

  ...
[0m09:52:18.719307 [debug] [ThreadPool]: dbt_clickhouse adapter: SQL status: OK in 0.06 seconds
[0m09:52:18.720352 [debug] [MainThread]: Sending event: {'category': 'dbt', 'action': 'runnable_timing', 'label': '14a02207-3e51-4871-9da3-ccd5a33e3c6f', 'context': [<snowplow_tracker.self_describing_json.SelfDescribingJson object at 0xffffb7a7c390>]}
[0m09:52:18.723585 [debug] [Thread-3 (]: Began running node model.dwh.stg_payments
[0m09:52:18.723815 [debug] [Thread-4 (]: Began running node model.dwh.stg_user_activity
[0m09:52:18.724028 [debug] [Thread-2 (]: Began running node model.dwh.stg_listings
[0m09:52:18.724237 [debug] [Thread-1 (]: Began running node model.dwh.stg_categories
[0m09:52:18.724521 [info ] [Thread-3 (]: 3 of 16 START sql view model `dwh`.`stg_payments` .............................. [RUN]
[0m09:52:18.724836 [info ] [Thread-4 (]: 4 of 16 START sql view model `dwh`.`stg_user_activity` ......................... [RUN]
[0m09:52:18.725142 [info ] [Thread-2 (]: 2 of 16 START sql view model `dwh`.`stg_listings` .............................. [RUN]
[0m09:52:18.725492 [info ] [Thread-1 (]: 1 of 16 START sql view model `dwh`.`stg_categories` ............................ [RUN]
[0m09:52:18.725847 [debug] [Thread-3 (]: Acquiring new clickhouse connection 'model.dwh.stg_payments'
[0m09:52:18.726134 [debug] [Thread-4 (]: Acquiring new clickhouse connection 'model.dwh.stg_user_activity'
[0m09:52:18.726392 [debug] [Thread-2 (]: Acquiring new clickhouse connection 'model.dwh.stg_listings'
[0m09:52:18.726600 [debug] [Thread-1 (]: Re-using an available connection from the pool (formerly list__dwh, now model.dwh.stg_categories)
[0m09:52:18.726781 [debug] [Thread-3 (]: Began compiling node model.dwh.stg_payments
[0m09:52:18.726971 [debug] [Thread-4 (]: Began compiling node model.dwh.stg_user_activity
[0m09:52:18.727158 [debug] [Thread-2 (]: Began compiling node model.dwh.stg_listings
[0m09:52:18.727357 [debug] [Thread-1 (]: Began compiling node model.dwh.stg_categories
[0m09:52:18.731739 [debug] [Thread-3 (]: Writing injected SQL for node "model.dwh.stg_payments"
[0m09:52:18.733493 [debug] [Thread-4 (]: Writing injected SQL for node "model.dwh.stg_user_activity"
[0m09:52:18.735398 [debug] [Thread-2 (]: Writing injected SQL for node "model.dwh.stg_listings"
[0m09:52:18.736963 [debug] [Thread-1 (]: Writing injected SQL for node "model.dwh.stg_categories"
[0m09:52:18.739448 [debug] [Thread-4 (]: Began executing node model.dwh.stg_user_activity
[0m09:52:18.739659 [debug] [Thread-1 (]: Began executing node model.dwh.stg_categories
[0m09:52:18.747017 [debug] [Thread-4 (]: Creating new relation stg_user_activity
[0m09:52:18.748393 [debug] [Thread-1 (]: Creating new relation stg_categories
[0m09:52:18.748619 [debug] [Thread-2 (]: Began executing node model.dwh.stg_listings
[0m09:52:18.755251 [debug] [Thread-4 (]: Opening a new connection, currently in state init
[0m09:52:18.755444 [debug] [Thread-3 (]: Began executing node model.dwh.stg_payments
[0m09:52:18.755857 [debug] [Thread-1 (]: Writing runtime sql for node "model.dwh.stg_categories"
[0m09:52:18.757094 [debug] [Thread-2 (]: Creating new relation stg_listings
[0m09:52:18.758293 [debug] [Thread-3 (]: Creating new relation stg_payments
[0m09:52:18.759059 [debug] [Thread-2 (]: Opening a new connection, currently in state init
[0m09:52:18.759531 [debug] [Thread-3 (]: Opening a new connection, currently in state init
[0m09:52:18.761533 [debug] [Thread-1 (]: dbt_clickhouse adapter: On model.dwh.stg_categories: /* {"app": "dbt", "dbt_version": "1.11.15", "profile_name": "dwh", "target_name": "dev", "node_id": "model.dwh.stg_categories"} */


  create or replace view `dwh`.`stg_categories` 
  
    
  
  
    
    
  as (
    

SELECT
    category_id,
    name,
    parent_id
FROM s3(
    'http://minio:9000/raw/mysql/categories/*.parquet',
    'Parquet',
    'category_id Int32, name String, parent_id Nullable(Int32)'
)
    
  )
      
      
                    -- end_of_sql
                    
                    ...
[0m09:52:18.762298 [debug] [Thread-4 (]: Writing runtime sql for node "model.dwh.stg_user_activity"
[0m09:52:18.762992 [debug] [Thread-4 (]: dbt_clickhouse adapter: On model.dwh.stg_user_activity: /* {"app": "dbt", "dbt_version": "1.11.15", "profile_name": "dwh", "target_name": "dev", "node_id": "model.dwh.stg_user_activity"} */


  create or replace view `dwh`.`stg_user_activity` 
  
    
  
  
    
    
  as (
    

SELECT
    event_id,
    user_id,
    event_type,
    platform,
    listing_id,
    session_id,
    ts
FROM s3(
    'http://minio:9000/raw/kafka/user_activity/*.parquet',
    'Parquet',
    'event_id String, user_id Int64, event_type String, platform String, listing_id Nullable(Int64), session_id String, ts DateTime64(3)'
)
    
  )
      
      
                    -- end_of_sql
                    
                    ...
[0m09:52:18.765250 [debug] [Thread-3 (]: Writing runtime sql for node "model.dwh.stg_payments"
[0m09:52:18.765774 [debug] [Thread-2 (]: Writing runtime sql for node "model.dwh.stg_listings"
[0m09:52:18.766323 [debug] [Thread-3 (]: dbt_clickhouse adapter: On model.dwh.stg_payments: /* {"app": "dbt", "dbt_version": "1.11.15", "profile_name": "dwh", "target_name": "dev", "node_id": "model.dwh.stg_payments"} */


  create or replace view `dwh`.`stg_payments` 
  
    
  
  
    
    
  as (
    

SELECT
    payment_id,
    user_id,
    listing_id,
    vas_type_id,
    amount,
    payment_type,
    status,
    payment_date
FROM s3(
    'http://minio:9000/raw/postgres/payments/*.parquet',
    'Parquet',
    'payment_id Int64, user_id Int64, listing_id Nullable(Int64), vas_type_id Nullable(Int32), amount Float64, payment_type String, status String, payment_date DateTime64(3)'
)
    
  )
      
      
                    -- end_of_sql
                    
                    ...
[0m09:52:18.766716 [debug] [Thread-2 (]: dbt_clickhouse adapter: On model.dwh.stg_listings: /* {"app": "dbt", "dbt_version": "1.11.15", "profile_name": "dwh", "target_name": "dev", "node_id": "model.dwh.stg_listings"} */


  create or replace view `dwh`.`stg_listings` 
  
    
  
  
    
    
  as (
    

SELECT
    listing_id,
    user_id,
    category_id,
    title,
    description,
    price,
    status,
    platform,
    created_at,
    activated_at,
    sold_at,
    deactivated_at,
    updated_at
FROM s3(
    'http://minio:9000/raw/postgres/listings/*.parquet',
    'Parquet',
    'listing_id Int64, user_id Int64, category_id Int32, title String, description Nullable(String), price Float64, status String, platform String, created_at DateTime64(3), activated_at Nullable(DateTime64(3)), sold_at Nullable(DateTime64(3)), deactivated_at Nullable(DateTime64(3)), updated_at DateTime64(3)'
)
    
  )
      
      
                    -- end_of_sql
                    
                    ...
[0m09:52:18.792536 [debug] [Thread-4 (]: dbt_clickhouse adapter: Error running SQL: /* {"app": "dbt", "dbt_version": "1.11.15", "profile_name": "dwh", "target_name": "dev", "node_id": "model.dwh.stg_user_activity"} */


  create or replace view `dwh`.`stg_user_activity` 
  
    
  
  
    
    
  as (
    

SELECT
    event_id,
    user_id,
    event_type,
    platform,
    listing_id,
    session_id,
    ts
FROM s3(
    'http://minio:9000/raw/kafka/user_activity/*.parquet',
    'Parquet',
    'event_id String, user_id Int64, event_type String, platform String, listing_id Nullable(Int64), session_id String, ts DateTime64(3)'
)
    
  )
      
      
                    -- end_of_sql
                    
                    
[0m09:52:18.792828 [debug] [Thread-2 (]: dbt_clickhouse adapter: Error running SQL: /* {"app": "dbt", "dbt_version": "1.11.15", "profile_name": "dwh", "target_name": "dev", "node_id": "model.dwh.stg_listings"} */


  create or replace view `dwh`.`stg_listings` 
  
    
  
  
    
    
  as (
    

SELECT
    listing_id,
    user_id,
    category_id,
    title,
    description,
    price,
    status,
    platform,
    created_at,
    activated_at,
    sold_at,
    deactivated_at,
    updated_at
FROM s3(
    'http://minio:9000/raw/postgres/listings/*.parquet',
    'Parquet',
    'listing_id Int64, user_id Int64, category_id Int32, title String, description Nullable(String), price Float64, status String, platform String, created_at DateTime64(3), activated_at Nullable(DateTime64(3)), sold_at Nullable(DateTime64(3)), deactivated_at Nullable(DateTime64(3)), updated_at DateTime64(3)'
)
    
  )
      
      
                    -- end_of_sql
                    
                    
[0m09:52:18.793055 [debug] [Thread-1 (]: dbt_clickhouse adapter: Error running SQL: /* {"app": "dbt", "dbt_version": "1.11.15", "profile_name": "dwh", "target_name": "dev", "node_id": "model.dwh.stg_categories"} */


  create or replace view `dwh`.`stg_categories` 
  
    
  
  
    
    
  as (
    

SELECT
    category_id,
    name,
    parent_id
FROM s3(
    'http://minio:9000/raw/mysql/categories/*.parquet',
    'Parquet',
    'category_id Int32, name String, parent_id Nullable(Int32)'
)
    
  )
      
      
                    -- end_of_sql
                    
                    
[0m09:52:18.793285 [debug] [Thread-3 (]: dbt_clickhouse adapter: Error running SQL: /* {"app": "dbt", "dbt_version": "1.11.15", "profile_name": "dwh", "target_name": "dev", "node_id": "model.dwh.stg_payments"} */


  create or replace view `dwh`.`stg_payments` 
  
    
  
  
    
    
  as (
    

SELECT
    payment_id,
    user_id,
    listing_id,
    vas_type_id,
    amount,
    payment_type,
    status,
    payment_date
FROM s3(
    'http://minio:9000/raw/postgres/payments/*.parquet',
    'Parquet',
    'payment_id Int64, user_id Int64, listing_id Nullable(Int64), vas_type_id Nullable(Int32), amount Float64, payment_type String, status String, payment_date DateTime64(3)'
)
    
  )
      
      
                    -- end_of_sql
                    
                    
[0m09:52:18.804966 [debug] [Thread-3 (]: Database Error in model stg_payments (models/staging/stg_payments.sql)
  Code: 497.
  DB::Exception: S3 access from user queries is not allowed to use the server's own credentials (environment variables, instance metadata, IRSA, instance profile, or AWS config files). Provide explicit credentials, use NOSIGN for public buckets, grant access through an IAM role passed as extra_credentials(role_arn = '...'), or enable the setting `s3_allow_server_credentials_in_user_queries`.. Stack trace:
  
  0. DB::Exception::Exception(DB::Exception::MessageMasked&&, int, bool) @ 0x00000000137733d0
  1. DB::Exception::Exception(String&&, int, String, bool) @ 0x000000000e3f9d18
  2. DB::Exception::Exception(PreformattedMessage&&, int) @ 0x000000000e3f958c
  3. DB::Exception::Exception<>(int, FormatStringHelperImpl<>) @ 0x0000000013771a14
  4. DB::S3::getCredentialsProvider(DB::S3::PocoHTTPClientConfiguration const&, Aws::Auth::AWSCredentials const&, DB::S3::CredentialsConfiguration const&) @ 0x0000000013be8a64
  5. DB::S3::ClientFactory::create(DB::S3::PocoHTTPClientConfiguration const&, DB::S3::ClientSettings, String const&, String const&, String const&, DB::S3::ServerSideEncryptionKMSConfig, std::vector<DB::HTTPHeaderEntry, std::allocator<DB::HTTPHeaderEntry>>, DB::S3::CredentialsConfiguration, String const&, std::shared_ptr<DB::S3::ClientCache> const&) @ 0x0000000013c12090
  6. DB::getClient(DB::S3::URI const&, DB::S3Settings const&, std::shared_ptr<DB::Context const>, bool, std::optional<String>, std::optional<std::function<std::shared_ptr<DataLake::IStorageCredentials> ()>>, bool, bool) @ 0x00000000167217b4
  7. DB::StorageS3Configuration::createObjectStorage(std::shared_ptr<DB::Context const>, bool, std::optional<std::function<std::shared_ptr<DataLake::IStorageCredentials> ()>>) @ 0x0000000016423230
  8. DB::TableFunctionObjectStorage<DB::S3Definition, DB::StorageS3Configuration, false>::getObjectStorage(std::shared_ptr<DB::Context const> const&, bool) const @ 0x000000001573e110
  9. DB::TableFunctionObjectStorage<DB::S3Definition, DB::StorageS3Configuration, false>::executeImpl(boost::intrusive_ptr<DB::IAST> const&, std::shared_ptr<DB::Context const>, String const&, DB::ColumnsDescription, bool) const @ 0x000000001573d93c
  10. DB::ITableFunction::execute(boost::intrusive_ptr<DB::IAST> const&, std::shared_ptr<DB::Context const>, String const&, DB::ColumnsDescription, bool, bool) const @ 0x000000001624008c
  11. DB::Context::executeTableFunction(boost::intrusive_ptr<DB::IAST> const&, std::shared_ptr<DB::ITableFunction> const&, std::shared_ptr<DB::Context const> const&) @ 0x0000000017aaeebc
  12. DB::QueryAnalyzer::resolveTableFunction(std::shared_ptr<DB::IQueryTreeNode>&, DB::IdentifierResolveScope&, DB::QueryExpressionsAliasVisitor&, bool) @ 0x00000000172f5e80
  13. DB::QueryAnalyzer::resolveQueryJoinTreeNode(std::shared_ptr<DB::IQueryTreeNode>&, DB::IdentifierResolveScope&, DB::QueryExpressionsAliasVisitor&) @ 0x0000000017314d90
  14. DB::QueryAnalyzer::resolveQuery(std::shared_ptr<DB::IQueryTreeNode> const&, DB::IdentifierResolveScope&) @ 0x00000000172e9a54
  15. DB::QueryAnalyzer::resolve(std::shared_ptr<DB::IQueryTreeNode>&, std::shared_ptr<DB::IQueryTreeNode> const&, std::shared_ptr<DB::Context const>) @ 0x00000000172e7960
  16. DB::QueryAnalysisPass::run(std::shared_ptr<DB::IQueryTreeNode>&, std::shared_ptr<DB::Context const>) @ 0x00000000172e6f30
  17. DB::QueryTreePassManager::run(std::shared_ptr<DB::IQueryTreeNode>&) @ 0x000000001733d224
  18. DB::buildQueryTreeAndRunPasses(boost::intrusive_ptr<DB::IAST> const&, DB::SelectQueryOptions const&, std::shared_ptr<DB::Context const> const&, std::shared_ptr<DB::IStorage> const&) @ 0x0000000017dd51d4
  19. DB::InterpreterSelectQueryAnalyzer::InterpreterSelectQueryAnalyzer(boost::intrusive_ptr<DB::IAST> const&, std::shared_ptr<DB::Context const> const&, DB::SelectQueryOptions const&, std::vector<String, std::allocator<String>> const&, DB::ActionsDAG const*) @ 0x0000000017dd2f10
  20. DB::InterpreterSelectQueryAnalyzer::getSampleBlock(boost::intrusive_ptr<DB::IAST> const&, std::shared_ptr<DB::Context const> const&, DB::SelectQueryOptions const&) @ 0x0000000017dd6228
  21. DB::InterpreterCreateQuery::getTablePropertiesAndNormalizeCreateQuery(DB::ASTCreateQuery&, DB::LoadingStrictnessLevel) @ 0x0000000017d32ed4
  22. DB::InterpreterCreateQuery::createTable(DB::ASTCreateQuery&) @ 0x0000000017d39948
  23. DB::InterpreterCreateQuery::execute() @ 0x0000000017d4e0f8
  24. DB::executeQueryImpl(char const*, char const*, std::shared_ptr<DB::Context>, DB::QueryFlags, DB::QueryProcessingStage::Enum, std::unique_ptr<DB::ReadBuffer, std::default_delete<DB::ReadBuffer>>&, boost::intrusive_ptr<DB::IAST>&, std::shared_ptr<DB::ImplicitTransactionControlExecutor>, std::function<void ()>, DB::QueryResultDetails&) @ 0x00000000181ae158
  25. DB::executeQuery(std::basic_string_view<char, std::char_traits<char>>, std::shared_ptr<DB::Context>, DB::QueryFlags, DB::QueryProcessingStage::Enum) @ 0x00000000181a9578
  26. DB::TCPHandler::runImpl() @ 0x00000000196ca2f8
  27. DB::TCPHandler::run() @ 0x00000000196e9748
  28. Poco::Net::TCPServerConnection::start() @ 0x000000001e86cad8
  29. Poco::Net::TCPServerDispatcher::run() @ 0x000000001e86d0e4
  30. Poco::PooledThread::run() @ 0x000000001e82c0f8
  31. Poco::ThreadImpl::runnableEntry(void*) @ 0x000000001e82a2f0
  compiled code at target/run/dwh/models/staging/stg_payments.sql
[0m09:52:18.805832 [debug] [Thread-2 (]: Database Error in model stg_listings (models/staging/stg_listings.sql)
  Code: 497.
  DB::Exception: S3 access from user queries is not allowed to use the server's own credentials (environment variables, instance metadata, IRSA, instance profile, or AWS config files). Provide explicit credentials, use NOSIGN for public buckets, grant access through an IAM role passed as extra_credentials(role_arn = '...'), or enable the setting `s3_allow_server_credentials_in_user_queries`.. Stack trace:
  
  0. DB::Exception::Exception(DB::Exception::MessageMasked&&, int, bool) @ 0x00000000137733d0
  1. DB::Exception::Exception(String&&, int, String, bool) @ 0x000000000e3f9d18
  2. DB::Exception::Exception(PreformattedMessage&&, int) @ 0x000000000e3f958c
  3. DB::Exception::Exception<>(int, FormatStringHelperImpl<>) @ 0x0000000013771a14
  4. DB::S3::getCredentialsProvider(DB::S3::PocoHTTPClientConfiguration const&, Aws::Auth::AWSCredentials const&, DB::S3::CredentialsConfiguration const&) @ 0x0000000013be8a64
  5. DB::S3::ClientFactory::create(DB::S3::PocoHTTPClientConfiguration const&, DB::S3::ClientSettings, String const&, String const&, String const&, DB::S3::ServerSideEncryptionKMSConfig, std::vector<DB::HTTPHeaderEntry, std::allocator<DB::HTTPHeaderEntry>>, DB::S3::CredentialsConfiguration, String const&, std::shared_ptr<DB::S3::ClientCache> const&) @ 0x0000000013c12090
  6. DB::getClient(DB::S3::URI const&, DB::S3Settings const&, std::shared_ptr<DB::Context const>, bool, std::optional<String>, std::optional<std::function<std::shared_ptr<DataLake::IStorageCredentials> ()>>, bool, bool) @ 0x00000000167217b4
  7. DB::StorageS3Configuration::createObjectStorage(std::shared_ptr<DB::Context const>, bool, std::optional<std::function<std::shared_ptr<DataLake::IStorageCredentials> ()>>) @ 0x0000000016423230
  8. DB::TableFunctionObjectStorage<DB::S3Definition, DB::StorageS3Configuration, false>::getObjectStorage(std::shared_ptr<DB::Context const> const&, bool) const @ 0x000000001573e110
  9. DB::TableFunctionObjectStorage<DB::S3Definition, DB::StorageS3Configuration, false>::executeImpl(boost::intrusive_ptr<DB::IAST> const&, std::shared_ptr<DB::Context const>, String const&, DB::ColumnsDescription, bool) const @ 0x000000001573d93c
  10. DB::ITableFunction::execute(boost::intrusive_ptr<DB::IAST> const&, std::shared_ptr<DB::Context const>, String const&, DB::ColumnsDescription, bool, bool) const @ 0x000000001624008c
  11. DB::Context::executeTableFunction(boost::intrusive_ptr<DB::IAST> const&, std::shared_ptr<DB::ITableFunction> const&, std::shared_ptr<DB::Context const> const&) @ 0x0000000017aaeebc
  12. DB::QueryAnalyzer::resolveTableFunction(std::shared_ptr<DB::IQueryTreeNode>&, DB::IdentifierResolveScope&, DB::QueryExpressionsAliasVisitor&, bool) @ 0x00000000172f5e80
  13. DB::QueryAnalyzer::resolveQueryJoinTreeNode(std::shared_ptr<DB::IQueryTreeNode>&, DB::IdentifierResolveScope&, DB::QueryExpressionsAliasVisitor&) @ 0x0000000017314d90
  14. DB::QueryAnalyzer::resolveQuery(std::shared_ptr<DB::IQueryTreeNode> const&, DB::IdentifierResolveScope&) @ 0x00000000172e9a54
  15. DB::QueryAnalyzer::resolve(std::shared_ptr<DB::IQueryTreeNode>&, std::shared_ptr<DB::IQueryTreeNode> const&, std::shared_ptr<DB::Context const>) @ 0x00000000172e7960
  16. DB::QueryAnalysisPass::run(std::shared_ptr<DB::IQueryTreeNode>&, std::shared_ptr<DB::Context const>) @ 0x00000000172e6f30
  17. DB::QueryTreePassManager::run(std::shared_ptr<DB::IQueryTreeNode>&) @ 0x000000001733d224
  18. DB::buildQueryTreeAndRunPasses(boost::intrusive_ptr<DB::IAST> const&, DB::SelectQueryOptions const&, std::shared_ptr<DB::Context const> const&, std::shared_ptr<DB::IStorage> const&) @ 0x0000000017dd51d4
  19. DB::InterpreterSelectQueryAnalyzer::InterpreterSelectQueryAnalyzer(boost::intrusive_ptr<DB::IAST> const&, std::shared_ptr<DB::Context const> const&, DB::SelectQueryOptions const&, std::vector<String, std::allocator<String>> const&, DB::ActionsDAG const*) @ 0x0000000017dd2f10
  20. DB::InterpreterSelectQueryAnalyzer::getSampleBlock(boost::intrusive_ptr<DB::IAST> const&, std::shared_ptr<DB::Context const> const&, DB::SelectQueryOptions const&) @ 0x0000000017dd6228
  21. DB::InterpreterCreateQuery::getTablePropertiesAndNormalizeCreateQuery(DB::ASTCreateQuery&, DB::LoadingStrictnessLevel) @ 0x0000000017d32ed4
  22. DB::InterpreterCreateQuery::createTable(DB::ASTCreateQuery&) @ 0x0000000017d39948
  23. DB::InterpreterCreateQuery::execute() @ 0x0000000017d4e0f8
  24. DB::executeQueryImpl(char const*, char const*, std::shared_ptr<DB::Context>, DB::QueryFlags, DB::QueryProcessingStage::Enum, std::unique_ptr<DB::ReadBuffer, std::default_delete<DB::ReadBuffer>>&, boost::intrusive_ptr<DB::IAST>&, std::shared_ptr<DB::ImplicitTransactionControlExecutor>, std::function<void ()>, DB::QueryResultDetails&) @ 0x00000000181ae158
  25. DB::executeQuery(std::basic_string_view<char, std::char_traits<char>>, std::shared_ptr<DB::Context>, DB::QueryFlags, DB::QueryProcessingStage::Enum) @ 0x00000000181a9578
  26. DB::TCPHandler::runImpl() @ 0x00000000196ca2f8
  27. DB::TCPHandler::run() @ 0x00000000196e9748
  28. Poco::Net::TCPServerConnection::start() @ 0x000000001e86cad8
  29. Poco::Net::TCPServerDispatcher::run() @ 0x000000001e86d0e4
  30. Poco::PooledThread::run() @ 0x000000001e82c0f8
  31. Poco::ThreadImpl::runnableEntry(void*) @ 0x000000001e82a2f0
  compiled code at target/run/dwh/models/staging/stg_listings.sql
[0m09:52:18.807429 [debug] [Thread-3 (]: Sending event: {'category': 'dbt', 'action': 'run_model', 'label': '14a02207-3e51-4871-9da3-ccd5a33e3c6f', 'context': [<snowplow_tracker.self_describing_json.SelfDescribingJson object at 0xffffb41d9d90>]}
[0m09:52:18.808085 [debug] [Thread-1 (]: Database Error in model stg_categories (models/staging/stg_categories.sql)
  Code: 497.
  DB::Exception: S3 access from user queries is not allowed to use the server's own credentials (environment variables, instance metadata, IRSA, instance profile, or AWS config files). Provide explicit credentials, use NOSIGN for public buckets, grant access through an IAM role passed as extra_credentials(role_arn = '...'), or enable the setting `s3_allow_server_credentials_in_user_queries`.. Stack trace:
  
  0. DB::Exception::Exception(DB::Exception::MessageMasked&&, int, bool) @ 0x00000000137733d0
  1. DB::Exception::Exception(String&&, int, String, bool) @ 0x000000000e3f9d18
  2. DB::Exception::Exception(PreformattedMessage&&, int) @ 0x000000000e3f958c
  3. DB::Exception::Exception<>(int, FormatStringHelperImpl<>) @ 0x0000000013771a14
  4. DB::S3::getCredentialsProvider(DB::S3::PocoHTTPClientConfiguration const&, Aws::Auth::AWSCredentials const&, DB::S3::CredentialsConfiguration const&) @ 0x0000000013be8a64
  5. DB::S3::ClientFactory::create(DB::S3::PocoHTTPClientConfiguration const&, DB::S3::ClientSettings, String const&, String const&, String const&, DB::S3::ServerSideEncryptionKMSConfig, std::vector<DB::HTTPHeaderEntry, std::allocator<DB::HTTPHeaderEntry>>, DB::S3::CredentialsConfiguration, String const&, std::shared_ptr<DB::S3::ClientCache> const&) @ 0x0000000013c12090
  6. DB::getClient(DB::S3::URI const&, DB::S3Settings const&, std::shared_ptr<DB::Context const>, bool, std::optional<String>, std::optional<std::function<std::shared_ptr<DataLake::IStorageCredentials> ()>>, bool, bool) @ 0x00000000167217b4
  7. DB::StorageS3Configuration::createObjectStorage(std::shared_ptr<DB::Context const>, bool, std::optional<std::function<std::shared_ptr<DataLake::IStorageCredentials> ()>>) @ 0x0000000016423230
  8. DB::TableFunctionObjectStorage<DB::S3Definition, DB::StorageS3Configuration, false>::getObjectStorage(std::shared_ptr<DB::Context const> const&, bool) const @ 0x000000001573e110
  9. DB::TableFunctionObjectStorage<DB::S3Definition, DB::StorageS3Configuration, false>::executeImpl(boost::intrusive_ptr<DB::IAST> const&, std::shared_ptr<DB::Context const>, String const&, DB::ColumnsDescription, bool) const @ 0x000000001573d93c
  10. DB::ITableFunction::execute(boost::intrusive_ptr<DB::IAST> const&, std::shared_ptr<DB::Context const>, String const&, DB::ColumnsDescription, bool, bool) const @ 0x000000001624008c
  11. DB::Context::executeTableFunction(boost::intrusive_ptr<DB::IAST> const&, std::shared_ptr<DB::ITableFunction> const&, std::shared_ptr<DB::Context const> const&) @ 0x0000000017aaeebc
  12. DB::QueryAnalyzer::resolveTableFunction(std::shared_ptr<DB::IQueryTreeNode>&, DB::IdentifierResolveScope&, DB::QueryExpressionsAliasVisitor&, bool) @ 0x00000000172f5e80
  13. DB::QueryAnalyzer::resolveQueryJoinTreeNode(std::shared_ptr<DB::IQueryTreeNode>&, DB::IdentifierResolveScope&, DB::QueryExpressionsAliasVisitor&) @ 0x0000000017314d90
  14. DB::QueryAnalyzer::resolveQuery(std::shared_ptr<DB::IQueryTreeNode> const&, DB::IdentifierResolveScope&) @ 0x00000000172e9a54
  15. DB::QueryAnalyzer::resolve(std::shared_ptr<DB::IQueryTreeNode>&, std::shared_ptr<DB::IQueryTreeNode> const&, std::shared_ptr<DB::Context const>) @ 0x00000000172e7960
  16. DB::QueryAnalysisPass::run(std::shared_ptr<DB::IQueryTreeNode>&, std::shared_ptr<DB::Context const>) @ 0x00000000172e6f30
  17. DB::QueryTreePassManager::run(std::shared_ptr<DB::IQueryTreeNode>&) @ 0x000000001733d224
  18. DB::buildQueryTreeAndRunPasses(boost::intrusive_ptr<DB::IAST> const&, DB::SelectQueryOptions const&, std::shared_ptr<DB::Context const> const&, std::shared_ptr<DB::IStorage> const&) @ 0x0000000017dd51d4
  19. DB::InterpreterSelectQueryAnalyzer::InterpreterSelectQueryAnalyzer(boost::intrusive_ptr<DB::IAST> const&, std::shared_ptr<DB::Context const> const&, DB::SelectQueryOptions const&, std::vector<String, std::allocator<String>> const&, DB::ActionsDAG const*) @ 0x0000000017dd2f10
  20. DB::InterpreterSelectQueryAnalyzer::getSampleBlock(boost::intrusive_ptr<DB::IAST> const&, std::shared_ptr<DB::Context const> const&, DB::SelectQueryOptions const&) @ 0x0000000017dd6228
  21. DB::InterpreterCreateQuery::getTablePropertiesAndNormalizeCreateQuery(DB::ASTCreateQuery&, DB::LoadingStrictnessLevel) @ 0x0000000017d32ed4
  22. DB::InterpreterCreateQuery::createTable(DB::ASTCreateQuery&) @ 0x0000000017d39948
  23. DB::InterpreterCreateQuery::execute() @ 0x0000000017d4e0f8
  24. DB::executeQueryImpl(char const*, char const*, std::shared_ptr<DB::Context>, DB::QueryFlags, DB::QueryProcessingStage::Enum, std::unique_ptr<DB::ReadBuffer, std::default_delete<DB::ReadBuffer>>&, boost::intrusive_ptr<DB::IAST>&, std::shared_ptr<DB::ImplicitTransactionControlExecutor>, std::function<void ()>, DB::QueryResultDetails&) @ 0x00000000181ae158
  25. DB::executeQuery(std::basic_string_view<char, std::char_traits<char>>, std::shared_ptr<DB::Context>, DB::QueryFlags, DB::QueryProcessingStage::Enum) @ 0x00000000181a9578
  26. DB::TCPHandler::runImpl() @ 0x00000000196ca2f8
  27. DB::TCPHandler::run() @ 0x00000000196e9748
  28. Poco::Net::TCPServerConnection::start() @ 0x000000001e86cad8
  29. Poco::Net::TCPServerDispatcher::run() @ 0x000000001e86d0e4
  30. Poco::PooledThread::run() @ 0x000000001e82c0f8
  31. Poco::ThreadImpl::runnableEntry(void*) @ 0x000000001e82a2f0
  compiled code at target/run/dwh/models/staging/stg_categories.sql
[0m09:52:18.809502 [debug] [Thread-4 (]: Database Error in model stg_user_activity (models/staging/stg_user_activity.sql)
  Code: 497.
  DB::Exception: S3 access from user queries is not allowed to use the server's own credentials (environment variables, instance metadata, IRSA, instance profile, or AWS config files). Provide explicit credentials, use NOSIGN for public buckets, grant access through an IAM role passed as extra_credentials(role_arn = '...'), or enable the setting `s3_allow_server_credentials_in_user_queries`.. Stack trace:
  
  0. DB::Exception::Exception(DB::Exception::MessageMasked&&, int, bool) @ 0x00000000137733d0
  1. DB::Exception::Exception(String&&, int, String, bool) @ 0x000000000e3f9d18
  2. DB::Exception::Exception(PreformattedMessage&&, int) @ 0x000000000e3f958c
  3. DB::Exception::Exception<>(int, FormatStringHelperImpl<>) @ 0x0000000013771a14
  4. DB::S3::getCredentialsProvider(DB::S3::PocoHTTPClientConfiguration const&, Aws::Auth::AWSCredentials const&, DB::S3::CredentialsConfiguration const&) @ 0x0000000013be8a64
  5. DB::S3::ClientFactory::create(DB::S3::PocoHTTPClientConfiguration const&, DB::S3::ClientSettings, String const&, String const&, String const&, DB::S3::ServerSideEncryptionKMSConfig, std::vector<DB::HTTPHeaderEntry, std::allocator<DB::HTTPHeaderEntry>>, DB::S3::CredentialsConfiguration, String const&, std::shared_ptr<DB::S3::ClientCache> const&) @ 0x0000000013c12090
  6. DB::getClient(DB::S3::URI const&, DB::S3Settings const&, std::shared_ptr<DB::Context const>, bool, std::optional<String>, std::optional<std::function<std::shared_ptr<DataLake::IStorageCredentials> ()>>, bool, bool) @ 0x00000000167217b4
  7. DB::StorageS3Configuration::createObjectStorage(std::shared_ptr<DB::Context const>, bool, std::optional<std::function<std::shared_ptr<DataLake::IStorageCredentials> ()>>) @ 0x0000000016423230
  8. DB::TableFunctionObjectStorage<DB::S3Definition, DB::StorageS3Configuration, false>::getObjectStorage(std::shared_ptr<DB::Context const> const&, bool) const @ 0x000000001573e110
  9. DB::TableFunctionObjectStorage<DB::S3Definition, DB::StorageS3Configuration, false>::executeImpl(boost::intrusive_ptr<DB::IAST> const&, std::shared_ptr<DB::Context const>, String const&, DB::ColumnsDescription, bool) const @ 0x000000001573d93c
  10. DB::ITableFunction::execute(boost::intrusive_ptr<DB::IAST> const&, std::shared_ptr<DB::Context const>, String const&, DB::ColumnsDescription, bool, bool) const @ 0x000000001624008c
  11. DB::Context::executeTableFunction(boost::intrusive_ptr<DB::IAST> const&, std::shared_ptr<DB::ITableFunction> const&, std::shared_ptr<DB::Context const> const&) @ 0x0000000017aaeebc
  12. DB::QueryAnalyzer::resolveTableFunction(std::shared_ptr<DB::IQueryTreeNode>&, DB::IdentifierResolveScope&, DB::QueryExpressionsAliasVisitor&, bool) @ 0x00000000172f5e80
  13. DB::QueryAnalyzer::resolveQueryJoinTreeNode(std::shared_ptr<DB::IQueryTreeNode>&, DB::IdentifierResolveScope&, DB::QueryExpressionsAliasVisitor&) @ 0x0000000017314d90
  14. DB::QueryAnalyzer::resolveQuery(std::shared_ptr<DB::IQueryTreeNode> const&, DB::IdentifierResolveScope&) @ 0x00000000172e9a54
  15. DB::QueryAnalyzer::resolve(std::shared_ptr<DB::IQueryTreeNode>&, std::shared_ptr<DB::IQueryTreeNode> const&, std::shared_ptr<DB::Context const>) @ 0x00000000172e7960
  16. DB::QueryAnalysisPass::run(std::shared_ptr<DB::IQueryTreeNode>&, std::shared_ptr<DB::Context const>) @ 0x00000000172e6f30
  17. DB::QueryTreePassManager::run(std::shared_ptr<DB::IQueryTreeNode>&) @ 0x000000001733d224
  18. DB::buildQueryTreeAndRunPasses(boost::intrusive_ptr<DB::IAST> const&, DB::SelectQueryOptions const&, std::shared_ptr<DB::Context const> const&, std::shared_ptr<DB::IStorage> const&) @ 0x0000000017dd51d4
  19. DB::InterpreterSelectQueryAnalyzer::InterpreterSelectQueryAnalyzer(boost::intrusive_ptr<DB::IAST> const&, std::shared_ptr<DB::Context const> const&, DB::SelectQueryOptions const&, std::vector<String, std::allocator<String>> const&, DB::ActionsDAG const*) @ 0x0000000017dd2f10
  20. DB::InterpreterSelectQueryAnalyzer::getSampleBlock(boost::intrusive_ptr<DB::IAST> const&, std::shared_ptr<DB::Context const> const&, DB::SelectQueryOptions const&) @ 0x0000000017dd6228
  21. DB::InterpreterCreateQuery::getTablePropertiesAndNormalizeCreateQuery(DB::ASTCreateQuery&, DB::LoadingStrictnessLevel) @ 0x0000000017d32ed4
  22. DB::InterpreterCreateQuery::createTable(DB::ASTCreateQuery&) @ 0x0000000017d39948
  23. DB::InterpreterCreateQuery::execute() @ 0x0000000017d4e0f8
  24. DB::executeQueryImpl(char const*, char const*, std::shared_ptr<DB::Context>, DB::QueryFlags, DB::QueryProcessingStage::Enum, std::unique_ptr<DB::ReadBuffer, std::default_delete<DB::ReadBuffer>>&, boost::intrusive_ptr<DB::IAST>&, std::shared_ptr<DB::ImplicitTransactionControlExecutor>, std::function<void ()>, DB::QueryResultDetails&) @ 0x00000000181ae158
  25. DB::executeQuery(std::basic_string_view<char, std::char_traits<char>>, std::shared_ptr<DB::Context>, DB::QueryFlags, DB::QueryProcessingStage::Enum) @ 0x00000000181a9578
  26. DB::TCPHandler::runImpl() @ 0x00000000196ca2f8
  27. DB::TCPHandler::run() @ 0x00000000196e9748
  28. Poco::Net::TCPServerConnection::start() @ 0x000000001e86cad8
  29. Poco::Net::TCPServerDispatcher::run() @ 0x000000001e86d0e4
  30. Poco::PooledThread::run() @ 0x000000001e82c0f8
  31. Poco::ThreadImpl::runnableEntry(void*) @ 0x000000001e82a2f0
  compiled code at target/run/dwh/models/staging/stg_user_activity.sql
[0m09:52:18.809804 [debug] [Thread-2 (]: Sending event: {'category': 'dbt', 'action': 'run_model', 'label': '14a02207-3e51-4871-9da3-ccd5a33e3c6f', 'context': [<snowplow_tracker.self_describing_json.SelfDescribingJson object at 0xffffb7a9ef10>]}
[0m09:52:18.810180 [error] [Thread-3 (]: 3 of 16 ERROR creating sql view model `dwh`.`stg_payments` ..................... [[31mERROR[0m in 0.08s]
[0m09:52:18.810460 [debug] [Thread-1 (]: Sending event: {'category': 'dbt', 'action': 'run_model', 'label': '14a02207-3e51-4871-9da3-ccd5a33e3c6f', 'context': [<snowplow_tracker.self_describing_json.SelfDescribingJson object at 0xffffb8f8adf0>]}
[0m09:52:18.810698 [debug] [Thread-4 (]: Sending event: {'category': 'dbt', 'action': 'run_model', 'label': '14a02207-3e51-4871-9da3-ccd5a33e3c6f', 'context': [<snowplow_tracker.self_describing_json.SelfDescribingJson object at 0xffff83eac9b0>]}
[0m09:52:18.811076 [error] [Thread-2 (]: 2 of 16 ERROR creating sql view model `dwh`.`stg_listings` ..................... [[31mERROR[0m in 0.08s]
[0m09:52:18.811496 [debug] [Thread-3 (]: Finished running node model.dwh.stg_payments
[0m09:52:18.811803 [error] [Thread-1 (]: 1 of 16 ERROR creating sql view model `dwh`.`stg_categories` ................... [[31mERROR[0m in 0.08s]
[0m09:52:18.812238 [error] [Thread-4 (]: 4 of 16 ERROR creating sql view model `dwh`.`stg_user_activity` ................ [[31mERROR[0m in 0.08s]
[0m09:52:18.812670 [debug] [Thread-2 (]: Finished running node model.dwh.stg_listings
[0m09:52:18.812935 [debug] [Thread-3 (]: Began running node model.dwh.stg_users
[0m09:52:18.813279 [debug] [Thread-7 (]: Marking all children of 'model.dwh.stg_payments' to be skipped because of status 'error'.  Reason: Database Error in model stg_payments (models/staging/stg_payments.sql)
  Code: 497.
  DB::Exception: S3 access from user queries is not allowed to use the server's own credentials (environment variables, instance metadata, IRSA, instance profile, or AWS config files). Provide explicit credentials, use NOSIGN for public buckets, grant access through an IAM role passed as extra_credentials(role_arn = '...'), or enable the setting `s3_allow_server_credentials_in_user_queries`.. Stack trace:
  
  0. DB::Exception::Exception(DB::Exception::MessageMasked&&, int, bool) @ 0x00000000137733d0
  1. DB::Exception::Exception(String&&, int, String, bool) @ 0x000000000e3f9d18
  2. DB::Exception::Exception(PreformattedMessage&&, int) @ 0x000000000e3f958c
  3. DB::Exception::Exception<>(int, FormatStringHelperImpl<>) @ 0x0000000013771a14
  4. DB::S3::getCredentialsProvider(DB::S3::PocoHTTPClientConfiguration const&, Aws::Auth::AWSCredentials const&, DB::S3::CredentialsConfiguration const&) @ 0x0000000013be8a64
  5. DB::S3::ClientFactory::create(DB::S3::PocoHTTPClientConfiguration const&, DB::S3::ClientSettings, String const&, String const&, String const&, DB::S3::ServerSideEncryptionKMSConfig, std::vector<DB::HTTPHeaderEntry, std::allocator<DB::HTTPHeaderEntry>>, DB::S3::CredentialsConfiguration, String const&, std::shared_ptr<DB::S3::ClientCache> const&) @ 0x0000000013c12090
  6. DB::getClient(DB::S3::URI const&, DB::S3Settings const&, std::shared_ptr<DB::Context const>, bool, std::optional<String>, std::optional<std::function<std::shared_ptr<DataLake::IStorageCredentials> ()>>, bool, bool) @ 0x00000000167217b4
  7. DB::StorageS3Configuration::createObjectStorage(std::shared_ptr<DB::Context const>, bool, std::optional<std::function<std::shared_ptr<DataLake::IStorageCredentials> ()>>) @ 0x0000000016423230
  8. DB::TableFunctionObjectStorage<DB::S3Definition, DB::StorageS3Configuration, false>::getObjectStorage(std::shared_ptr<DB::Context const> const&, bool) const @ 0x000000001573e110
  9. DB::TableFunctionObjectStorage<DB::S3Definition, DB::StorageS3Configuration, false>::executeImpl(boost::intrusive_ptr<DB::IAST> const&, std::shared_ptr<DB::Context const>, String const&, DB::ColumnsDescription, bool) const @ 0x000000001573d93c
  10. DB::ITableFunction::execute(boost::intrusive_ptr<DB::IAST> const&, std::shared_ptr<DB::Context const>, String const&, DB::ColumnsDescription, bool, bool) const @ 0x000000001624008c
  11. DB::Context::executeTableFunction(boost::intrusive_ptr<DB::IAST> const&, std::shared_ptr<DB::ITableFunction> const&, std::shared_ptr<DB::Context const> const&) @ 0x0000000017aaeebc
  12. DB::QueryAnalyzer::resolveTableFunction(std::shared_ptr<DB::IQueryTreeNode>&, DB::IdentifierResolveScope&, DB::QueryExpressionsAliasVisitor&, bool) @ 0x00000000172f5e80
  13. DB::QueryAnalyzer::resolveQueryJoinTreeNode(std::shared_ptr<DB::IQueryTreeNode>&, DB::IdentifierResolveScope&, DB::QueryExpressionsAliasVisitor&) @ 0x0000000017314d90
  14. DB::QueryAnalyzer::resolveQuery(std::shared_ptr<DB::IQueryTreeNode> const&, DB::IdentifierResolveScope&) @ 0x00000000172e9a54
  15. DB::QueryAnalyzer::resolve(std::shared_ptr<DB::IQueryTreeNode>&, std::shared_ptr<DB::IQueryTreeNode> const&, std::shared_ptr<DB::Context const>) @ 0x00000000172e7960
  16. DB::QueryAnalysisPass::run(std::shared_ptr<DB::IQueryTreeNode>&, std::shared_ptr<DB::Context const>) @ 0x00000000172e6f30
  17. DB::QueryTreePassManager::run(std::shared_ptr<DB::IQueryTreeNode>&) @ 0x000000001733d224
  18. DB::buildQueryTreeAndRunPasses(boost::intrusive_ptr<DB::IAST> const&, DB::SelectQueryOptions const&, std::shared_ptr<DB::Context const> const&, std::shared_ptr<DB::IStorage> const&) @ 0x0000000017dd51d4
  19. DB::InterpreterSelectQueryAnalyzer::InterpreterSelectQueryAnalyzer(boost::intrusive_ptr<DB::IAST> const&, std::shared_ptr<DB::Context const> const&, DB::SelectQueryOptions const&, std::vector<String, std::allocator<String>> const&, DB::ActionsDAG const*) @ 0x0000000017dd2f10
  20. DB::InterpreterSelectQueryAnalyzer::getSampleBlock(boost::intrusive_ptr<DB::IAST> const&, std::shared_ptr<DB::Context const> const&, DB::SelectQueryOptions const&) @ 0x0000000017dd6228
  21. DB::InterpreterCreateQuery::getTablePropertiesAndNormalizeCreateQuery(DB::ASTCreateQuery&, DB::LoadingStrictnessLevel) @ 0x0000000017d32ed4
  22. DB::InterpreterCreateQuery::createTable(DB::ASTCreateQuery&) @ 0x0000000017d39948
  23. DB::InterpreterCreateQuery::execute() @ 0x0000000017d4e0f8
  24. DB::executeQueryImpl(char const*, char const*, std::shared_ptr<DB::Context>, DB::QueryFlags, DB::QueryProcessingStage::Enum, std::unique_ptr<DB::ReadBuffer, std::default_delete<DB::ReadBuffer>>&, boost::intrusive_ptr<DB::IAST>&, std::shared_ptr<DB::ImplicitTransactionControlExecutor>, std::function<void ()>, DB::QueryResultDetails&) @ 0x00000000181ae158
  25. DB::executeQuery(std::basic_string_view<char, std::char_traits<char>>, std::shared_ptr<DB::Context>, DB::QueryFlags, DB::QueryProcessingStage::Enum) @ 0x00000000181a9578
  26. DB::TCPHandler::runImpl() @ 0x00000000196ca2f8
  27. DB::TCPHandler::run() @ 0x00000000196e9748
  28. Poco::Net::TCPServerConnection::start() @ 0x000000001e86cad8
  29. Poco::Net::TCPServerDispatcher::run() @ 0x000000001e86d0e4
  30. Poco::PooledThread::run() @ 0x000000001e82c0f8
  31. Poco::ThreadImpl::runnableEntry(void*) @ 0x000000001e82a2f0
  compiled code at target/run/dwh/models/staging/stg_payments.sql.
[0m09:52:18.813704 [debug] [Thread-1 (]: Finished running node model.dwh.stg_categories
[0m09:52:18.814094 [debug] [Thread-4 (]: Finished running node model.dwh.stg_user_activity
[0m09:52:18.814337 [debug] [Thread-2 (]: Began running node model.dwh.stg_vas_types
[0m09:52:18.814601 [info ] [Thread-3 (]: 5 of 16 START sql view model `dwh`.`stg_users` ................................. [RUN]
[0m09:52:18.815376 [debug] [Thread-7 (]: Marking all children of 'model.dwh.stg_listings' to be skipped because of status 'error'.  Reason: Database Error in model stg_listings (models/staging/stg_listings.sql)
  Code: 497.
  DB::Exception: S3 access from user queries is not allowed to use the server's own credentials (environment variables, instance metadata, IRSA, instance profile, or AWS config files). Provide explicit credentials, use NOSIGN for public buckets, grant access through an IAM role passed as extra_credentials(role_arn = '...'), or enable the setting `s3_allow_server_credentials_in_user_queries`.. Stack trace:
  
  0. DB::Exception::Exception(DB::Exception::MessageMasked&&, int, bool) @ 0x00000000137733d0
  1. DB::Exception::Exception(String&&, int, String, bool) @ 0x000000000e3f9d18
  2. DB::Exception::Exception(PreformattedMessage&&, int) @ 0x000000000e3f958c
  3. DB::Exception::Exception<>(int, FormatStringHelperImpl<>) @ 0x0000000013771a14
  4. DB::S3::getCredentialsProvider(DB::S3::PocoHTTPClientConfiguration const&, Aws::Auth::AWSCredentials const&, DB::S3::CredentialsConfiguration const&) @ 0x0000000013be8a64
  5. DB::S3::ClientFactory::create(DB::S3::PocoHTTPClientConfiguration const&, DB::S3::ClientSettings, String const&, String const&, String const&, DB::S3::ServerSideEncryptionKMSConfig, std::vector<DB::HTTPHeaderEntry, std::allocator<DB::HTTPHeaderEntry>>, DB::S3::CredentialsConfiguration, String const&, std::shared_ptr<DB::S3::ClientCache> const&) @ 0x0000000013c12090
  6. DB::getClient(DB::S3::URI const&, DB::S3Settings const&, std::shared_ptr<DB::Context const>, bool, std::optional<String>, std::optional<std::function<std::shared_ptr<DataLake::IStorageCredentials> ()>>, bool, bool) @ 0x00000000167217b4
  7. DB::StorageS3Configuration::createObjectStorage(std::shared_ptr<DB::Context const>, bool, std::optional<std::function<std::shared_ptr<DataLake::IStorageCredentials> ()>>) @ 0x0000000016423230
  8. DB::TableFunctionObjectStorage<DB::S3Definition, DB::StorageS3Configuration, false>::getObjectStorage(std::shared_ptr<DB::Context const> const&, bool) const @ 0x000000001573e110
  9. DB::TableFunctionObjectStorage<DB::S3Definition, DB::StorageS3Configuration, false>::executeImpl(boost::intrusive_ptr<DB::IAST> const&, std::shared_ptr<DB::Context const>, String const&, DB::ColumnsDescription, bool) const @ 0x000000001573d93c
  10. DB::ITableFunction::execute(boost::intrusive_ptr<DB::IAST> const&, std::shared_ptr<DB::Context const>, String const&, DB::ColumnsDescription, bool, bool) const @ 0x000000001624008c
  11. DB::Context::executeTableFunction(boost::intrusive_ptr<DB::IAST> const&, std::shared_ptr<DB::ITableFunction> const&, std::shared_ptr<DB::Context const> const&) @ 0x0000000017aaeebc
  12. DB::QueryAnalyzer::resolveTableFunction(std::shared_ptr<DB::IQueryTreeNode>&, DB::IdentifierResolveScope&, DB::QueryExpressionsAliasVisitor&, bool) @ 0x00000000172f5e80
  13. DB::QueryAnalyzer::resolveQueryJoinTreeNode(std::shared_ptr<DB::IQueryTreeNode>&, DB::IdentifierResolveScope&, DB::QueryExpressionsAliasVisitor&) @ 0x0000000017314d90
  14. DB::QueryAnalyzer::resolveQuery(std::shared_ptr<DB::IQueryTreeNode> const&, DB::IdentifierResolveScope&) @ 0x00000000172e9a54
  15. DB::QueryAnalyzer::resolve(std::shared_ptr<DB::IQueryTreeNode>&, std::shared_ptr<DB::IQueryTreeNode> const&, std::shared_ptr<DB::Context const>) @ 0x00000000172e7960
  16. DB::QueryAnalysisPass::run(std::shared_ptr<DB::IQueryTreeNode>&, std::shared_ptr<DB::Context const>) @ 0x00000000172e6f30
  17. DB::QueryTreePassManager::run(std::shared_ptr<DB::IQueryTreeNode>&) @ 0x000000001733d224
  18. DB::buildQueryTreeAndRunPasses(boost::intrusive_ptr<DB::IAST> const&, DB::SelectQueryOptions const&, std::shared_ptr<DB::Context const> const&, std::shared_ptr<DB::IStorage> const&) @ 0x0000000017dd51d4
  19. DB::InterpreterSelectQueryAnalyzer::InterpreterSelectQueryAnalyzer(boost::intrusive_ptr<DB::IAST> const&, std::shared_ptr<DB::Context const> const&, DB::SelectQueryOptions const&, std::vector<String, std::allocator<String>> const&, DB::ActionsDAG const*) @ 0x0000000017dd2f10
  20. DB::InterpreterSelectQueryAnalyzer::getSampleBlock(boost::intrusive_ptr<DB::IAST> const&, std::shared_ptr<DB::Context const> const&, DB::SelectQueryOptions const&) @ 0x0000000017dd6228
  21. DB::InterpreterCreateQuery::getTablePropertiesAndNormalizeCreateQuery(DB::ASTCreateQuery&, DB::LoadingStrictnessLevel) @ 0x0000000017d32ed4
  22. DB::InterpreterCreateQuery::createTable(DB::ASTCreateQuery&) @ 0x0000000017d39948
  23. DB::InterpreterCreateQuery::execute() @ 0x0000000017d4e0f8
  24. DB::executeQueryImpl(char const*, char const*, std::shared_ptr<DB::Context>, DB::QueryFlags, DB::QueryProcessingStage::Enum, std::unique_ptr<DB::ReadBuffer, std::default_delete<DB::ReadBuffer>>&, boost::intrusive_ptr<DB::IAST>&, std::shared_ptr<DB::ImplicitTransactionControlExecutor>, std::function<void ()>, DB::QueryResultDetails&) @ 0x00000000181ae158
  25. DB::executeQuery(std::basic_string_view<char, std::char_traits<char>>, std::shared_ptr<DB::Context>, DB::QueryFlags, DB::QueryProcessingStage::Enum) @ 0x00000000181a9578
  26. DB::TCPHandler::runImpl() @ 0x00000000196ca2f8
  27. DB::TCPHandler::run() @ 0x00000000196e9748
  28. Poco::Net::TCPServerConnection::start() @ 0x000000001e86cad8
  29. Poco::Net::TCPServerDispatcher::run() @ 0x000000001e86d0e4
  30. Poco::PooledThread::run() @ 0x000000001e82c0f8
  31. Poco::ThreadImpl::runnableEntry(void*) @ 0x000000001e82a2f0
  compiled code at target/run/dwh/models/staging/stg_listings.sql.
[0m09:52:18.815729 [debug] [Thread-1 (]: Began running node model.dwh.int_payments_success
[0m09:52:18.816089 [info ] [Thread-2 (]: 6 of 16 START sql view model `dwh`.`stg_vas_types` ............................. [RUN]
[0m09:52:18.816375 [debug] [Thread-3 (]: Re-using an available connection from the pool (formerly model.dwh.stg_payments, now model.dwh.stg_users)
[0m09:52:18.816774 [debug] [Thread-7 (]: Marking all children of 'model.dwh.stg_categories' to be skipped because of status 'error'.  Reason: Database Error in model stg_categories (models/staging/stg_categories.sql)
  Code: 497.
  DB::Exception: S3 access from user queries is not allowed to use the server's own credentials (environment variables, instance metadata, IRSA, instance profile, or AWS config files). Provide explicit credentials, use NOSIGN for public buckets, grant access through an IAM role passed as extra_credentials(role_arn = '...'), or enable the setting `s3_allow_server_credentials_in_user_queries`.. Stack trace:
  
  0. DB::Exception::Exception(DB::Exception::MessageMasked&&, int, bool) @ 0x00000000137733d0
  1. DB::Exception::Exception(String&&, int, String, bool) @ 0x000000000e3f9d18
  2. DB::Exception::Exception(PreformattedMessage&&, int) @ 0x000000000e3f958c
  3. DB::Exception::Exception<>(int, FormatStringHelperImpl<>) @ 0x0000000013771a14
  4. DB::S3::getCredentialsProvider(DB::S3::PocoHTTPClientConfiguration const&, Aws::Auth::AWSCredentials const&, DB::S3::CredentialsConfiguration const&) @ 0x0000000013be8a64
  5. DB::S3::ClientFactory::create(DB::S3::PocoHTTPClientConfiguration const&, DB::S3::ClientSettings, String const&, String const&, String const&, DB::S3::ServerSideEncryptionKMSConfig, std::vector<DB::HTTPHeaderEntry, std::allocator<DB::HTTPHeaderEntry>>, DB::S3::CredentialsConfiguration, String const&, std::shared_ptr<DB::S3::ClientCache> const&) @ 0x0000000013c12090
  6. DB::getClient(DB::S3::URI const&, DB::S3Settings const&, std::shared_ptr<DB::Context const>, bool, std::optional<String>, std::optional<std::function<std::shared_ptr<DataLake::IStorageCredentials> ()>>, bool, bool) @ 0x00000000167217b4
  7. DB::StorageS3Configuration::createObjectStorage(std::shared_ptr<DB::Context const>, bool, std::optional<std::function<std::shared_ptr<DataLake::IStorageCredentials> ()>>) @ 0x0000000016423230
  8. DB::TableFunctionObjectStorage<DB::S3Definition, DB::StorageS3Configuration, false>::getObjectStorage(std::shared_ptr<DB::Context const> const&, bool) const @ 0x000000001573e110
  9. DB::TableFunctionObjectStorage<DB::S3Definition, DB::StorageS3Configuration, false>::executeImpl(boost::intrusive_ptr<DB::IAST> const&, std::shared_ptr<DB::Context const>, String const&, DB::ColumnsDescription, bool) const @ 0x000000001573d93c
  10. DB::ITableFunction::execute(boost::intrusive_ptr<DB::IAST> const&, std::shared_ptr<DB::Context const>, String const&, DB::ColumnsDescription, bool, bool) const @ 0x000000001624008c
  11. DB::Context::executeTableFunction(boost::intrusive_ptr<DB::IAST> const&, std::shared_ptr<DB::ITableFunction> const&, std::shared_ptr<DB::Context const> const&) @ 0x0000000017aaeebc
  12. DB::QueryAnalyzer::resolveTableFunction(std::shared_ptr<DB::IQueryTreeNode>&, DB::IdentifierResolveScope&, DB::QueryExpressionsAliasVisitor&, bool) @ 0x00000000172f5e80
  13. DB::QueryAnalyzer::resolveQueryJoinTreeNode(std::shared_ptr<DB::IQueryTreeNode>&, DB::IdentifierResolveScope&, DB::QueryExpressionsAliasVisitor&) @ 0x0000000017314d90
  14. DB::QueryAnalyzer::resolveQuery(std::shared_ptr<DB::IQueryTreeNode> const&, DB::IdentifierResolveScope&) @ 0x00000000172e9a54
  15. DB::QueryAnalyzer::resolve(std::shared_ptr<DB::IQueryTreeNode>&, std::shared_ptr<DB::IQueryTreeNode> const&, std::shared_ptr<DB::Context const>) @ 0x00000000172e7960
  16. DB::QueryAnalysisPass::run(std::shared_ptr<DB::IQueryTreeNode>&, std::shared_ptr<DB::Context const>) @ 0x00000000172e6f30
  17. DB::QueryTreePassManager::run(std::shared_ptr<DB::IQueryTreeNode>&) @ 0x000000001733d224
  18. DB::buildQueryTreeAndRunPasses(boost::intrusive_ptr<DB::IAST> const&, DB::SelectQueryOptions const&, std::shared_ptr<DB::Context const> const&, std::shared_ptr<DB::IStorage> const&) @ 0x0000000017dd51d4
  19. DB::InterpreterSelectQueryAnalyzer::InterpreterSelectQueryAnalyzer(boost::intrusive_ptr<DB::IAST> const&, std::shared_ptr<DB::Context const> const&, DB::SelectQueryOptions const&, std::vector<String, std::allocator<String>> const&, DB::ActionsDAG const*) @ 0x0000000017dd2f10
  20. DB::InterpreterSelectQueryAnalyzer::getSampleBlock(boost::intrusive_ptr<DB::IAST> const&, std::shared_ptr<DB::Context const> const&, DB::SelectQueryOptions const&) @ 0x0000000017dd6228
  21. DB::InterpreterCreateQuery::getTablePropertiesAndNormalizeCreateQuery(DB::ASTCreateQuery&, DB::LoadingStrictnessLevel) @ 0x0000000017d32ed4
  22. DB::InterpreterCreateQuery::createTable(DB::ASTCreateQuery&) @ 0x0000000017d39948
  23. DB::InterpreterCreateQuery::execute() @ 0x0000000017d4e0f8
  24. DB::executeQueryImpl(char const*, char const*, std::shared_ptr<DB::Context>, DB::QueryFlags, DB::QueryProcessingStage::Enum, std::unique_ptr<DB::ReadBuffer, std::default_delete<DB::ReadBuffer>>&, boost::intrusive_ptr<DB::IAST>&, std::shared_ptr<DB::ImplicitTransactionControlExecutor>, std::function<void ()>, DB::QueryResultDetails&) @ 0x00000000181ae158
  25. DB::executeQuery(std::basic_string_view<char, std::char_traits<char>>, std::shared_ptr<DB::Context>, DB::QueryFlags, DB::QueryProcessingStage::Enum) @ 0x00000000181a9578
  26. DB::TCPHandler::runImpl() @ 0x00000000196ca2f8
  27. DB::TCPHandler::run() @ 0x00000000196e9748
  28. Poco::Net::TCPServerConnection::start() @ 0x000000001e86cad8
  29. Poco::Net::TCPServerDispatcher::run() @ 0x000000001e86d0e4
  30. Poco::PooledThread::run() @ 0x000000001e82c0f8
  31. Poco::ThreadImpl::runnableEntry(void*) @ 0x000000001e82a2f0
  compiled code at target/run/dwh/models/staging/stg_categories.sql.
[0m09:52:18.817098 [info ] [Thread-1 (]: 7 of 16 SKIP relation dwh.int_payments_success ................................. [[33mSKIP[0m]
[0m09:52:18.817434 [debug] [Thread-2 (]: Re-using an available connection from the pool (formerly model.dwh.stg_listings, now model.dwh.stg_vas_types)
[0m09:52:18.817649 [debug] [Thread-3 (]: Began compiling node model.dwh.stg_users
[0m09:52:18.818078 [debug] [Thread-7 (]: Marking all children of 'model.dwh.stg_user_activity' to be skipped because of status 'error'.  Reason: Database Error in model stg_user_activity (models/staging/stg_user_activity.sql)
  Code: 497.
  DB::Exception: S3 access from user queries is not allowed to use the server's own credentials (environment variables, instance metadata, IRSA, instance profile, or AWS config files). Provide explicit credentials, use NOSIGN for public buckets, grant access through an IAM role passed as extra_credentials(role_arn = '...'), or enable the setting `s3_allow_server_credentials_in_user_queries`.. Stack trace:
  
  0. DB::Exception::Exception(DB::Exception::MessageMasked&&, int, bool) @ 0x00000000137733d0
  1. DB::Exception::Exception(String&&, int, String, bool) @ 0x000000000e3f9d18
  2. DB::Exception::Exception(PreformattedMessage&&, int) @ 0x000000000e3f958c
  3. DB::Exception::Exception<>(int, FormatStringHelperImpl<>) @ 0x0000000013771a14
  4. DB::S3::getCredentialsProvider(DB::S3::PocoHTTPClientConfiguration const&, Aws::Auth::AWSCredentials const&, DB::S3::CredentialsConfiguration const&) @ 0x0000000013be8a64
  5. DB::S3::ClientFactory::create(DB::S3::PocoHTTPClientConfiguration const&, DB::S3::ClientSettings, String const&, String const&, String const&, DB::S3::ServerSideEncryptionKMSConfig, std::vector<DB::HTTPHeaderEntry, std::allocator<DB::HTTPHeaderEntry>>, DB::S3::CredentialsConfiguration, String const&, std::shared_ptr<DB::S3::ClientCache> const&) @ 0x0000000013c12090
  6. DB::getClient(DB::S3::URI const&, DB::S3Settings const&, std::shared_ptr<DB::Context const>, bool, std::optional<String>, std::optional<std::function<std::shared_ptr<DataLake::IStorageCredentials> ()>>, bool, bool) @ 0x00000000167217b4
  7. DB::StorageS3Configuration::createObjectStorage(std::shared_ptr<DB::Context const>, bool, std::optional<std::function<std::shared_ptr<DataLake::IStorageCredentials> ()>>) @ 0x0000000016423230
  8. DB::TableFunctionObjectStorage<DB::S3Definition, DB::StorageS3Configuration, false>::getObjectStorage(std::shared_ptr<DB::Context const> const&, bool) const @ 0x000000001573e110
  9. DB::TableFunctionObjectStorage<DB::S3Definition, DB::StorageS3Configuration, false>::executeImpl(boost::intrusive_ptr<DB::IAST> const&, std::shared_ptr<DB::Context const>, String const&, DB::ColumnsDescription, bool) const @ 0x000000001573d93c
  10. DB::ITableFunction::execute(boost::intrusive_ptr<DB::IAST> const&, std::shared_ptr<DB::Context const>, String const&, DB::ColumnsDescription, bool, bool) const @ 0x000000001624008c
  11. DB::Context::executeTableFunction(boost::intrusive_ptr<DB::IAST> const&, std::shared_ptr<DB::ITableFunction> const&, std::shared_ptr<DB::Context const> const&) @ 0x0000000017aaeebc
  12. DB::QueryAnalyzer::resolveTableFunction(std::shared_ptr<DB::IQueryTreeNode>&, DB::IdentifierResolveScope&, DB::QueryExpressionsAliasVisitor&, bool) @ 0x00000000172f5e80
  13. DB::QueryAnalyzer::resolveQueryJoinTreeNode(std::shared_ptr<DB::IQueryTreeNode>&, DB::IdentifierResolveScope&, DB::QueryExpressionsAliasVisitor&) @ 0x0000000017314d90
  14. DB::QueryAnalyzer::resolveQuery(std::shared_ptr<DB::IQueryTreeNode> const&, DB::IdentifierResolveScope&) @ 0x00000000172e9a54
  15. DB::QueryAnalyzer::resolve(std::shared_ptr<DB::IQueryTreeNode>&, std::shared_ptr<DB::IQueryTreeNode> const&, std::shared_ptr<DB::Context const>) @ 0x00000000172e7960
  16. DB::QueryAnalysisPass::run(std::shared_ptr<DB::IQueryTreeNode>&, std::shared_ptr<DB::Context const>) @ 0x00000000172e6f30
  17. DB::QueryTreePassManager::run(std::shared_ptr<DB::IQueryTreeNode>&) @ 0x000000001733d224
  18. DB::buildQueryTreeAndRunPasses(boost::intrusive_ptr<DB::IAST> const&, DB::SelectQueryOptions const&, std::shared_ptr<DB::Context const> const&, std::shared_ptr<DB::IStorage> const&) @ 0x0000000017dd51d4
  19. DB::InterpreterSelectQueryAnalyzer::InterpreterSelectQueryAnalyzer(boost::intrusive_ptr<DB::IAST> const&, std::shared_ptr<DB::Context const> const&, DB::SelectQueryOptions const&, std::vector<String, std::allocator<String>> const&, DB::ActionsDAG const*) @ 0x0000000017dd2f10
  20. DB::InterpreterSelectQueryAnalyzer::getSampleBlock(boost::intrusive_ptr<DB::IAST> const&, std::shared_ptr<DB::Context const> const&, DB::SelectQueryOptions const&) @ 0x0000000017dd6228
  21. DB::InterpreterCreateQuery::getTablePropertiesAndNormalizeCreateQuery(DB::ASTCreateQuery&, DB::LoadingStrictnessLevel) @ 0x0000000017d32ed4
  22. DB::InterpreterCreateQuery::createTable(DB::ASTCreateQuery&) @ 0x0000000017d39948
  23. DB::InterpreterCreateQuery::execute() @ 0x0000000017d4e0f8
  24. DB::executeQueryImpl(char const*, char const*, std::shared_ptr<DB::Context>, DB::QueryFlags, DB::QueryProcessingStage::Enum, std::unique_ptr<DB::ReadBuffer, std::default_delete<DB::ReadBuffer>>&, boost::intrusive_ptr<DB::IAST>&, std::shared_ptr<DB::ImplicitTransactionControlExecutor>, std::function<void ()>, DB::QueryResultDetails&) @ 0x00000000181ae158
  25. DB::executeQuery(std::basic_string_view<char, std::char_traits<char>>, std::shared_ptr<DB::Context>, DB::QueryFlags, DB::QueryProcessingStage::Enum) @ 0x00000000181a9578
  26. DB::TCPHandler::runImpl() @ 0x00000000196ca2f8
  27. DB::TCPHandler::run() @ 0x00000000196e9748
  28. Poco::Net::TCPServerConnection::start() @ 0x000000001e86cad8
  29. Poco::Net::TCPServerDispatcher::run() @ 0x000000001e86d0e4
  30. Poco::PooledThread::run() @ 0x000000001e82c0f8
  31. Poco::ThreadImpl::runnableEntry(void*) @ 0x000000001e82a2f0
  compiled code at target/run/dwh/models/staging/stg_user_activity.sql.
[0m09:52:18.818425 [debug] [Thread-4 (]: Began running node model.dwh.dim_categories
[0m09:52:18.818584 [debug] [Thread-1 (]: Finished running node model.dwh.int_payments_success
[0m09:52:18.818810 [debug] [Thread-2 (]: Began compiling node model.dwh.stg_vas_types
[0m09:52:18.820801 [debug] [Thread-3 (]: Writing injected SQL for node "model.dwh.stg_users"
[0m09:52:18.821219 [info ] [Thread-4 (]: 8 of 16 SKIP relation dwh.dim_categories ....................................... [[33mSKIP[0m]
[0m09:52:18.821480 [debug] [Thread-1 (]: Began running node model.dwh.int_listings_enriched
[0m09:52:18.822966 [debug] [Thread-2 (]: Writing injected SQL for node "model.dwh.stg_vas_types"
[0m09:52:18.823400 [debug] [Thread-4 (]: Finished running node model.dwh.dim_categories
[0m09:52:18.823630 [info ] [Thread-1 (]: 9 of 16 SKIP relation dwh.int_listings_enriched ................................ [[33mSKIP[0m]
[0m09:52:18.824070 [debug] [Thread-3 (]: Began executing node model.dwh.stg_users
[0m09:52:18.824315 [debug] [Thread-4 (]: Began running node model.dwh.mart_dau
[0m09:52:18.824585 [debug] [Thread-1 (]: Finished running node model.dwh.int_listings_enriched
[0m09:52:18.828050 [debug] [Thread-3 (]: Creating new relation stg_users
[0m09:52:18.828298 [debug] [Thread-2 (]: Began executing node model.dwh.stg_vas_types
[0m09:52:18.828452 [info ] [Thread-4 (]: 10 of 16 SKIP relation dwh.mart_dau ............................................ [[33mSKIP[0m]
[0m09:52:18.828658 [debug] [Thread-1 (]: Began running node model.dwh.mart_arpu_monthly
[0m09:52:18.829148 [debug] [Thread-3 (]: Writing runtime sql for node "model.dwh.stg_users"
[0m09:52:18.830126 [debug] [Thread-2 (]: Creating new relation stg_vas_types
[0m09:52:18.830326 [debug] [Thread-4 (]: Finished running node model.dwh.mart_dau
[0m09:52:18.830524 [info ] [Thread-1 (]: 11 of 16 SKIP relation dwh.mart_arpu_monthly ................................... [[33mSKIP[0m]
[0m09:52:18.831061 [debug] [Thread-2 (]: Writing runtime sql for node "model.dwh.stg_vas_types"
[0m09:52:18.831275 [debug] [Thread-4 (]: Began running node model.dwh.mart_revenue_daily
[0m09:52:18.831553 [debug] [Thread-1 (]: Finished running node model.dwh.mart_arpu_monthly
[0m09:52:18.831893 [debug] [Thread-3 (]: dbt_clickhouse adapter: On model.dwh.stg_users: /* {"app": "dbt", "dbt_version": "1.11.15", "profile_name": "dwh", "target_name": "dev", "node_id": "model.dwh.stg_users"} */


  create or replace view `dwh`.`stg_users` 
  
    
  
  
    
    
  as (
    

SELECT
    user_id,
    email,
    phone,
    status,
    registered_at,
    created_at,
    updated_at
FROM s3(
    'http://minio:9000/raw/postgres/users/*.parquet',
    'Parquet',
    'user_id Int64, email String, phone Nullable(String), status String, registered_at DateTime64(3), created_at DateTime64(3), updated_at DateTime64(3)'
)
    
  )
      
      
                    -- end_of_sql
                    
                    ...
[0m09:52:18.832134 [info ] [Thread-4 (]: 12 of 16 SKIP relation dwh.mart_revenue_daily .................................. [[33mSKIP[0m]
[0m09:52:18.832398 [debug] [Thread-1 (]: Began running node model.dwh.mart_revenue_monthly_yoy
[0m09:52:18.832714 [debug] [Thread-2 (]: dbt_clickhouse adapter: On model.dwh.stg_vas_types: /* {"app": "dbt", "dbt_version": "1.11.15", "profile_name": "dwh", "target_name": "dev", "node_id": "model.dwh.stg_vas_types"} */


  create or replace view `dwh`.`stg_vas_types` 
  
    
  
  
    
    
  as (
    

SELECT
    vas_type_id,
    name,
    description
FROM s3(
    'http://minio:9000/raw/mysql/vas_types/*.parquet',
    'Parquet',
    'vas_type_id Int32, name String, description Nullable(String)'
)
    
  )
      
      
                    -- end_of_sql
                    
                    ...
[0m09:52:18.832914 [debug] [Thread-4 (]: Finished running node model.dwh.mart_revenue_daily
[0m09:52:18.833187 [info ] [Thread-1 (]: 13 of 16 SKIP relation dwh.mart_revenue_monthly_yoy ............................ [[33mSKIP[0m]
[0m09:52:18.834335 [debug] [Thread-4 (]: Began running node model.dwh.mart_listings_by_category
[0m09:52:18.834663 [debug] [Thread-1 (]: Finished running node model.dwh.mart_revenue_monthly_yoy
[0m09:52:18.834965 [info ] [Thread-4 (]: 14 of 16 SKIP relation dwh.mart_listings_by_category ........................... [[33mSKIP[0m]
[0m09:52:18.835210 [debug] [Thread-3 (]: dbt_clickhouse adapter: Error running SQL: /* {"app": "dbt", "dbt_version": "1.11.15", "profile_name": "dwh", "target_name": "dev", "node_id": "model.dwh.stg_users"} */


  create or replace view `dwh`.`stg_users` 
  
    
  
  
    
    
  as (
    

SELECT
    user_id,
    email,
    phone,
    status,
    registered_at,
    created_at,
    updated_at
FROM s3(
    'http://minio:9000/raw/postgres/users/*.parquet',
    'Parquet',
    'user_id Int64, email String, phone Nullable(String), status String, registered_at DateTime64(3), created_at DateTime64(3), updated_at DateTime64(3)'
)
    
  )
      
      
                    -- end_of_sql
                    
                    
[0m09:52:18.835670 [debug] [Thread-4 (]: Finished running node model.dwh.mart_listings_by_category
[0m09:52:18.836466 [debug] [Thread-2 (]: dbt_clickhouse adapter: Error running SQL: /* {"app": "dbt", "dbt_version": "1.11.15", "profile_name": "dwh", "target_name": "dev", "node_id": "model.dwh.stg_vas_types"} */


  create or replace view `dwh`.`stg_vas_types` 
  
    
  
  
    
    
  as (
    

SELECT
    vas_type_id,
    name,
    description
FROM s3(
    'http://minio:9000/raw/mysql/vas_types/*.parquet',
    'Parquet',
    'vas_type_id Int32, name String, description Nullable(String)'
)
    
  )
      
      
                    -- end_of_sql
                    
                    
[0m09:52:18.839320 [debug] [Thread-3 (]: Database Error in model stg_users (models/staging/stg_users.sql)
  Code: 497.
  DB::Exception: S3 access from user queries is not allowed to use the server's own credentials (environment variables, instance metadata, IRSA, instance profile, or AWS config files). Provide explicit credentials, use NOSIGN for public buckets, grant access through an IAM role passed as extra_credentials(role_arn = '...'), or enable the setting `s3_allow_server_credentials_in_user_queries`.. Stack trace:
  
  0. DB::Exception::Exception(DB::Exception::MessageMasked&&, int, bool) @ 0x00000000137733d0
  1. DB::Exception::Exception(String&&, int, String, bool) @ 0x000000000e3f9d18
  2. DB::Exception::Exception(PreformattedMessage&&, int) @ 0x000000000e3f958c
  3. DB::Exception::Exception<>(int, FormatStringHelperImpl<>) @ 0x0000000013771a14
  4. DB::S3::getCredentialsProvider(DB::S3::PocoHTTPClientConfiguration const&, Aws::Auth::AWSCredentials const&, DB::S3::CredentialsConfiguration const&) @ 0x0000000013be8a64
  5. DB::S3::ClientFactory::create(DB::S3::PocoHTTPClientConfiguration const&, DB::S3::ClientSettings, String const&, String const&, String const&, DB::S3::ServerSideEncryptionKMSConfig, std::vector<DB::HTTPHeaderEntry, std::allocator<DB::HTTPHeaderEntry>>, DB::S3::CredentialsConfiguration, String const&, std::shared_ptr<DB::S3::ClientCache> const&) @ 0x0000000013c12090
  6. DB::getClient(DB::S3::URI const&, DB::S3Settings const&, std::shared_ptr<DB::Context const>, bool, std::optional<String>, std::optional<std::function<std::shared_ptr<DataLake::IStorageCredentials> ()>>, bool, bool) @ 0x00000000167217b4
  7. DB::StorageS3Configuration::createObjectStorage(std::shared_ptr<DB::Context const>, bool, std::optional<std::function<std::shared_ptr<DataLake::IStorageCredentials> ()>>) @ 0x0000000016423230
  8. DB::TableFunctionObjectStorage<DB::S3Definition, DB::StorageS3Configuration, false>::getObjectStorage(std::shared_ptr<DB::Context const> const&, bool) const @ 0x000000001573e110
  9. DB::TableFunctionObjectStorage<DB::S3Definition, DB::StorageS3Configuration, false>::executeImpl(boost::intrusive_ptr<DB::IAST> const&, std::shared_ptr<DB::Context const>, String const&, DB::ColumnsDescription, bool) const @ 0x000000001573d93c
  10. DB::ITableFunction::execute(boost::intrusive_ptr<DB::IAST> const&, std::shared_ptr<DB::Context const>, String const&, DB::ColumnsDescription, bool, bool) const @ 0x000000001624008c
  11. DB::Context::executeTableFunction(boost::intrusive_ptr<DB::IAST> const&, std::shared_ptr<DB::ITableFunction> const&, std::shared_ptr<DB::Context const> const&) @ 0x0000000017aaeebc
  12. DB::QueryAnalyzer::resolveTableFunction(std::shared_ptr<DB::IQueryTreeNode>&, DB::IdentifierResolveScope&, DB::QueryExpressionsAliasVisitor&, bool) @ 0x00000000172f5e80
  13. DB::QueryAnalyzer::resolveQueryJoinTreeNode(std::shared_ptr<DB::IQueryTreeNode>&, DB::IdentifierResolveScope&, DB::QueryExpressionsAliasVisitor&) @ 0x0000000017314d90
  14. DB::QueryAnalyzer::resolveQuery(std::shared_ptr<DB::IQueryTreeNode> const&, DB::IdentifierResolveScope&) @ 0x00000000172e9a54
  15. DB::QueryAnalyzer::resolve(std::shared_ptr<DB::IQueryTreeNode>&, std::shared_ptr<DB::IQueryTreeNode> const&, std::shared_ptr<DB::Context const>) @ 0x00000000172e7960
  16. DB::QueryAnalysisPass::run(std::shared_ptr<DB::IQueryTreeNode>&, std::shared_ptr<DB::Context const>) @ 0x00000000172e6f30
  17. DB::QueryTreePassManager::run(std::shared_ptr<DB::IQueryTreeNode>&) @ 0x000000001733d224
  18. DB::buildQueryTreeAndRunPasses(boost::intrusive_ptr<DB::IAST> const&, DB::SelectQueryOptions const&, std::shared_ptr<DB::Context const> const&, std::shared_ptr<DB::IStorage> const&) @ 0x0000000017dd51d4
  19. DB::InterpreterSelectQueryAnalyzer::InterpreterSelectQueryAnalyzer(boost::intrusive_ptr<DB::IAST> const&, std::shared_ptr<DB::Context const> const&, DB::SelectQueryOptions const&, std::vector<String, std::allocator<String>> const&, DB::ActionsDAG const*) @ 0x0000000017dd2f10
  20. DB::InterpreterSelectQueryAnalyzer::getSampleBlock(boost::intrusive_ptr<DB::IAST> const&, std::shared_ptr<DB::Context const> const&, DB::SelectQueryOptions const&) @ 0x0000000017dd6228
  21. DB::InterpreterCreateQuery::getTablePropertiesAndNormalizeCreateQuery(DB::ASTCreateQuery&, DB::LoadingStrictnessLevel) @ 0x0000000017d32ed4
  22. DB::InterpreterCreateQuery::createTable(DB::ASTCreateQuery&) @ 0x0000000017d39948
  23. DB::InterpreterCreateQuery::execute() @ 0x0000000017d4e0f8
  24. DB::executeQueryImpl(char const*, char const*, std::shared_ptr<DB::Context>, DB::QueryFlags, DB::QueryProcessingStage::Enum, std::unique_ptr<DB::ReadBuffer, std::default_delete<DB::ReadBuffer>>&, boost::intrusive_ptr<DB::IAST>&, std::shared_ptr<DB::ImplicitTransactionControlExecutor>, std::function<void ()>, DB::QueryResultDetails&) @ 0x00000000181ae158
  25. DB::executeQuery(std::basic_string_view<char, std::char_traits<char>>, std::shared_ptr<DB::Context>, DB::QueryFlags, DB::QueryProcessingStage::Enum) @ 0x00000000181a9578
  26. DB::TCPHandler::runImpl() @ 0x00000000196ca2f8
  27. DB::TCPHandler::run() @ 0x00000000196e9748
  28. Poco::Net::TCPServerConnection::start() @ 0x000000001e86cad8
  29. Poco::Net::TCPServerDispatcher::run() @ 0x000000001e86d0e4
  30. Poco::PooledThread::run() @ 0x000000001e82c0f8
  31. Poco::ThreadImpl::runnableEntry(void*) @ 0x000000001e82a2f0
  compiled code at target/run/dwh/models/staging/stg_users.sql
[0m09:52:18.840395 [debug] [Thread-3 (]: Sending event: {'category': 'dbt', 'action': 'run_model', 'label': '14a02207-3e51-4871-9da3-ccd5a33e3c6f', 'context': [<snowplow_tracker.self_describing_json.SelfDescribingJson object at 0xffff80cd73f0>]}
[0m09:52:18.840989 [debug] [Thread-2 (]: Database Error in model stg_vas_types (models/staging/stg_vas_types.sql)
  Code: 497.
  DB::Exception: S3 access from user queries is not allowed to use the server's own credentials (environment variables, instance metadata, IRSA, instance profile, or AWS config files). Provide explicit credentials, use NOSIGN for public buckets, grant access through an IAM role passed as extra_credentials(role_arn = '...'), or enable the setting `s3_allow_server_credentials_in_user_queries`.. Stack trace:
  
  0. DB::Exception::Exception(DB::Exception::MessageMasked&&, int, bool) @ 0x00000000137733d0
  1. DB::Exception::Exception(String&&, int, String, bool) @ 0x000000000e3f9d18
  2. DB::Exception::Exception(PreformattedMessage&&, int) @ 0x000000000e3f958c
  3. DB::Exception::Exception<>(int, FormatStringHelperImpl<>) @ 0x0000000013771a14
  4. DB::S3::getCredentialsProvider(DB::S3::PocoHTTPClientConfiguration const&, Aws::Auth::AWSCredentials const&, DB::S3::CredentialsConfiguration const&) @ 0x0000000013be8a64
  5. DB::S3::ClientFactory::create(DB::S3::PocoHTTPClientConfiguration const&, DB::S3::ClientSettings, String const&, String const&, String const&, DB::S3::ServerSideEncryptionKMSConfig, std::vector<DB::HTTPHeaderEntry, std::allocator<DB::HTTPHeaderEntry>>, DB::S3::CredentialsConfiguration, String const&, std::shared_ptr<DB::S3::ClientCache> const&) @ 0x0000000013c12090
  6. DB::getClient(DB::S3::URI const&, DB::S3Settings const&, std::shared_ptr<DB::Context const>, bool, std::optional<String>, std::optional<std::function<std::shared_ptr<DataLake::IStorageCredentials> ()>>, bool, bool) @ 0x00000000167217b4
  7. DB::StorageS3Configuration::createObjectStorage(std::shared_ptr<DB::Context const>, bool, std::optional<std::function<std::shared_ptr<DataLake::IStorageCredentials> ()>>) @ 0x0000000016423230
  8. DB::TableFunctionObjectStorage<DB::S3Definition, DB::StorageS3Configuration, false>::getObjectStorage(std::shared_ptr<DB::Context const> const&, bool) const @ 0x000000001573e110
  9. DB::TableFunctionObjectStorage<DB::S3Definition, DB::StorageS3Configuration, false>::executeImpl(boost::intrusive_ptr<DB::IAST> const&, std::shared_ptr<DB::Context const>, String const&, DB::ColumnsDescription, bool) const @ 0x000000001573d93c
  10. DB::ITableFunction::execute(boost::intrusive_ptr<DB::IAST> const&, std::shared_ptr<DB::Context const>, String const&, DB::ColumnsDescription, bool, bool) const @ 0x000000001624008c
  11. DB::Context::executeTableFunction(boost::intrusive_ptr<DB::IAST> const&, std::shared_ptr<DB::ITableFunction> const&, std::shared_ptr<DB::Context const> const&) @ 0x0000000017aaeebc
  12. DB::QueryAnalyzer::resolveTableFunction(std::shared_ptr<DB::IQueryTreeNode>&, DB::IdentifierResolveScope&, DB::QueryExpressionsAliasVisitor&, bool) @ 0x00000000172f5e80
  13. DB::QueryAnalyzer::resolveQueryJoinTreeNode(std::shared_ptr<DB::IQueryTreeNode>&, DB::IdentifierResolveScope&, DB::QueryExpressionsAliasVisitor&) @ 0x0000000017314d90
  14. DB::QueryAnalyzer::resolveQuery(std::shared_ptr<DB::IQueryTreeNode> const&, DB::IdentifierResolveScope&) @ 0x00000000172e9a54
  15. DB::QueryAnalyzer::resolve(std::shared_ptr<DB::IQueryTreeNode>&, std::shared_ptr<DB::IQueryTreeNode> const&, std::shared_ptr<DB::Context const>) @ 0x00000000172e7960
  16. DB::QueryAnalysisPass::run(std::shared_ptr<DB::IQueryTreeNode>&, std::shared_ptr<DB::Context const>) @ 0x00000000172e6f30
  17. DB::QueryTreePassManager::run(std::shared_ptr<DB::IQueryTreeNode>&) @ 0x000000001733d224
  18. DB::buildQueryTreeAndRunPasses(boost::intrusive_ptr<DB::IAST> const&, DB::SelectQueryOptions const&, std::shared_ptr<DB::Context const> const&, std::shared_ptr<DB::IStorage> const&) @ 0x0000000017dd51d4
  19. DB::InterpreterSelectQueryAnalyzer::InterpreterSelectQueryAnalyzer(boost::intrusive_ptr<DB::IAST> const&, std::shared_ptr<DB::Context const> const&, DB::SelectQueryOptions const&, std::vector<String, std::allocator<String>> const&, DB::ActionsDAG const*) @ 0x0000000017dd2f10
  20. DB::InterpreterSelectQueryAnalyzer::getSampleBlock(boost::intrusive_ptr<DB::IAST> const&, std::shared_ptr<DB::Context const> const&, DB::SelectQueryOptions const&) @ 0x0000000017dd6228
  21. DB::InterpreterCreateQuery::getTablePropertiesAndNormalizeCreateQuery(DB::ASTCreateQuery&, DB::LoadingStrictnessLevel) @ 0x0000000017d32ed4
  22. DB::InterpreterCreateQuery::createTable(DB::ASTCreateQuery&) @ 0x0000000017d39948
  23. DB::InterpreterCreateQuery::execute() @ 0x0000000017d4e0f8
  24. DB::executeQueryImpl(char const*, char const*, std::shared_ptr<DB::Context>, DB::QueryFlags, DB::QueryProcessingStage::Enum, std::unique_ptr<DB::ReadBuffer, std::default_delete<DB::ReadBuffer>>&, boost::intrusive_ptr<DB::IAST>&, std::shared_ptr<DB::ImplicitTransactionControlExecutor>, std::function<void ()>, DB::QueryResultDetails&) @ 0x00000000181ae158
  25. DB::executeQuery(std::basic_string_view<char, std::char_traits<char>>, std::shared_ptr<DB::Context>, DB::QueryFlags, DB::QueryProcessingStage::Enum) @ 0x00000000181a9578
  26. DB::TCPHandler::runImpl() @ 0x00000000196ca2f8
  27. DB::TCPHandler::run() @ 0x00000000196e9748
  28. Poco::Net::TCPServerConnection::start() @ 0x000000001e86cad8
  29. Poco::Net::TCPServerDispatcher::run() @ 0x000000001e86d0e4
  30. Poco::PooledThread::run() @ 0x000000001e82c0f8
  31. Poco::ThreadImpl::runnableEntry(void*) @ 0x000000001e82a2f0
  compiled code at target/run/dwh/models/staging/stg_vas_types.sql
[0m09:52:18.841431 [error] [Thread-3 (]: 5 of 16 ERROR creating sql view model `dwh`.`stg_users` ........................ [[31mERROR[0m in 0.02s]
[0m09:52:18.841711 [debug] [Thread-2 (]: Sending event: {'category': 'dbt', 'action': 'run_model', 'label': '14a02207-3e51-4871-9da3-ccd5a33e3c6f', 'context': [<snowplow_tracker.self_describing_json.SelfDescribingJson object at 0xffffb605f6b0>]}
[0m09:52:18.842112 [debug] [Thread-3 (]: Finished running node model.dwh.stg_users
[0m09:52:18.842408 [error] [Thread-2 (]: 6 of 16 ERROR creating sql view model `dwh`.`stg_vas_types` .................... [[31mERROR[0m in 0.02s]
[0m09:52:18.842801 [debug] [Thread-7 (]: Marking all children of 'model.dwh.stg_users' to be skipped because of status 'error'.  Reason: Database Error in model stg_users (models/staging/stg_users.sql)
  Code: 497.
  DB::Exception: S3 access from user queries is not allowed to use the server's own credentials (environment variables, instance metadata, IRSA, instance profile, or AWS config files). Provide explicit credentials, use NOSIGN for public buckets, grant access through an IAM role passed as extra_credentials(role_arn = '...'), or enable the setting `s3_allow_server_credentials_in_user_queries`.. Stack trace:
  
  0. DB::Exception::Exception(DB::Exception::MessageMasked&&, int, bool) @ 0x00000000137733d0
  1. DB::Exception::Exception(String&&, int, String, bool) @ 0x000000000e3f9d18
  2. DB::Exception::Exception(PreformattedMessage&&, int) @ 0x000000000e3f958c
  3. DB::Exception::Exception<>(int, FormatStringHelperImpl<>) @ 0x0000000013771a14
  4. DB::S3::getCredentialsProvider(DB::S3::PocoHTTPClientConfiguration const&, Aws::Auth::AWSCredentials const&, DB::S3::CredentialsConfiguration const&) @ 0x0000000013be8a64
  5. DB::S3::ClientFactory::create(DB::S3::PocoHTTPClientConfiguration const&, DB::S3::ClientSettings, String const&, String const&, String const&, DB::S3::ServerSideEncryptionKMSConfig, std::vector<DB::HTTPHeaderEntry, std::allocator<DB::HTTPHeaderEntry>>, DB::S3::CredentialsConfiguration, String const&, std::shared_ptr<DB::S3::ClientCache> const&) @ 0x0000000013c12090
  6. DB::getClient(DB::S3::URI const&, DB::S3Settings const&, std::shared_ptr<DB::Context const>, bool, std::optional<String>, std::optional<std::function<std::shared_ptr<DataLake::IStorageCredentials> ()>>, bool, bool) @ 0x00000000167217b4
  7. DB::StorageS3Configuration::createObjectStorage(std::shared_ptr<DB::Context const>, bool, std::optional<std::function<std::shared_ptr<DataLake::IStorageCredentials> ()>>) @ 0x0000000016423230
  8. DB::TableFunctionObjectStorage<DB::S3Definition, DB::StorageS3Configuration, false>::getObjectStorage(std::shared_ptr<DB::Context const> const&, bool) const @ 0x000000001573e110
  9. DB::TableFunctionObjectStorage<DB::S3Definition, DB::StorageS3Configuration, false>::executeImpl(boost::intrusive_ptr<DB::IAST> const&, std::shared_ptr<DB::Context const>, String const&, DB::ColumnsDescription, bool) const @ 0x000000001573d93c
  10. DB::ITableFunction::execute(boost::intrusive_ptr<DB::IAST> const&, std::shared_ptr<DB::Context const>, String const&, DB::ColumnsDescription, bool, bool) const @ 0x000000001624008c
  11. DB::Context::executeTableFunction(boost::intrusive_ptr<DB::IAST> const&, std::shared_ptr<DB::ITableFunction> const&, std::shared_ptr<DB::Context const> const&) @ 0x0000000017aaeebc
  12. DB::QueryAnalyzer::resolveTableFunction(std::shared_ptr<DB::IQueryTreeNode>&, DB::IdentifierResolveScope&, DB::QueryExpressionsAliasVisitor&, bool) @ 0x00000000172f5e80
  13. DB::QueryAnalyzer::resolveQueryJoinTreeNode(std::shared_ptr<DB::IQueryTreeNode>&, DB::IdentifierResolveScope&, DB::QueryExpressionsAliasVisitor&) @ 0x0000000017314d90
  14. DB::QueryAnalyzer::resolveQuery(std::shared_ptr<DB::IQueryTreeNode> const&, DB::IdentifierResolveScope&) @ 0x00000000172e9a54
  15. DB::QueryAnalyzer::resolve(std::shared_ptr<DB::IQueryTreeNode>&, std::shared_ptr<DB::IQueryTreeNode> const&, std::shared_ptr<DB::Context const>) @ 0x00000000172e7960
  16. DB::QueryAnalysisPass::run(std::shared_ptr<DB::IQueryTreeNode>&, std::shared_ptr<DB::Context const>) @ 0x00000000172e6f30
  17. DB::QueryTreePassManager::run(std::shared_ptr<DB::IQueryTreeNode>&) @ 0x000000001733d224
  18. DB::buildQueryTreeAndRunPasses(boost::intrusive_ptr<DB::IAST> const&, DB::SelectQueryOptions const&, std::shared_ptr<DB::Context const> const&, std::shared_ptr<DB::IStorage> const&) @ 0x0000000017dd51d4
  19. DB::InterpreterSelectQueryAnalyzer::InterpreterSelectQueryAnalyzer(boost::intrusive_ptr<DB::IAST> const&, std::shared_ptr<DB::Context const> const&, DB::SelectQueryOptions const&, std::vector<String, std::allocator<String>> const&, DB::ActionsDAG const*) @ 0x0000000017dd2f10
  20. DB::InterpreterSelectQueryAnalyzer::getSampleBlock(boost::intrusive_ptr<DB::IAST> const&, std::shared_ptr<DB::Context const> const&, DB::SelectQueryOptions const&) @ 0x0000000017dd6228
  21. DB::InterpreterCreateQuery::getTablePropertiesAndNormalizeCreateQuery(DB::ASTCreateQuery&, DB::LoadingStrictnessLevel) @ 0x0000000017d32ed4
  22. DB::InterpreterCreateQuery::createTable(DB::ASTCreateQuery&) @ 0x0000000017d39948
  23. DB::InterpreterCreateQuery::execute() @ 0x0000000017d4e0f8
  24. DB::executeQueryImpl(char const*, char const*, std::shared_ptr<DB::Context>, DB::QueryFlags, DB::QueryProcessingStage::Enum, std::unique_ptr<DB::ReadBuffer, std::default_delete<DB::ReadBuffer>>&, boost::intrusive_ptr<DB::IAST>&, std::shared_ptr<DB::ImplicitTransactionControlExecutor>, std::function<void ()>, DB::QueryResultDetails&) @ 0x00000000181ae158
  25. DB::executeQuery(std::basic_string_view<char, std::char_traits<char>>, std::shared_ptr<DB::Context>, DB::QueryFlags, DB::QueryProcessingStage::Enum) @ 0x00000000181a9578
  26. DB::TCPHandler::runImpl() @ 0x00000000196ca2f8
  27. DB::TCPHandler::run() @ 0x00000000196e9748
  28. Poco::Net::TCPServerConnection::start() @ 0x000000001e86cad8
  29. Poco::Net::TCPServerDispatcher::run() @ 0x000000001e86d0e4
  30. Poco::PooledThread::run() @ 0x000000001e82c0f8
  31. Poco::ThreadImpl::runnableEntry(void*) @ 0x000000001e82a2f0
  compiled code at target/run/dwh/models/staging/stg_users.sql.
[0m09:52:18.843262 [debug] [Thread-2 (]: Finished running node model.dwh.stg_vas_types
[0m09:52:18.843706 [debug] [Thread-7 (]: Marking all children of 'model.dwh.stg_vas_types' to be skipped because of status 'error'.  Reason: Database Error in model stg_vas_types (models/staging/stg_vas_types.sql)
  Code: 497.
  DB::Exception: S3 access from user queries is not allowed to use the server's own credentials (environment variables, instance metadata, IRSA, instance profile, or AWS config files). Provide explicit credentials, use NOSIGN for public buckets, grant access through an IAM role passed as extra_credentials(role_arn = '...'), or enable the setting `s3_allow_server_credentials_in_user_queries`.. Stack trace:
  
  0. DB::Exception::Exception(DB::Exception::MessageMasked&&, int, bool) @ 0x00000000137733d0
  1. DB::Exception::Exception(String&&, int, String, bool) @ 0x000000000e3f9d18
  2. DB::Exception::Exception(PreformattedMessage&&, int) @ 0x000000000e3f958c
  3. DB::Exception::Exception<>(int, FormatStringHelperImpl<>) @ 0x0000000013771a14
  4. DB::S3::getCredentialsProvider(DB::S3::PocoHTTPClientConfiguration const&, Aws::Auth::AWSCredentials const&, DB::S3::CredentialsConfiguration const&) @ 0x0000000013be8a64
  5. DB::S3::ClientFactory::create(DB::S3::PocoHTTPClientConfiguration const&, DB::S3::ClientSettings, String const&, String const&, String const&, DB::S3::ServerSideEncryptionKMSConfig, std::vector<DB::HTTPHeaderEntry, std::allocator<DB::HTTPHeaderEntry>>, DB::S3::CredentialsConfiguration, String const&, std::shared_ptr<DB::S3::ClientCache> const&) @ 0x0000000013c12090
  6. DB::getClient(DB::S3::URI const&, DB::S3Settings const&, std::shared_ptr<DB::Context const>, bool, std::optional<String>, std::optional<std::function<std::shared_ptr<DataLake::IStorageCredentials> ()>>, bool, bool) @ 0x00000000167217b4
  7. DB::StorageS3Configuration::createObjectStorage(std::shared_ptr<DB::Context const>, bool, std::optional<std::function<std::shared_ptr<DataLake::IStorageCredentials> ()>>) @ 0x0000000016423230
  8. DB::TableFunctionObjectStorage<DB::S3Definition, DB::StorageS3Configuration, false>::getObjectStorage(std::shared_ptr<DB::Context const> const&, bool) const @ 0x000000001573e110
  9. DB::TableFunctionObjectStorage<DB::S3Definition, DB::StorageS3Configuration, false>::executeImpl(boost::intrusive_ptr<DB::IAST> const&, std::shared_ptr<DB::Context const>, String const&, DB::ColumnsDescription, bool) const @ 0x000000001573d93c
  10. DB::ITableFunction::execute(boost::intrusive_ptr<DB::IAST> const&, std::shared_ptr<DB::Context const>, String const&, DB::ColumnsDescription, bool, bool) const @ 0x000000001624008c
  11. DB::Context::executeTableFunction(boost::intrusive_ptr<DB::IAST> const&, std::shared_ptr<DB::ITableFunction> const&, std::shared_ptr<DB::Context const> const&) @ 0x0000000017aaeebc
  12. DB::QueryAnalyzer::resolveTableFunction(std::shared_ptr<DB::IQueryTreeNode>&, DB::IdentifierResolveScope&, DB::QueryExpressionsAliasVisitor&, bool) @ 0x00000000172f5e80
  13. DB::QueryAnalyzer::resolveQueryJoinTreeNode(std::shared_ptr<DB::IQueryTreeNode>&, DB::IdentifierResolveScope&, DB::QueryExpressionsAliasVisitor&) @ 0x0000000017314d90
  14. DB::QueryAnalyzer::resolveQuery(std::shared_ptr<DB::IQueryTreeNode> const&, DB::IdentifierResolveScope&) @ 0x00000000172e9a54
  15. DB::QueryAnalyzer::resolve(std::shared_ptr<DB::IQueryTreeNode>&, std::shared_ptr<DB::IQueryTreeNode> const&, std::shared_ptr<DB::Context const>) @ 0x00000000172e7960
  16. DB::QueryAnalysisPass::run(std::shared_ptr<DB::IQueryTreeNode>&, std::shared_ptr<DB::Context const>) @ 0x00000000172e6f30
  17. DB::QueryTreePassManager::run(std::shared_ptr<DB::IQueryTreeNode>&) @ 0x000000001733d224
  18. DB::buildQueryTreeAndRunPasses(boost::intrusive_ptr<DB::IAST> const&, DB::SelectQueryOptions const&, std::shared_ptr<DB::Context const> const&, std::shared_ptr<DB::IStorage> const&) @ 0x0000000017dd51d4
  19. DB::InterpreterSelectQueryAnalyzer::InterpreterSelectQueryAnalyzer(boost::intrusive_ptr<DB::IAST> const&, std::shared_ptr<DB::Context const> const&, DB::SelectQueryOptions const&, std::vector<String, std::allocator<String>> const&, DB::ActionsDAG const*) @ 0x0000000017dd2f10
  20. DB::InterpreterSelectQueryAnalyzer::getSampleBlock(boost::intrusive_ptr<DB::IAST> const&, std::shared_ptr<DB::Context const> const&, DB::SelectQueryOptions const&) @ 0x0000000017dd6228
  21. DB::InterpreterCreateQuery::getTablePropertiesAndNormalizeCreateQuery(DB::ASTCreateQuery&, DB::LoadingStrictnessLevel) @ 0x0000000017d32ed4
  22. DB::InterpreterCreateQuery::createTable(DB::ASTCreateQuery&) @ 0x0000000017d39948
  23. DB::InterpreterCreateQuery::execute() @ 0x0000000017d4e0f8
  24. DB::executeQueryImpl(char const*, char const*, std::shared_ptr<DB::Context>, DB::QueryFlags, DB::QueryProcessingStage::Enum, std::unique_ptr<DB::ReadBuffer, std::default_delete<DB::ReadBuffer>>&, boost::intrusive_ptr<DB::IAST>&, std::shared_ptr<DB::ImplicitTransactionControlExecutor>, std::function<void ()>, DB::QueryResultDetails&) @ 0x00000000181ae158
  25. DB::executeQuery(std::basic_string_view<char, std::char_traits<char>>, std::shared_ptr<DB::Context>, DB::QueryFlags, DB::QueryProcessingStage::Enum) @ 0x00000000181a9578
  26. DB::TCPHandler::runImpl() @ 0x00000000196ca2f8
  27. DB::TCPHandler::run() @ 0x00000000196e9748
  28. Poco::Net::TCPServerConnection::start() @ 0x000000001e86cad8
  29. Poco::Net::TCPServerDispatcher::run() @ 0x000000001e86d0e4
  30. Poco::PooledThread::run() @ 0x000000001e82c0f8
  31. Poco::ThreadImpl::runnableEntry(void*) @ 0x000000001e82a2f0
  compiled code at target/run/dwh/models/staging/stg_vas_types.sql.
[0m09:52:18.844216 [debug] [Thread-1 (]: Began running node model.dwh.dim_vas_types
[0m09:52:18.844390 [info ] [Thread-1 (]: 15 of 16 SKIP relation dwh.dim_vas_types ....................................... [[33mSKIP[0m]
[0m09:52:18.844588 [debug] [Thread-1 (]: Finished running node model.dwh.dim_vas_types
[0m09:52:18.844969 [debug] [Thread-4 (]: Began running node model.dwh.mart_vas
[0m09:52:18.845165 [info ] [Thread-4 (]: 16 of 16 SKIP relation dwh.mart_vas ............................................ [[33mSKIP[0m]
[0m09:52:18.845447 [debug] [Thread-4 (]: Finished running node model.dwh.mart_vas
[0m09:52:18.846322 [debug] [MainThread]: Connection 'master' was properly closed.
[0m09:52:18.846536 [debug] [MainThread]: Connection 'model.dwh.stg_categories' was left open.
[0m09:52:18.846731 [debug] [MainThread]: On model.dwh.stg_categories: Close
[0m09:52:18.846907 [debug] [MainThread]: Connection 'model.dwh.stg_users' was left open.
[0m09:52:18.847089 [debug] [MainThread]: On model.dwh.stg_users: Close
[0m09:52:18.847232 [debug] [MainThread]: Connection 'model.dwh.stg_user_activity' was left open.
[0m09:52:18.847380 [debug] [MainThread]: On model.dwh.stg_user_activity: Close
[0m09:52:18.847515 [debug] [MainThread]: Connection 'model.dwh.stg_vas_types' was left open.
[0m09:52:18.847677 [debug] [MainThread]: On model.dwh.stg_vas_types: Close
[0m09:52:18.847901 [info ] [MainThread]: 
[0m09:52:18.848190 [info ] [MainThread]: Finished running 8 table models, 8 view models in 0 hours 0 minutes and 0.47 seconds (0.47s).
[0m09:52:18.849612 [debug] [MainThread]: Command end result
[0m09:52:18.869958 [debug] [MainThread]: Wrote artifact WritableManifest to /opt/airflow/dbt/target/manifest.json
[0m09:52:18.871304 [debug] [MainThread]: Wrote artifact SemanticManifest to /opt/airflow/dbt/target/semantic_manifest.json
[0m09:52:18.875009 [debug] [MainThread]: Wrote artifact RunExecutionResult to /opt/airflow/dbt/target/run_results.json
[0m09:52:18.875201 [info ] [MainThread]: 
[0m09:52:18.875369 [info ] [MainThread]: [31mCompleted with 6 errors, 0 partial successes, and 0 warnings:[0m
[0m09:52:18.875630 [info ] [MainThread]: 
[0m09:52:18.875931 [error] [MainThread]: [31mFailure in model stg_payments (models/staging/stg_payments.sql)[0m
[0m09:52:18.876349 [error] [MainThread]:   Database Error in model stg_payments (models/staging/stg_payments.sql)
  Code: 497.
  DB::Exception: S3 access from user queries is not allowed to use the server's own credentials (environment variables, instance metadata, IRSA, instance profile, or AWS config files). Provide explicit credentials, use NOSIGN for public buckets, grant access through an IAM role passed as extra_credentials(role_arn = '...'), or enable the setting `s3_allow_server_credentials_in_user_queries`.. Stack trace:
  
  0. DB::Exception::Exception(DB::Exception::MessageMasked&&, int, bool) @ 0x00000000137733d0
  1. DB::Exception::Exception(String&&, int, String, bool) @ 0x000000000e3f9d18
  2. DB::Exception::Exception(PreformattedMessage&&, int) @ 0x000000000e3f958c
  3. DB::Exception::Exception<>(int, FormatStringHelperImpl<>) @ 0x0000000013771a14
  4. DB::S3::getCredentialsProvider(DB::S3::PocoHTTPClientConfiguration const&, Aws::Auth::AWSCredentials const&, DB::S3::CredentialsConfiguration const&) @ 0x0000000013be8a64
  5. DB::S3::ClientFactory::create(DB::S3::PocoHTTPClientConfiguration const&, DB::S3::ClientSettings, String const&, String const&, String const&, DB::S3::ServerSideEncryptionKMSConfig, std::vector<DB::HTTPHeaderEntry, std::allocator<DB::HTTPHeaderEntry>>, DB::S3::CredentialsConfiguration, String const&, std::shared_ptr<DB::S3::ClientCache> const&) @ 0x0000000013c12090
  6. DB::getClient(DB::S3::URI const&, DB::S3Settings const&, std::shared_ptr<DB::Context const>, bool, std::optional<String>, std::optional<std::function<std::shared_ptr<DataLake::IStorageCredentials> ()>>, bool, bool) @ 0x00000000167217b4
  7. DB::StorageS3Configuration::createObjectStorage(std::shared_ptr<DB::Context const>, bool, std::optional<std::function<std::shared_ptr<DataLake::IStorageCredentials> ()>>) @ 0x0000000016423230
  8. DB::TableFunctionObjectStorage<DB::S3Definition, DB::StorageS3Configuration, false>::getObjectStorage(std::shared_ptr<DB::Context const> const&, bool) const @ 0x000000001573e110
  9. DB::TableFunctionObjectStorage<DB::S3Definition, DB::StorageS3Configuration, false>::executeImpl(boost::intrusive_ptr<DB::IAST> const&, std::shared_ptr<DB::Context const>, String const&, DB::ColumnsDescription, bool) const @ 0x000000001573d93c
  10. DB::ITableFunction::execute(boost::intrusive_ptr<DB::IAST> const&, std::shared_ptr<DB::Context const>, String const&, DB::ColumnsDescription, bool, bool) const @ 0x000000001624008c
  11. DB::Context::executeTableFunction(boost::intrusive_ptr<DB::IAST> const&, std::shared_ptr<DB::ITableFunction> const&, std::shared_ptr<DB::Context const> const&) @ 0x0000000017aaeebc
  12. DB::QueryAnalyzer::resolveTableFunction(std::shared_ptr<DB::IQueryTreeNode>&, DB::IdentifierResolveScope&, DB::QueryExpressionsAliasVisitor&, bool) @ 0x00000000172f5e80
  13. DB::QueryAnalyzer::resolveQueryJoinTreeNode(std::shared_ptr<DB::IQueryTreeNode>&, DB::IdentifierResolveScope&, DB::QueryExpressionsAliasVisitor&) @ 0x0000000017314d90
  14. DB::QueryAnalyzer::resolveQuery(std::shared_ptr<DB::IQueryTreeNode> const&, DB::IdentifierResolveScope&) @ 0x00000000172e9a54
  15. DB::QueryAnalyzer::resolve(std::shared_ptr<DB::IQueryTreeNode>&, std::shared_ptr<DB::IQueryTreeNode> const&, std::shared_ptr<DB::Context const>) @ 0x00000000172e7960
  16. DB::QueryAnalysisPass::run(std::shared_ptr<DB::IQueryTreeNode>&, std::shared_ptr<DB::Context const>) @ 0x00000000172e6f30
  17. DB::QueryTreePassManager::run(std::shared_ptr<DB::IQueryTreeNode>&) @ 0x000000001733d224
  18. DB::buildQueryTreeAndRunPasses(boost::intrusive_ptr<DB::IAST> const&, DB::SelectQueryOptions const&, std::shared_ptr<DB::Context const> const&, std::shared_ptr<DB::IStorage> const&) @ 0x0000000017dd51d4
  19. DB::InterpreterSelectQueryAnalyzer::InterpreterSelectQueryAnalyzer(boost::intrusive_ptr<DB::IAST> const&, std::shared_ptr<DB::Context const> const&, DB::SelectQueryOptions const&, std::vector<String, std::allocator<String>> const&, DB::ActionsDAG const*) @ 0x0000000017dd2f10
  20. DB::InterpreterSelectQueryAnalyzer::getSampleBlock(boost::intrusive_ptr<DB::IAST> const&, std::shared_ptr<DB::Context const> const&, DB::SelectQueryOptions const&) @ 0x0000000017dd6228
  21. DB::InterpreterCreateQuery::getTablePropertiesAndNormalizeCreateQuery(DB::ASTCreateQuery&, DB::LoadingStrictnessLevel) @ 0x0000000017d32ed4
  22. DB::InterpreterCreateQuery::createTable(DB::ASTCreateQuery&) @ 0x0000000017d39948
  23. DB::InterpreterCreateQuery::execute() @ 0x0000000017d4e0f8
  24. DB::executeQueryImpl(char const*, char const*, std::shared_ptr<DB::Context>, DB::QueryFlags, DB::QueryProcessingStage::Enum, std::unique_ptr<DB::ReadBuffer, std::default_delete<DB::ReadBuffer>>&, boost::intrusive_ptr<DB::IAST>&, std::shared_ptr<DB::ImplicitTransactionControlExecutor>, std::function<void ()>, DB::QueryResultDetails&) @ 0x00000000181ae158
  25. DB::executeQuery(std::basic_string_view<char, std::char_traits<char>>, std::shared_ptr<DB::Context>, DB::QueryFlags, DB::QueryProcessingStage::Enum) @ 0x00000000181a9578
  26. DB::TCPHandler::runImpl() @ 0x00000000196ca2f8
  27. DB::TCPHandler::run() @ 0x00000000196e9748
  28. Poco::Net::TCPServerConnection::start() @ 0x000000001e86cad8
  29. Poco::Net::TCPServerDispatcher::run() @ 0x000000001e86d0e4
  30. Poco::PooledThread::run() @ 0x000000001e82c0f8
  31. Poco::ThreadImpl::runnableEntry(void*) @ 0x000000001e82a2f0
  compiled code at target/run/dwh/models/staging/stg_payments.sql
[0m09:52:18.876794 [info ] [MainThread]: 
[0m09:52:18.877273 [info ] [MainThread]:   compiled code at target/compiled/dwh/models/staging/stg_payments.sql
[0m09:52:18.877607 [info ] [MainThread]: 
[0m09:52:18.877861 [error] [MainThread]: [31mFailure in model stg_listings (models/staging/stg_listings.sql)[0m
[0m09:52:18.878128 [error] [MainThread]:   Database Error in model stg_listings (models/staging/stg_listings.sql)
  Code: 497.
  DB::Exception: S3 access from user queries is not allowed to use the server's own credentials (environment variables, instance metadata, IRSA, instance profile, or AWS config files). Provide explicit credentials, use NOSIGN for public buckets, grant access through an IAM role passed as extra_credentials(role_arn = '...'), or enable the setting `s3_allow_server_credentials_in_user_queries`.. Stack trace:
  
  0. DB::Exception::Exception(DB::Exception::MessageMasked&&, int, bool) @ 0x00000000137733d0
  1. DB::Exception::Exception(String&&, int, String, bool) @ 0x000000000e3f9d18
  2. DB::Exception::Exception(PreformattedMessage&&, int) @ 0x000000000e3f958c
  3. DB::Exception::Exception<>(int, FormatStringHelperImpl<>) @ 0x0000000013771a14
  4. DB::S3::getCredentialsProvider(DB::S3::PocoHTTPClientConfiguration const&, Aws::Auth::AWSCredentials const&, DB::S3::CredentialsConfiguration const&) @ 0x0000000013be8a64
  5. DB::S3::ClientFactory::create(DB::S3::PocoHTTPClientConfiguration const&, DB::S3::ClientSettings, String const&, String const&, String const&, DB::S3::ServerSideEncryptionKMSConfig, std::vector<DB::HTTPHeaderEntry, std::allocator<DB::HTTPHeaderEntry>>, DB::S3::CredentialsConfiguration, String const&, std::shared_ptr<DB::S3::ClientCache> const&) @ 0x0000000013c12090
  6. DB::getClient(DB::S3::URI const&, DB::S3Settings const&, std::shared_ptr<DB::Context const>, bool, std::optional<String>, std::optional<std::function<std::shared_ptr<DataLake::IStorageCredentials> ()>>, bool, bool) @ 0x00000000167217b4
  7. DB::StorageS3Configuration::createObjectStorage(std::shared_ptr<DB::Context const>, bool, std::optional<std::function<std::shared_ptr<DataLake::IStorageCredentials> ()>>) @ 0x0000000016423230
  8. DB::TableFunctionObjectStorage<DB::S3Definition, DB::StorageS3Configuration, false>::getObjectStorage(std::shared_ptr<DB::Context const> const&, bool) const @ 0x000000001573e110
  9. DB::TableFunctionObjectStorage<DB::S3Definition, DB::StorageS3Configuration, false>::executeImpl(boost::intrusive_ptr<DB::IAST> const&, std::shared_ptr<DB::Context const>, String const&, DB::ColumnsDescription, bool) const @ 0x000000001573d93c
  10. DB::ITableFunction::execute(boost::intrusive_ptr<DB::IAST> const&, std::shared_ptr<DB::Context const>, String const&, DB::ColumnsDescription, bool, bool) const @ 0x000000001624008c
  11. DB::Context::executeTableFunction(boost::intrusive_ptr<DB::IAST> const&, std::shared_ptr<DB::ITableFunction> const&, std::shared_ptr<DB::Context const> const&) @ 0x0000000017aaeebc
  12. DB::QueryAnalyzer::resolveTableFunction(std::shared_ptr<DB::IQueryTreeNode>&, DB::IdentifierResolveScope&, DB::QueryExpressionsAliasVisitor&, bool) @ 0x00000000172f5e80
  13. DB::QueryAnalyzer::resolveQueryJoinTreeNode(std::shared_ptr<DB::IQueryTreeNode>&, DB::IdentifierResolveScope&, DB::QueryExpressionsAliasVisitor&) @ 0x0000000017314d90
  14. DB::QueryAnalyzer::resolveQuery(std::shared_ptr<DB::IQueryTreeNode> const&, DB::IdentifierResolveScope&) @ 0x00000000172e9a54
  15. DB::QueryAnalyzer::resolve(std::shared_ptr<DB::IQueryTreeNode>&, std::shared_ptr<DB::IQueryTreeNode> const&, std::shared_ptr<DB::Context const>) @ 0x00000000172e7960
  16. DB::QueryAnalysisPass::run(std::shared_ptr<DB::IQueryTreeNode>&, std::shared_ptr<DB::Context const>) @ 0x00000000172e6f30
  17. DB::QueryTreePassManager::run(std::shared_ptr<DB::IQueryTreeNode>&) @ 0x000000001733d224
  18. DB::buildQueryTreeAndRunPasses(boost::intrusive_ptr<DB::IAST> const&, DB::SelectQueryOptions const&, std::shared_ptr<DB::Context const> const&, std::shared_ptr<DB::IStorage> const&) @ 0x0000000017dd51d4
  19. DB::InterpreterSelectQueryAnalyzer::InterpreterSelectQueryAnalyzer(boost::intrusive_ptr<DB::IAST> const&, std::shared_ptr<DB::Context const> const&, DB::SelectQueryOptions const&, std::vector<String, std::allocator<String>> const&, DB::ActionsDAG const*) @ 0x0000000017dd2f10
  20. DB::InterpreterSelectQueryAnalyzer::getSampleBlock(boost::intrusive_ptr<DB::IAST> const&, std::shared_ptr<DB::Context const> const&, DB::SelectQueryOptions const&) @ 0x0000000017dd6228
  21. DB::InterpreterCreateQuery::getTablePropertiesAndNormalizeCreateQuery(DB::ASTCreateQuery&, DB::LoadingStrictnessLevel) @ 0x0000000017d32ed4
  22. DB::InterpreterCreateQuery::createTable(DB::ASTCreateQuery&) @ 0x0000000017d39948
  23. DB::InterpreterCreateQuery::execute() @ 0x0000000017d4e0f8
  24. DB::executeQueryImpl(char const*, char const*, std::shared_ptr<DB::Context>, DB::QueryFlags, DB::QueryProcessingStage::Enum, std::unique_ptr<DB::ReadBuffer, std::default_delete<DB::ReadBuffer>>&, boost::intrusive_ptr<DB::IAST>&, std::shared_ptr<DB::ImplicitTransactionControlExecutor>, std::function<void ()>, DB::QueryResultDetails&) @ 0x00000000181ae158
  25. DB::executeQuery(std::basic_string_view<char, std::char_traits<char>>, std::shared_ptr<DB::Context>, DB::QueryFlags, DB::QueryProcessingStage::Enum) @ 0x00000000181a9578
  26. DB::TCPHandler::runImpl() @ 0x00000000196ca2f8
  27. DB::TCPHandler::run() @ 0x00000000196e9748
  28. Poco::Net::TCPServerConnection::start() @ 0x000000001e86cad8
  29. Poco::Net::TCPServerDispatcher::run() @ 0x000000001e86d0e4
  30. Poco::PooledThread::run() @ 0x000000001e82c0f8
  31. Poco::ThreadImpl::runnableEntry(void*) @ 0x000000001e82a2f0
  compiled code at target/run/dwh/models/staging/stg_listings.sql
[0m09:52:18.878567 [info ] [MainThread]: 
[0m09:52:18.878845 [info ] [MainThread]:   compiled code at target/compiled/dwh/models/staging/stg_listings.sql
[0m09:52:18.879156 [info ] [MainThread]: 
[0m09:52:18.879399 [error] [MainThread]: [31mFailure in model stg_categories (models/staging/stg_categories.sql)[0m
[0m09:52:18.879839 [error] [MainThread]:   Database Error in model stg_categories (models/staging/stg_categories.sql)
  Code: 497.
  DB::Exception: S3 access from user queries is not allowed to use the server's own credentials (environment variables, instance metadata, IRSA, instance profile, or AWS config files). Provide explicit credentials, use NOSIGN for public buckets, grant access through an IAM role passed as extra_credentials(role_arn = '...'), or enable the setting `s3_allow_server_credentials_in_user_queries`.. Stack trace:
  
  0. DB::Exception::Exception(DB::Exception::MessageMasked&&, int, bool) @ 0x00000000137733d0
  1. DB::Exception::Exception(String&&, int, String, bool) @ 0x000000000e3f9d18
  2. DB::Exception::Exception(PreformattedMessage&&, int) @ 0x000000000e3f958c
  3. DB::Exception::Exception<>(int, FormatStringHelperImpl<>) @ 0x0000000013771a14
  4. DB::S3::getCredentialsProvider(DB::S3::PocoHTTPClientConfiguration const&, Aws::Auth::AWSCredentials const&, DB::S3::CredentialsConfiguration const&) @ 0x0000000013be8a64
  5. DB::S3::ClientFactory::create(DB::S3::PocoHTTPClientConfiguration const&, DB::S3::ClientSettings, String const&, String const&, String const&, DB::S3::ServerSideEncryptionKMSConfig, std::vector<DB::HTTPHeaderEntry, std::allocator<DB::HTTPHeaderEntry>>, DB::S3::CredentialsConfiguration, String const&, std::shared_ptr<DB::S3::ClientCache> const&) @ 0x0000000013c12090
  6. DB::getClient(DB::S3::URI const&, DB::S3Settings const&, std::shared_ptr<DB::Context const>, bool, std::optional<String>, std::optional<std::function<std::shared_ptr<DataLake::IStorageCredentials> ()>>, bool, bool) @ 0x00000000167217b4
  7. DB::StorageS3Configuration::createObjectStorage(std::shared_ptr<DB::Context const>, bool, std::optional<std::function<std::shared_ptr<DataLake::IStorageCredentials> ()>>) @ 0x0000000016423230
  8. DB::TableFunctionObjectStorage<DB::S3Definition, DB::StorageS3Configuration, false>::getObjectStorage(std::shared_ptr<DB::Context const> const&, bool) const @ 0x000000001573e110
  9. DB::TableFunctionObjectStorage<DB::S3Definition, DB::StorageS3Configuration, false>::executeImpl(boost::intrusive_ptr<DB::IAST> const&, std::shared_ptr<DB::Context const>, String const&, DB::ColumnsDescription, bool) const @ 0x000000001573d93c
  10. DB::ITableFunction::execute(boost::intrusive_ptr<DB::IAST> const&, std::shared_ptr<DB::Context const>, String const&, DB::ColumnsDescription, bool, bool) const @ 0x000000001624008c
  11. DB::Context::executeTableFunction(boost::intrusive_ptr<DB::IAST> const&, std::shared_ptr<DB::ITableFunction> const&, std::shared_ptr<DB::Context const> const&) @ 0x0000000017aaeebc
  12. DB::QueryAnalyzer::resolveTableFunction(std::shared_ptr<DB::IQueryTreeNode>&, DB::IdentifierResolveScope&, DB::QueryExpressionsAliasVisitor&, bool) @ 0x00000000172f5e80
  13. DB::QueryAnalyzer::resolveQueryJoinTreeNode(std::shared_ptr<DB::IQueryTreeNode>&, DB::IdentifierResolveScope&, DB::QueryExpressionsAliasVisitor&) @ 0x0000000017314d90
  14. DB::QueryAnalyzer::resolveQuery(std::shared_ptr<DB::IQueryTreeNode> const&, DB::IdentifierResolveScope&) @ 0x00000000172e9a54
  15. DB::QueryAnalyzer::resolve(std::shared_ptr<DB::IQueryTreeNode>&, std::shared_ptr<DB::IQueryTreeNode> const&, std::shared_ptr<DB::Context const>) @ 0x00000000172e7960
  16. DB::QueryAnalysisPass::run(std::shared_ptr<DB::IQueryTreeNode>&, std::shared_ptr<DB::Context const>) @ 0x00000000172e6f30
  17. DB::QueryTreePassManager::run(std::shared_ptr<DB::IQueryTreeNode>&) @ 0x000000001733d224
  18. DB::buildQueryTreeAndRunPasses(boost::intrusive_ptr<DB::IAST> const&, DB::SelectQueryOptions const&, std::shared_ptr<DB::Context const> const&, std::shared_ptr<DB::IStorage> const&) @ 0x0000000017dd51d4
  19. DB::InterpreterSelectQueryAnalyzer::InterpreterSelectQueryAnalyzer(boost::intrusive_ptr<DB::IAST> const&, std::shared_ptr<DB::Context const> const&, DB::SelectQueryOptions const&, std::vector<String, std::allocator<String>> const&, DB::ActionsDAG const*) @ 0x0000000017dd2f10
  20. DB::InterpreterSelectQueryAnalyzer::getSampleBlock(boost::intrusive_ptr<DB::IAST> const&, std::shared_ptr<DB::Context const> const&, DB::SelectQueryOptions const&) @ 0x0000000017dd6228
  21. DB::InterpreterCreateQuery::getTablePropertiesAndNormalizeCreateQuery(DB::ASTCreateQuery&, DB::LoadingStrictnessLevel) @ 0x0000000017d32ed4
  22. DB::InterpreterCreateQuery::createTable(DB::ASTCreateQuery&) @ 0x0000000017d39948
  23. DB::InterpreterCreateQuery::execute() @ 0x0000000017d4e0f8
  24. DB::executeQueryImpl(char const*, char const*, std::shared_ptr<DB::Context>, DB::QueryFlags, DB::QueryProcessingStage::Enum, std::unique_ptr<DB::ReadBuffer, std::default_delete<DB::ReadBuffer>>&, boost::intrusive_ptr<DB::IAST>&, std::shared_ptr<DB::ImplicitTransactionControlExecutor>, std::function<void ()>, DB::QueryResultDetails&) @ 0x00000000181ae158
  25. DB::executeQuery(std::basic_string_view<char, std::char_traits<char>>, std::shared_ptr<DB::Context>, DB::QueryFlags, DB::QueryProcessingStage::Enum) @ 0x00000000181a9578
  26. DB::TCPHandler::runImpl() @ 0x00000000196ca2f8
  27. DB::TCPHandler::run() @ 0x00000000196e9748
  28. Poco::Net::TCPServerConnection::start() @ 0x000000001e86cad8
  29. Poco::Net::TCPServerDispatcher::run() @ 0x000000001e86d0e4
  30. Poco::PooledThread::run() @ 0x000000001e82c0f8
  31. Poco::ThreadImpl::runnableEntry(void*) @ 0x000000001e82a2f0
  compiled code at target/run/dwh/models/staging/stg_categories.sql
[0m09:52:18.880238 [info ] [MainThread]: 
[0m09:52:18.880951 [info ] [MainThread]:   compiled code at target/compiled/dwh/models/staging/stg_categories.sql
[0m09:52:18.881426 [info ] [MainThread]: 
[0m09:52:18.881840 [error] [MainThread]: [31mFailure in model stg_user_activity (models/staging/stg_user_activity.sql)[0m
[0m09:52:18.882339 [error] [MainThread]:   Database Error in model stg_user_activity (models/staging/stg_user_activity.sql)
  Code: 497.
  DB::Exception: S3 access from user queries is not allowed to use the server's own credentials (environment variables, instance metadata, IRSA, instance profile, or AWS config files). Provide explicit credentials, use NOSIGN for public buckets, grant access through an IAM role passed as extra_credentials(role_arn = '...'), or enable the setting `s3_allow_server_credentials_in_user_queries`.. Stack trace:
  
  0. DB::Exception::Exception(DB::Exception::MessageMasked&&, int, bool) @ 0x00000000137733d0
  1. DB::Exception::Exception(String&&, int, String, bool) @ 0x000000000e3f9d18
  2. DB::Exception::Exception(PreformattedMessage&&, int) @ 0x000000000e3f958c
  3. DB::Exception::Exception<>(int, FormatStringHelperImpl<>) @ 0x0000000013771a14
  4. DB::S3::getCredentialsProvider(DB::S3::PocoHTTPClientConfiguration const&, Aws::Auth::AWSCredentials const&, DB::S3::CredentialsConfiguration const&) @ 0x0000000013be8a64
  5. DB::S3::ClientFactory::create(DB::S3::PocoHTTPClientConfiguration const&, DB::S3::ClientSettings, String const&, String const&, String const&, DB::S3::ServerSideEncryptionKMSConfig, std::vector<DB::HTTPHeaderEntry, std::allocator<DB::HTTPHeaderEntry>>, DB::S3::CredentialsConfiguration, String const&, std::shared_ptr<DB::S3::ClientCache> const&) @ 0x0000000013c12090
  6. DB::getClient(DB::S3::URI const&, DB::S3Settings const&, std::shared_ptr<DB::Context const>, bool, std::optional<String>, std::optional<std::function<std::shared_ptr<DataLake::IStorageCredentials> ()>>, bool, bool) @ 0x00000000167217b4
  7. DB::StorageS3Configuration::createObjectStorage(std::shared_ptr<DB::Context const>, bool, std::optional<std::function<std::shared_ptr<DataLake::IStorageCredentials> ()>>) @ 0x0000000016423230
  8. DB::TableFunctionObjectStorage<DB::S3Definition, DB::StorageS3Configuration, false>::getObjectStorage(std::shared_ptr<DB::Context const> const&, bool) const @ 0x000000001573e110
  9. DB::TableFunctionObjectStorage<DB::S3Definition, DB::StorageS3Configuration, false>::executeImpl(boost::intrusive_ptr<DB::IAST> const&, std::shared_ptr<DB::Context const>, String const&, DB::ColumnsDescription, bool) const @ 0x000000001573d93c
  10. DB::ITableFunction::execute(boost::intrusive_ptr<DB::IAST> const&, std::shared_ptr<DB::Context const>, String const&, DB::ColumnsDescription, bool, bool) const @ 0x000000001624008c
  11. DB::Context::executeTableFunction(boost::intrusive_ptr<DB::IAST> const&, std::shared_ptr<DB::ITableFunction> const&, std::shared_ptr<DB::Context const> const&) @ 0x0000000017aaeebc
  12. DB::QueryAnalyzer::resolveTableFunction(std::shared_ptr<DB::IQueryTreeNode>&, DB::IdentifierResolveScope&, DB::QueryExpressionsAliasVisitor&, bool) @ 0x00000000172f5e80
  13. DB::QueryAnalyzer::resolveQueryJoinTreeNode(std::shared_ptr<DB::IQueryTreeNode>&, DB::IdentifierResolveScope&, DB::QueryExpressionsAliasVisitor&) @ 0x0000000017314d90
  14. DB::QueryAnalyzer::resolveQuery(std::shared_ptr<DB::IQueryTreeNode> const&, DB::IdentifierResolveScope&) @ 0x00000000172e9a54
  15. DB::QueryAnalyzer::resolve(std::shared_ptr<DB::IQueryTreeNode>&, std::shared_ptr<DB::IQueryTreeNode> const&, std::shared_ptr<DB::Context const>) @ 0x00000000172e7960
  16. DB::QueryAnalysisPass::run(std::shared_ptr<DB::IQueryTreeNode>&, std::shared_ptr<DB::Context const>) @ 0x00000000172e6f30
  17. DB::QueryTreePassManager::run(std::shared_ptr<DB::IQueryTreeNode>&) @ 0x000000001733d224
  18. DB::buildQueryTreeAndRunPasses(boost::intrusive_ptr<DB::IAST> const&, DB::SelectQueryOptions const&, std::shared_ptr<DB::Context const> const&, std::shared_ptr<DB::IStorage> const&) @ 0x0000000017dd51d4
  19. DB::InterpreterSelectQueryAnalyzer::InterpreterSelectQueryAnalyzer(boost::intrusive_ptr<DB::IAST> const&, std::shared_ptr<DB::Context const> const&, DB::SelectQueryOptions const&, std::vector<String, std::allocator<String>> const&, DB::ActionsDAG const*) @ 0x0000000017dd2f10
  20. DB::InterpreterSelectQueryAnalyzer::getSampleBlock(boost::intrusive_ptr<DB::IAST> const&, std::shared_ptr<DB::Context const> const&, DB::SelectQueryOptions const&) @ 0x0000000017dd6228
  21. DB::InterpreterCreateQuery::getTablePropertiesAndNormalizeCreateQuery(DB::ASTCreateQuery&, DB::LoadingStrictnessLevel) @ 0x0000000017d32ed4
  22. DB::InterpreterCreateQuery::createTable(DB::ASTCreateQuery&) @ 0x0000000017d39948
  23. DB::InterpreterCreateQuery::execute() @ 0x0000000017d4e0f8
  24. DB::executeQueryImpl(char const*, char const*, std::shared_ptr<DB::Context>, DB::QueryFlags, DB::QueryProcessingStage::Enum, std::unique_ptr<DB::ReadBuffer, std::default_delete<DB::ReadBuffer>>&, boost::intrusive_ptr<DB::IAST>&, std::shared_ptr<DB::ImplicitTransactionControlExecutor>, std::function<void ()>, DB::QueryResultDetails&) @ 0x00000000181ae158
  25. DB::executeQuery(std::basic_string_view<char, std::char_traits<char>>, std::shared_ptr<DB::Context>, DB::QueryFlags, DB::QueryProcessingStage::Enum) @ 0x00000000181a9578
  26. DB::TCPHandler::runImpl() @ 0x00000000196ca2f8
  27. DB::TCPHandler::run() @ 0x00000000196e9748
  28. Poco::Net::TCPServerConnection::start() @ 0x000000001e86cad8
  29. Poco::Net::TCPServerDispatcher::run() @ 0x000000001e86d0e4
  30. Poco::PooledThread::run() @ 0x000000001e82c0f8
  31. Poco::ThreadImpl::runnableEntry(void*) @ 0x000000001e82a2f0
  compiled code at target/run/dwh/models/staging/stg_user_activity.sql
[0m09:52:18.882751 [info ] [MainThread]: 
[0m09:52:18.883276 [info ] [MainThread]:   compiled code at target/compiled/dwh/models/staging/stg_user_activity.sql
[0m09:52:18.883502 [info ] [MainThread]: 
[0m09:52:18.883830 [error] [MainThread]: [31mFailure in model stg_users (models/staging/stg_users.sql)[0m
[0m09:52:18.884254 [error] [MainThread]:   Database Error in model stg_users (models/staging/stg_users.sql)
  Code: 497.
  DB::Exception: S3 access from user queries is not allowed to use the server's own credentials (environment variables, instance metadata, IRSA, instance profile, or AWS config files). Provide explicit credentials, use NOSIGN for public buckets, grant access through an IAM role passed as extra_credentials(role_arn = '...'), or enable the setting `s3_allow_server_credentials_in_user_queries`.. Stack trace:
  
  0. DB::Exception::Exception(DB::Exception::MessageMasked&&, int, bool) @ 0x00000000137733d0
  1. DB::Exception::Exception(String&&, int, String, bool) @ 0x000000000e3f9d18
  2. DB::Exception::Exception(PreformattedMessage&&, int) @ 0x000000000e3f958c
  3. DB::Exception::Exception<>(int, FormatStringHelperImpl<>) @ 0x0000000013771a14
  4. DB::S3::getCredentialsProvider(DB::S3::PocoHTTPClientConfiguration const&, Aws::Auth::AWSCredentials const&, DB::S3::CredentialsConfiguration const&) @ 0x0000000013be8a64
  5. DB::S3::ClientFactory::create(DB::S3::PocoHTTPClientConfiguration const&, DB::S3::ClientSettings, String const&, String const&, String const&, DB::S3::ServerSideEncryptionKMSConfig, std::vector<DB::HTTPHeaderEntry, std::allocator<DB::HTTPHeaderEntry>>, DB::S3::CredentialsConfiguration, String const&, std::shared_ptr<DB::S3::ClientCache> const&) @ 0x0000000013c12090
  6. DB::getClient(DB::S3::URI const&, DB::S3Settings const&, std::shared_ptr<DB::Context const>, bool, std::optional<String>, std::optional<std::function<std::shared_ptr<DataLake::IStorageCredentials> ()>>, bool, bool) @ 0x00000000167217b4
  7. DB::StorageS3Configuration::createObjectStorage(std::shared_ptr<DB::Context const>, bool, std::optional<std::function<std::shared_ptr<DataLake::IStorageCredentials> ()>>) @ 0x0000000016423230
  8. DB::TableFunctionObjectStorage<DB::S3Definition, DB::StorageS3Configuration, false>::getObjectStorage(std::shared_ptr<DB::Context const> const&, bool) const @ 0x000000001573e110
  9. DB::TableFunctionObjectStorage<DB::S3Definition, DB::StorageS3Configuration, false>::executeImpl(boost::intrusive_ptr<DB::IAST> const&, std::shared_ptr<DB::Context const>, String const&, DB::ColumnsDescription, bool) const @ 0x000000001573d93c
  10. DB::ITableFunction::execute(boost::intrusive_ptr<DB::IAST> const&, std::shared_ptr<DB::Context const>, String const&, DB::ColumnsDescription, bool, bool) const @ 0x000000001624008c
  11. DB::Context::executeTableFunction(boost::intrusive_ptr<DB::IAST> const&, std::shared_ptr<DB::ITableFunction> const&, std::shared_ptr<DB::Context const> const&) @ 0x0000000017aaeebc
  12. DB::QueryAnalyzer::resolveTableFunction(std::shared_ptr<DB::IQueryTreeNode>&, DB::IdentifierResolveScope&, DB::QueryExpressionsAliasVisitor&, bool) @ 0x00000000172f5e80
  13. DB::QueryAnalyzer::resolveQueryJoinTreeNode(std::shared_ptr<DB::IQueryTreeNode>&, DB::IdentifierResolveScope&, DB::QueryExpressionsAliasVisitor&) @ 0x0000000017314d90
  14. DB::QueryAnalyzer::resolveQuery(std::shared_ptr<DB::IQueryTreeNode> const&, DB::IdentifierResolveScope&) @ 0x00000000172e9a54
  15. DB::QueryAnalyzer::resolve(std::shared_ptr<DB::IQueryTreeNode>&, std::shared_ptr<DB::IQueryTreeNode> const&, std::shared_ptr<DB::Context const>) @ 0x00000000172e7960
  16. DB::QueryAnalysisPass::run(std::shared_ptr<DB::IQueryTreeNode>&, std::shared_ptr<DB::Context const>) @ 0x00000000172e6f30
  17. DB::QueryTreePassManager::run(std::shared_ptr<DB::IQueryTreeNode>&) @ 0x000000001733d224
  18. DB::buildQueryTreeAndRunPasses(boost::intrusive_ptr<DB::IAST> const&, DB::SelectQueryOptions const&, std::shared_ptr<DB::Context const> const&, std::shared_ptr<DB::IStorage> const&) @ 0x0000000017dd51d4
  19. DB::InterpreterSelectQueryAnalyzer::InterpreterSelectQueryAnalyzer(boost::intrusive_ptr<DB::IAST> const&, std::shared_ptr<DB::Context const> const&, DB::SelectQueryOptions const&, std::vector<String, std::allocator<String>> const&, DB::ActionsDAG const*) @ 0x0000000017dd2f10
  20. DB::InterpreterSelectQueryAnalyzer::getSampleBlock(boost::intrusive_ptr<DB::IAST> const&, std::shared_ptr<DB::Context const> const&, DB::SelectQueryOptions const&) @ 0x0000000017dd6228
  21. DB::InterpreterCreateQuery::getTablePropertiesAndNormalizeCreateQuery(DB::ASTCreateQuery&, DB::LoadingStrictnessLevel) @ 0x0000000017d32ed4
  22. DB::InterpreterCreateQuery::createTable(DB::ASTCreateQuery&) @ 0x0000000017d39948
  23. DB::InterpreterCreateQuery::execute() @ 0x0000000017d4e0f8
  24. DB::executeQueryImpl(char const*, char const*, std::shared_ptr<DB::Context>, DB::QueryFlags, DB::QueryProcessingStage::Enum, std::unique_ptr<DB::ReadBuffer, std::default_delete<DB::ReadBuffer>>&, boost::intrusive_ptr<DB::IAST>&, std::shared_ptr<DB::ImplicitTransactionControlExecutor>, std::function<void ()>, DB::QueryResultDetails&) @ 0x00000000181ae158
  25. DB::executeQuery(std::basic_string_view<char, std::char_traits<char>>, std::shared_ptr<DB::Context>, DB::QueryFlags, DB::QueryProcessingStage::Enum) @ 0x00000000181a9578
  26. DB::TCPHandler::runImpl() @ 0x00000000196ca2f8
  27. DB::TCPHandler::run() @ 0x00000000196e9748
  28. Poco::Net::TCPServerConnection::start() @ 0x000000001e86cad8
  29. Poco::Net::TCPServerDispatcher::run() @ 0x000000001e86d0e4
  30. Poco::PooledThread::run() @ 0x000000001e82c0f8
  31. Poco::ThreadImpl::runnableEntry(void*) @ 0x000000001e82a2f0
  compiled code at target/run/dwh/models/staging/stg_users.sql
[0m09:52:18.884742 [info ] [MainThread]: 
[0m09:52:18.885127 [info ] [MainThread]:   compiled code at target/compiled/dwh/models/staging/stg_users.sql
[0m09:52:18.885350 [info ] [MainThread]: 
[0m09:52:18.885670 [error] [MainThread]: [31mFailure in model stg_vas_types (models/staging/stg_vas_types.sql)[0m
[0m09:52:18.886009 [error] [MainThread]:   Database Error in model stg_vas_types (models/staging/stg_vas_types.sql)
  Code: 497.
  DB::Exception: S3 access from user queries is not allowed to use the server's own credentials (environment variables, instance metadata, IRSA, instance profile, or AWS config files). Provide explicit credentials, use NOSIGN for public buckets, grant access through an IAM role passed as extra_credentials(role_arn = '...'), or enable the setting `s3_allow_server_credentials_in_user_queries`.. Stack trace:
  
  0. DB::Exception::Exception(DB::Exception::MessageMasked&&, int, bool) @ 0x00000000137733d0
  1. DB::Exception::Exception(String&&, int, String, bool) @ 0x000000000e3f9d18
  2. DB::Exception::Exception(PreformattedMessage&&, int) @ 0x000000000e3f958c
  3. DB::Exception::Exception<>(int, FormatStringHelperImpl<>) @ 0x0000000013771a14
  4. DB::S3::getCredentialsProvider(DB::S3::PocoHTTPClientConfiguration const&, Aws::Auth::AWSCredentials const&, DB::S3::CredentialsConfiguration const&) @ 0x0000000013be8a64
  5. DB::S3::ClientFactory::create(DB::S3::PocoHTTPClientConfiguration const&, DB::S3::ClientSettings, String const&, String const&, String const&, DB::S3::ServerSideEncryptionKMSConfig, std::vector<DB::HTTPHeaderEntry, std::allocator<DB::HTTPHeaderEntry>>, DB::S3::CredentialsConfiguration, String const&, std::shared_ptr<DB::S3::ClientCache> const&) @ 0x0000000013c12090
  6. DB::getClient(DB::S3::URI const&, DB::S3Settings const&, std::shared_ptr<DB::Context const>, bool, std::optional<String>, std::optional<std::function<std::shared_ptr<DataLake::IStorageCredentials> ()>>, bool, bool) @ 0x00000000167217b4
  7. DB::StorageS3Configuration::createObjectStorage(std::shared_ptr<DB::Context const>, bool, std::optional<std::function<std::shared_ptr<DataLake::IStorageCredentials> ()>>) @ 0x0000000016423230
  8. DB::TableFunctionObjectStorage<DB::S3Definition, DB::StorageS3Configuration, false>::getObjectStorage(std::shared_ptr<DB::Context const> const&, bool) const @ 0x000000001573e110
  9. DB::TableFunctionObjectStorage<DB::S3Definition, DB::StorageS3Configuration, false>::executeImpl(boost::intrusive_ptr<DB::IAST> const&, std::shared_ptr<DB::Context const>, String const&, DB::ColumnsDescription, bool) const @ 0x000000001573d93c
  10. DB::ITableFunction::execute(boost::intrusive_ptr<DB::IAST> const&, std::shared_ptr<DB::Context const>, String const&, DB::ColumnsDescription, bool, bool) const @ 0x000000001624008c
  11. DB::Context::executeTableFunction(boost::intrusive_ptr<DB::IAST> const&, std::shared_ptr<DB::ITableFunction> const&, std::shared_ptr<DB::Context const> const&) @ 0x0000000017aaeebc
  12. DB::QueryAnalyzer::resolveTableFunction(std::shared_ptr<DB::IQueryTreeNode>&, DB::IdentifierResolveScope&, DB::QueryExpressionsAliasVisitor&, bool) @ 0x00000000172f5e80
  13. DB::QueryAnalyzer::resolveQueryJoinTreeNode(std::shared_ptr<DB::IQueryTreeNode>&, DB::IdentifierResolveScope&, DB::QueryExpressionsAliasVisitor&) @ 0x0000000017314d90
  14. DB::QueryAnalyzer::resolveQuery(std::shared_ptr<DB::IQueryTreeNode> const&, DB::IdentifierResolveScope&) @ 0x00000000172e9a54
  15. DB::QueryAnalyzer::resolve(std::shared_ptr<DB::IQueryTreeNode>&, std::shared_ptr<DB::IQueryTreeNode> const&, std::shared_ptr<DB::Context const>) @ 0x00000000172e7960
  16. DB::QueryAnalysisPass::run(std::shared_ptr<DB::IQueryTreeNode>&, std::shared_ptr<DB::Context const>) @ 0x00000000172e6f30
  17. DB::QueryTreePassManager::run(std::shared_ptr<DB::IQueryTreeNode>&) @ 0x000000001733d224
  18. DB::buildQueryTreeAndRunPasses(boost::intrusive_ptr<DB::IAST> const&, DB::SelectQueryOptions const&, std::shared_ptr<DB::Context const> const&, std::shared_ptr<DB::IStorage> const&) @ 0x0000000017dd51d4
  19. DB::InterpreterSelectQueryAnalyzer::InterpreterSelectQueryAnalyzer(boost::intrusive_ptr<DB::IAST> const&, std::shared_ptr<DB::Context const> const&, DB::SelectQueryOptions const&, std::vector<String, std::allocator<String>> const&, DB::ActionsDAG const*) @ 0x0000000017dd2f10
  20. DB::InterpreterSelectQueryAnalyzer::getSampleBlock(boost::intrusive_ptr<DB::IAST> const&, std::shared_ptr<DB::Context const> const&, DB::SelectQueryOptions const&) @ 0x0000000017dd6228
  21. DB::InterpreterCreateQuery::getTablePropertiesAndNormalizeCreateQuery(DB::ASTCreateQuery&, DB::LoadingStrictnessLevel) @ 0x0000000017d32ed4
  22. DB::InterpreterCreateQuery::createTable(DB::ASTCreateQuery&) @ 0x0000000017d39948
  23. DB::InterpreterCreateQuery::execute() @ 0x0000000017d4e0f8
  24. DB::executeQueryImpl(char const*, char const*, std::shared_ptr<DB::Context>, DB::QueryFlags, DB::QueryProcessingStage::Enum, std::unique_ptr<DB::ReadBuffer, std::default_delete<DB::ReadBuffer>>&, boost::intrusive_ptr<DB::IAST>&, std::shared_ptr<DB::ImplicitTransactionControlExecutor>, std::function<void ()>, DB::QueryResultDetails&) @ 0x00000000181ae158
  25. DB::executeQuery(std::basic_string_view<char, std::char_traits<char>>, std::shared_ptr<DB::Context>, DB::QueryFlags, DB::QueryProcessingStage::Enum) @ 0x00000000181a9578
  26. DB::TCPHandler::runImpl() @ 0x00000000196ca2f8
  27. DB::TCPHandler::run() @ 0x00000000196e9748
  28. Poco::Net::TCPServerConnection::start() @ 0x000000001e86cad8
  29. Poco::Net::TCPServerDispatcher::run() @ 0x000000001e86d0e4
  30. Poco::PooledThread::run() @ 0x000000001e82c0f8
  31. Poco::ThreadImpl::runnableEntry(void*) @ 0x000000001e82a2f0
  compiled code at target/run/dwh/models/staging/stg_vas_types.sql
[0m09:52:18.886381 [info ] [MainThread]: 
[0m09:52:18.886886 [info ] [MainThread]:   compiled code at target/compiled/dwh/models/staging/stg_vas_types.sql
[0m09:52:18.887114 [info ] [MainThread]: 
[0m09:52:18.887372 [info ] [MainThread]: Done. PASS=0 WARN=0 ERROR=6 SKIP=10 NO-OP=0 TOTAL=16
[0m09:52:18.888152 [debug] [MainThread]: Resource report: {"command_name": "run", "command_success": false, "command_wall_clock_time": 1.0576876, "process_in_blocks": "12776", "process_kernel_time": 0.119797, "process_mem_max_rss": "153332", "process_out_blocks": "4588", "process_user_time": 1.285553}
[0m09:52:18.889035 [debug] [MainThread]: Command `dbt run` failed at 09:52:18.888862 after 1.06 seconds
[0m09:52:18.889414 [debug] [MainThread]: Sending event: {'category': 'dbt', 'action': 'invocation', 'label': 'end', 'context': [<snowplow_tracker.self_describing_json.SelfDescribingJson object at 0xffffb7a0f830>, <snowplow_tracker.self_describing_json.SelfDescribingJson object at 0xffffb8fb2690>, <snowplow_tracker.self_describing_json.SelfDescribingJson object at 0xffff83eda7b0>]}
[0m09:52:18.889794 [debug] [MainThread]: Flushing usage events
[0m09:52:19.878372 [debug] [MainThread]: An error was encountered while trying to flush usage events
[0m10:22:30.213801 [debug] [MainThread]: Sending event: {'category': 'dbt', 'action': 'invocation', 'label': 'start', 'context': [<snowplow_tracker.self_describing_json.SelfDescribingJson object at 0xffff94073770>, <snowplow_tracker.self_describing_json.SelfDescribingJson object at 0xffff9746afd0>, <snowplow_tracker.self_describing_json.SelfDescribingJson object at 0xffff92ea3d90>]}


============================== 10:22:30.216665 | 849ebd3b-e3ef-47b1-8e2c-d10d93aee660 ==============================
[0m10:22:30.216665 [info ] [MainThread]: Running with dbt=1.11.15
[0m10:22:30.216979 [debug] [MainThread]: running dbt with arguments {'version_check': 'True', 'log_format': 'default', 'write_json': 'True', 'no_print': 'None', 'quiet': 'False', 'warn_error_options': 'WarnErrorOptionsV2(error=[], warn=[], silence=[])', 'cache_selected_only': 'False', 'profiles_dir': '/opt/airflow/dbt/profiles', 'use_experimental_parser': 'False', 'log_cache_events': 'False', 'empty': 'False', 'fail_fast': 'False', 'debug': 'False', 'printer_width': '80', 'send_anonymous_usage_stats': 'True', 'invocation_command': 'dbt run', 'use_colors': 'True', 'static_parser': 'True', 'warn_error': 'None', 'partial_parse': 'True', 'target_path': 'None', 'indirect_selection': 'eager', 'introspect': 'True', 'log_path': '/opt/airflow/dbt/logs'}
[0m10:22:30.335681 [debug] [MainThread]: Sending event: {'category': 'dbt', 'action': 'project_id', 'label': '849ebd3b-e3ef-47b1-8e2c-d10d93aee660', 'context': [<snowplow_tracker.self_describing_json.SelfDescribingJson object at 0xffff93b48b00>]}
[0m10:22:30.366476 [debug] [MainThread]: Sending event: {'category': 'dbt', 'action': 'adapter_info', 'label': '849ebd3b-e3ef-47b1-8e2c-d10d93aee660', 'context': [<snowplow_tracker.self_describing_json.SelfDescribingJson object at 0xffff92ef3460>]}
[0m10:22:30.367124 [info ] [MainThread]: Registered adapter: clickhouse=1.10.2
[0m10:22:30.402884 [debug] [MainThread]: checksum: 810725a07b286a161cb6a02f5214572f3ba8aa5d584b5e37ea30d4a281c3d3a5, vars: {}, profile: , target: , version: 1.11.15
[0m10:22:30.448330 [info ] [MainThread]: Unable to do partial parsing because profile has changed
[0m10:22:30.448893 [debug] [MainThread]: Sending event: {'category': 'dbt', 'action': 'partial_parser', 'label': '849ebd3b-e3ef-47b1-8e2c-d10d93aee660', 'context': [<snowplow_tracker.self_describing_json.SelfDescribingJson object at 0xffff92ab8250>]}
[0m10:22:31.204965 [debug] [MainThread]: Sending event: {'category': 'dbt', 'action': 'load_project', 'label': '849ebd3b-e3ef-47b1-8e2c-d10d93aee660', 'context': [<snowplow_tracker.self_describing_json.SelfDescribingJson object at 0xffff92da56d0>]}
[0m10:22:31.245065 [debug] [MainThread]: Wrote artifact WritableManifest to /opt/airflow/dbt/target/manifest.json
[0m10:22:31.247206 [debug] [MainThread]: Wrote artifact SemanticManifest to /opt/airflow/dbt/target/semantic_manifest.json
[0m10:22:31.252973 [debug] [MainThread]: Sending event: {'category': 'dbt', 'action': 'resource_counts', 'label': '849ebd3b-e3ef-47b1-8e2c-d10d93aee660', 'context': [<snowplow_tracker.self_describing_json.SelfDescribingJson object at 0xffff92816270>]}
[0m10:22:31.253294 [info ] [MainThread]: Found 16 models, 536 macros
[0m10:22:31.253481 [debug] [MainThread]: Sending event: {'category': 'dbt', 'action': 'runnable_timing', 'label': '849ebd3b-e3ef-47b1-8e2c-d10d93aee660', 'context': [<snowplow_tracker.self_describing_json.SelfDescribingJson object at 0xffff928c4e20>]}
[0m10:22:31.254999 [info ] [MainThread]: 
[0m10:22:31.255391 [info ] [MainThread]: Concurrency: 4 threads (target='dev')
[0m10:22:31.255830 [info ] [MainThread]: 
[0m10:22:31.256428 [debug] [MainThread]: Acquiring new clickhouse connection 'master'
[0m10:22:31.260355 [debug] [ThreadPool]: Acquiring new clickhouse connection 'list_'
[0m10:22:31.265572 [debug] [ThreadPool]: Opening a new connection, currently in state init
[0m10:22:31.361248 [debug] [ThreadPool]: dbt_clickhouse adapter: On list_: /* {"app": "dbt", "dbt_version": "1.11.15", "profile_name": "dwh", "target_name": "dev", "connection_name": "list_"} */

    select name from system.databases
  ...
[0m10:22:31.362541 [debug] [ThreadPool]: dbt_clickhouse adapter: SQL status: OK in 0.00 seconds
[0m10:22:31.382678 [debug] [ThreadPool]: Re-using an available connection from the pool (formerly list_, now list__dwh)
[0m10:22:31.386590 [debug] [ThreadPool]: dbt_clickhouse adapter: On list__dwh: /* {"app": "dbt", "dbt_version": "1.11.15", "profile_name": "dwh", "target_name": "dev", "connection_name": "list__dwh"} */
with mv_sources as (
      -- Find all MVs and their target tables (database and name of the MV, plus the SELECT SQL)
      select
        name as mv_name,
        database as mv_database,
        any(as_select) as mv_sql,
        any(replaceRegexpOne(create_table_query, '.*TO\\s+`?([^`\\s(]+)`?\\.`?([^`\\s(]+)`?.*', '\\1.\\2')) as target_fqn
      
      from system.tables
      
      where engine = 'MaterializedView'
        and create_table_query like '%TO %'
      group by mv_name, mv_database
    )
    select
      t.name as name,
      t.database as schema,
      multiIf(
        t.engine = 'MaterializedView', 'materialized_view',
        t.engine = 'View', 'view',
        t.engine = 'Dictionary', 'dictionary',
        'table'
      ) as type,
      db.engine as db_engine,
      groupArrayIf(
        map('schema', mv_sources.mv_database, 'name', mv_sources.mv_name, 'sql', mv_sources.mv_sql),
        mv_sources.mv_name != ''
      ) as mvs_pointing_to_it,
      -- The refresh clause of a refreshable MV sits between the view name and the TO clause,
      -- e.g. CREATE MATERIALIZED VIEW db.mv REFRESH EVERY 2 MINUTE [APPEND] TO db.target ...
      max(position(substring(t.create_table_query, 1, position(t.create_table_query, ' TO ')), ' REFRESH ')) > 0 as is_refreshable,
      max(position(substring(t.create_table_query, 1, position(t.create_table_query, ' TO ')), ' APPEND')) > 0 as refreshable_append,0 as is_on_cluster
        from system.tables as t
      
        join system.databases as db on t.database = db.name
        left join mv_sources on mv_sources.target_fqn = concat(t.database, '.', t.name)
      where schema = 'dwh'
      group by name, schema, type, db_engine

  ...
[0m10:22:31.407446 [debug] [ThreadPool]: dbt_clickhouse adapter: SQL status: OK in 0.02 seconds
[0m10:22:31.408861 [debug] [MainThread]: Sending event: {'category': 'dbt', 'action': 'runnable_timing', 'label': '849ebd3b-e3ef-47b1-8e2c-d10d93aee660', 'context': [<snowplow_tracker.self_describing_json.SelfDescribingJson object at 0xffff927ff290>]}
[0m10:22:31.411179 [debug] [Thread-4 (]: Began running node model.dwh.stg_user_activity
[0m10:22:31.411412 [debug] [Thread-3 (]: Began running node model.dwh.stg_payments
[0m10:22:31.411638 [debug] [Thread-1 (]: Began running node model.dwh.stg_categories
[0m10:22:31.411833 [debug] [Thread-2 (]: Began running node model.dwh.stg_listings
[0m10:22:31.412137 [info ] [Thread-4 (]: 4 of 16 START sql view model `dwh`.`stg_user_activity` ......................... [RUN]
[0m10:22:31.412625 [info ] [Thread-3 (]: 3 of 16 START sql view model `dwh`.`stg_payments` .............................. [RUN]
[0m10:22:31.413699 [info ] [Thread-1 (]: 1 of 16 START sql view model `dwh`.`stg_categories` ............................ [RUN]
[0m10:22:31.414080 [info ] [Thread-2 (]: 2 of 16 START sql view model `dwh`.`stg_listings` .............................. [RUN]
[0m10:22:31.414513 [debug] [Thread-4 (]: Acquiring new clickhouse connection 'model.dwh.stg_user_activity'
[0m10:22:31.414870 [debug] [Thread-3 (]: Acquiring new clickhouse connection 'model.dwh.stg_payments'
[0m10:22:31.415140 [debug] [Thread-1 (]: Re-using an available connection from the pool (formerly list__dwh, now model.dwh.stg_categories)
[0m10:22:31.415416 [debug] [Thread-2 (]: Acquiring new clickhouse connection 'model.dwh.stg_listings'
[0m10:22:31.415656 [debug] [Thread-4 (]: Began compiling node model.dwh.stg_user_activity
[0m10:22:31.415891 [debug] [Thread-3 (]: Began compiling node model.dwh.stg_payments
[0m10:22:31.416112 [debug] [Thread-1 (]: Began compiling node model.dwh.stg_categories
[0m10:22:31.416334 [debug] [Thread-2 (]: Began compiling node model.dwh.stg_listings
[0m10:22:31.421154 [debug] [Thread-4 (]: Writing injected SQL for node "model.dwh.stg_user_activity"
[0m10:22:31.422977 [debug] [Thread-3 (]: Writing injected SQL for node "model.dwh.stg_payments"
[0m10:22:31.424787 [debug] [Thread-1 (]: Writing injected SQL for node "model.dwh.stg_categories"
[0m10:22:31.426420 [debug] [Thread-2 (]: Writing injected SQL for node "model.dwh.stg_listings"
[0m10:22:31.428226 [debug] [Thread-3 (]: Began executing node model.dwh.stg_payments
[0m10:22:31.428439 [debug] [Thread-4 (]: Began executing node model.dwh.stg_user_activity
[0m10:22:31.428599 [debug] [Thread-2 (]: Began executing node model.dwh.stg_listings
[0m10:22:31.434217 [debug] [Thread-1 (]: Began executing node model.dwh.stg_categories
[0m10:22:31.436414 [debug] [Thread-3 (]: Creating new relation stg_payments
[0m10:22:31.437456 [debug] [Thread-4 (]: Creating new relation stg_user_activity
[0m10:22:31.438435 [debug] [Thread-2 (]: Creating new relation stg_listings
[0m10:22:31.441671 [debug] [Thread-1 (]: Creating new relation stg_categories
[0m10:22:31.448419 [debug] [Thread-3 (]: Opening a new connection, currently in state init
[0m10:22:31.448887 [debug] [Thread-4 (]: Opening a new connection, currently in state init
[0m10:22:31.449413 [debug] [Thread-2 (]: Opening a new connection, currently in state init
[0m10:22:31.449968 [debug] [Thread-1 (]: Writing runtime sql for node "model.dwh.stg_categories"
[0m10:22:31.453044 [debug] [Thread-1 (]: dbt_clickhouse adapter: On model.dwh.stg_categories: /* {"app": "dbt", "dbt_version": "1.11.15", "profile_name": "dwh", "target_name": "dev", "node_id": "model.dwh.stg_categories"} */


  create or replace view `dwh`.`stg_categories` 
  
    
  
  
    
    
  as (
    

SELECT
    category_id,
    name,
    parent_id
FROM s3(
    'http://minio:9000/raw/mysql/categories/*.parquet',
    'Parquet',
    'category_id Int32, name String, parent_id Nullable(Int32)'
)
    
  )
      
      
                    -- end_of_sql
                    
                    ...
[0m10:22:31.454347 [debug] [Thread-3 (]: Writing runtime sql for node "model.dwh.stg_payments"
[0m10:22:31.454633 [debug] [Thread-2 (]: Writing runtime sql for node "model.dwh.stg_listings"
[0m10:22:31.454867 [debug] [Thread-4 (]: Writing runtime sql for node "model.dwh.stg_user_activity"
[0m10:22:31.456185 [debug] [Thread-3 (]: dbt_clickhouse adapter: On model.dwh.stg_payments: /* {"app": "dbt", "dbt_version": "1.11.15", "profile_name": "dwh", "target_name": "dev", "node_id": "model.dwh.stg_payments"} */


  create or replace view `dwh`.`stg_payments` 
  
    
  
  
    
    
  as (
    

SELECT
    payment_id,
    user_id,
    listing_id,
    vas_type_id,
    amount,
    payment_type,
    status,
    payment_date
FROM s3(
    'http://minio:9000/raw/postgres/payments/*.parquet',
    'Parquet',
    'payment_id Int64, user_id Int64, listing_id Nullable(Int64), vas_type_id Nullable(Int32), amount Float64, payment_type String, status String, payment_date DateTime64(3)'
)
    
  )
      
      
                    -- end_of_sql
                    
                    ...
[0m10:22:31.456448 [debug] [Thread-4 (]: dbt_clickhouse adapter: On model.dwh.stg_user_activity: /* {"app": "dbt", "dbt_version": "1.11.15", "profile_name": "dwh", "target_name": "dev", "node_id": "model.dwh.stg_user_activity"} */


  create or replace view `dwh`.`stg_user_activity` 
  
    
  
  
    
    
  as (
    

SELECT
    event_id,
    user_id,
    event_type,
    platform,
    listing_id,
    session_id,
    ts
FROM s3(
    'http://minio:9000/raw/kafka/user_activity/*.parquet',
    'Parquet',
    'event_id String, user_id Int64, event_type String, platform String, listing_id Nullable(Int64), session_id String, ts DateTime64(3)'
)
    
  )
      
      
                    -- end_of_sql
                    
                    ...
[0m10:22:31.456748 [debug] [Thread-2 (]: dbt_clickhouse adapter: On model.dwh.stg_listings: /* {"app": "dbt", "dbt_version": "1.11.15", "profile_name": "dwh", "target_name": "dev", "node_id": "model.dwh.stg_listings"} */


  create or replace view `dwh`.`stg_listings` 
  
    
  
  
    
    
  as (
    

SELECT
    listing_id,
    user_id,
    category_id,
    title,
    description,
    price,
    status,
    platform,
    created_at,
    activated_at,
    sold_at,
    deactivated_at,
    updated_at
FROM s3(
    'http://minio:9000/raw/postgres/listings/*.parquet',
    'Parquet',
    'listing_id Int64, user_id Int64, category_id Int32, title String, description Nullable(String), price Float64, status String, platform String, created_at DateTime64(3), activated_at Nullable(DateTime64(3)), sold_at Nullable(DateTime64(3)), deactivated_at Nullable(DateTime64(3)), updated_at DateTime64(3)'
)
    
  )
      
      
                    -- end_of_sql
                    
                    ...
[0m10:22:31.477504 [debug] [Thread-1 (]: dbt_clickhouse adapter: SQL status: OK in 0.02 seconds
[0m10:22:31.478201 [debug] [Thread-3 (]: dbt_clickhouse adapter: SQL status: OK in 0.02 seconds
[0m10:22:31.478471 [debug] [Thread-4 (]: dbt_clickhouse adapter: SQL status: OK in 0.02 seconds
[0m10:22:31.478714 [debug] [Thread-2 (]: dbt_clickhouse adapter: SQL status: OK in 0.02 seconds
[0m10:22:31.492737 [debug] [Thread-1 (]: Sending event: {'category': 'dbt', 'action': 'run_model', 'label': '849ebd3b-e3ef-47b1-8e2c-d10d93aee660', 'context': [<snowplow_tracker.self_describing_json.SelfDescribingJson object at 0xffff90daa4c0>]}
[0m10:22:31.493775 [debug] [Thread-3 (]: Sending event: {'category': 'dbt', 'action': 'run_model', 'label': '849ebd3b-e3ef-47b1-8e2c-d10d93aee660', 'context': [<snowplow_tracker.self_describing_json.SelfDescribingJson object at 0xffff9280f570>]}
[0m10:22:31.494623 [debug] [Thread-4 (]: Sending event: {'category': 'dbt', 'action': 'run_model', 'label': '849ebd3b-e3ef-47b1-8e2c-d10d93aee660', 'context': [<snowplow_tracker.self_describing_json.SelfDescribingJson object at 0xffff5ec0f570>]}
[0m10:22:31.495587 [debug] [Thread-2 (]: Sending event: {'category': 'dbt', 'action': 'run_model', 'label': '849ebd3b-e3ef-47b1-8e2c-d10d93aee660', 'context': [<snowplow_tracker.self_describing_json.SelfDescribingJson object at 0xffff5eb1c290>]}
[0m10:22:31.496193 [info ] [Thread-1 (]: 1 of 16 OK created sql view model `dwh`.`stg_categories` ....................... [[32mOK[0m in 0.08s]
[0m10:22:31.496671 [info ] [Thread-3 (]: 3 of 16 OK created sql view model `dwh`.`stg_payments` ......................... [[32mOK[0m in 0.08s]
[0m10:22:31.497133 [info ] [Thread-4 (]: 4 of 16 OK created sql view model `dwh`.`stg_user_activity` .................... [[32mOK[0m in 0.08s]
[0m10:22:31.497602 [info ] [Thread-2 (]: 2 of 16 OK created sql view model `dwh`.`stg_listings` ......................... [[32mOK[0m in 0.08s]
[0m10:22:31.498037 [debug] [Thread-1 (]: Finished running node model.dwh.stg_categories
[0m10:22:31.498370 [debug] [Thread-3 (]: Finished running node model.dwh.stg_payments
[0m10:22:31.498694 [debug] [Thread-4 (]: Finished running node model.dwh.stg_user_activity
[0m10:22:31.499028 [debug] [Thread-2 (]: Finished running node model.dwh.stg_listings
[0m10:22:31.499314 [debug] [Thread-1 (]: Began running node model.dwh.stg_users
[0m10:22:31.499610 [debug] [Thread-3 (]: Began running node model.dwh.stg_vas_types
[0m10:22:31.500044 [debug] [Thread-4 (]: Began running node model.dwh.dim_categories
[0m10:22:31.500346 [debug] [Thread-2 (]: Began running node model.dwh.int_payments_success
[0m10:22:31.500701 [info ] [Thread-1 (]: 5 of 16 START sql view model `dwh`.`stg_users` ................................. [RUN]
[0m10:22:31.501146 [info ] [Thread-3 (]: 6 of 16 START sql view model `dwh`.`stg_vas_types` ............................. [RUN]
[0m10:22:31.501458 [info ] [Thread-4 (]: 7 of 16 START sql table model `dwh`.`dim_categories` ........................... [RUN]
[0m10:22:31.501899 [info ] [Thread-2 (]: 8 of 16 START sql view model `dwh`.`int_payments_success` ...................... [RUN]
[0m10:22:31.502295 [debug] [Thread-1 (]: Re-using an available connection from the pool (formerly model.dwh.stg_categories, now model.dwh.stg_users)
[0m10:22:31.502535 [debug] [Thread-3 (]: Re-using an available connection from the pool (formerly model.dwh.stg_payments, now model.dwh.stg_vas_types)
[0m10:22:31.502785 [debug] [Thread-4 (]: Re-using an available connection from the pool (formerly model.dwh.stg_user_activity, now model.dwh.dim_categories)
[0m10:22:31.503032 [debug] [Thread-2 (]: Re-using an available connection from the pool (formerly model.dwh.stg_listings, now model.dwh.int_payments_success)
[0m10:22:31.503279 [debug] [Thread-1 (]: Began compiling node model.dwh.stg_users
[0m10:22:31.503507 [debug] [Thread-3 (]: Began compiling node model.dwh.stg_vas_types
[0m10:22:31.503747 [debug] [Thread-4 (]: Began compiling node model.dwh.dim_categories
[0m10:22:31.503970 [debug] [Thread-2 (]: Began compiling node model.dwh.int_payments_success
[0m10:22:31.506199 [debug] [Thread-1 (]: Writing injected SQL for node "model.dwh.stg_users"
[0m10:22:31.508145 [debug] [Thread-3 (]: Writing injected SQL for node "model.dwh.stg_vas_types"
[0m10:22:31.509631 [debug] [Thread-4 (]: Writing injected SQL for node "model.dwh.dim_categories"
[0m10:22:31.511134 [debug] [Thread-2 (]: Writing injected SQL for node "model.dwh.int_payments_success"
[0m10:22:31.512437 [debug] [Thread-1 (]: Began executing node model.dwh.stg_users
[0m10:22:31.512634 [debug] [Thread-3 (]: Began executing node model.dwh.stg_vas_types
[0m10:22:31.513979 [debug] [Thread-1 (]: Creating new relation stg_users
[0m10:22:31.515012 [debug] [Thread-3 (]: Creating new relation stg_vas_types
[0m10:22:31.515189 [debug] [Thread-4 (]: Began executing node model.dwh.dim_categories
[0m10:22:31.515580 [debug] [Thread-1 (]: Writing runtime sql for node "model.dwh.stg_users"
[0m10:22:31.516062 [debug] [Thread-3 (]: Writing runtime sql for node "model.dwh.stg_vas_types"
[0m10:22:31.516250 [debug] [Thread-2 (]: Began executing node model.dwh.int_payments_success
[0m10:22:31.533923 [debug] [Thread-4 (]: Creating new relation dim_categories
[0m10:22:31.535442 [debug] [Thread-2 (]: Creating new relation int_payments_success
[0m10:22:31.548443 [debug] [Thread-4 (]: dbt_clickhouse adapter: On model.dwh.dim_categories: /* {"app": "dbt", "dbt_version": "1.11.15", "profile_name": "dwh", "target_name": "dev", "node_id": "model.dwh.dim_categories"} */

        

    
        create table `dwh`.`dim_categories`
        
  
        
  engine = MergeTree()
        
      order by (tuple())
        
        
        
        
                    -- end_of_sql
                    SETTINGS replicated_deduplication_window='0'

                    
          empty
          as (
            

SELECT
    category_id,
    name AS category_name,
    parent_id
FROM `dwh`.`stg_categories`
          )
        
    ...
[0m10:22:31.549065 [debug] [Thread-2 (]: Writing runtime sql for node "model.dwh.int_payments_success"
[0m10:22:31.549268 [debug] [Thread-1 (]: dbt_clickhouse adapter: On model.dwh.stg_users: /* {"app": "dbt", "dbt_version": "1.11.15", "profile_name": "dwh", "target_name": "dev", "node_id": "model.dwh.stg_users"} */


  create or replace view `dwh`.`stg_users` 
  
    
  
  
    
    
  as (
    

SELECT
    user_id,
    email,
    phone,
    status,
    registered_at,
    created_at,
    updated_at
FROM s3(
    'http://minio:9000/raw/postgres/users/*.parquet',
    'Parquet',
    'user_id Int64, email String, phone Nullable(String), status String, registered_at DateTime64(3), created_at DateTime64(3), updated_at DateTime64(3)'
)
    
  )
      
      
                    -- end_of_sql
                    
                    ...
[0m10:22:31.549735 [debug] [Thread-3 (]: dbt_clickhouse adapter: On model.dwh.stg_vas_types: /* {"app": "dbt", "dbt_version": "1.11.15", "profile_name": "dwh", "target_name": "dev", "node_id": "model.dwh.stg_vas_types"} */


  create or replace view `dwh`.`stg_vas_types` 
  
    
  
  
    
    
  as (
    

SELECT
    vas_type_id,
    name,
    description
FROM s3(
    'http://minio:9000/raw/mysql/vas_types/*.parquet',
    'Parquet',
    'vas_type_id Int32, name String, description Nullable(String)'
)
    
  )
      
      
                    -- end_of_sql
                    
                    ...
[0m10:22:31.550917 [debug] [Thread-2 (]: dbt_clickhouse adapter: On model.dwh.int_payments_success: /* {"app": "dbt", "dbt_version": "1.11.15", "profile_name": "dwh", "target_name": "dev", "node_id": "model.dwh.int_payments_success"} */


  create or replace view `dwh`.`int_payments_success` 
  
    
  
  
    
    
  as (
    

SELECT *
FROM `dwh`.`stg_payments`
WHERE status = 'success'
    
  )
      
      
                    -- end_of_sql
                    
                    ...
[0m10:22:31.554508 [debug] [Thread-2 (]: dbt_clickhouse adapter: SQL status: OK in 0.00 seconds
[0m10:22:31.556852 [debug] [Thread-2 (]: Sending event: {'category': 'dbt', 'action': 'run_model', 'label': '849ebd3b-e3ef-47b1-8e2c-d10d93aee660', 'context': [<snowplow_tracker.self_describing_json.SelfDescribingJson object at 0xffff5eb57d10>]}
[0m10:22:31.557211 [debug] [Thread-4 (]: dbt_clickhouse adapter: SQL status: OK in 0.01 seconds
[0m10:22:31.557574 [info ] [Thread-2 (]: 8 of 16 OK created sql view model `dwh`.`int_payments_success` ................. [[32mOK[0m in 0.05s]
[0m10:22:31.566215 [debug] [Thread-4 (]: dbt_clickhouse adapter: On model.dwh.dim_categories: /* {"app": "dbt", "dbt_version": "1.11.15", "profile_name": "dwh", "target_name": "dev", "node_id": "model.dwh.dim_categories"} */

    select name, type from system.columns where table = 'dim_categories'
    
      
        and database = 'dwh'
      
    
    order by position
  ...
[0m10:22:31.566460 [debug] [Thread-1 (]: dbt_clickhouse adapter: SQL status: OK in 0.02 seconds
[0m10:22:31.566665 [debug] [Thread-3 (]: dbt_clickhouse adapter: SQL status: OK in 0.02 seconds
[0m10:22:31.567050 [debug] [Thread-2 (]: Finished running node model.dwh.int_payments_success
[0m10:22:31.568150 [debug] [Thread-1 (]: Sending event: {'category': 'dbt', 'action': 'run_model', 'label': '849ebd3b-e3ef-47b1-8e2c-d10d93aee660', 'context': [<snowplow_tracker.self_describing_json.SelfDescribingJson object at 0xffff5eb558b0>]}
[0m10:22:31.569254 [debug] [Thread-3 (]: Sending event: {'category': 'dbt', 'action': 'run_model', 'label': '849ebd3b-e3ef-47b1-8e2c-d10d93aee660', 'context': [<snowplow_tracker.self_describing_json.SelfDescribingJson object at 0xffff5eb55910>]}
[0m10:22:31.570461 [info ] [Thread-3 (]: 6 of 16 OK created sql view model `dwh`.`stg_vas_types` ........................ [[32mOK[0m in 0.07s]
[0m10:22:31.570070 [info ] [Thread-1 (]: 5 of 16 OK created sql view model `dwh`.`stg_users` ............................ [[32mOK[0m in 0.07s]
[0m10:22:31.569560 [debug] [Thread-2 (]: Began running node model.dwh.mart_dau
[0m10:22:31.571125 [debug] [Thread-4 (]: dbt_clickhouse adapter: SQL status: OK in 0.00 seconds
[0m10:22:31.571399 [debug] [Thread-3 (]: Finished running node model.dwh.stg_vas_types
[0m10:22:31.571680 [debug] [Thread-1 (]: Finished running node model.dwh.stg_users
[0m10:22:31.571961 [info ] [Thread-2 (]: 9 of 16 START sql table model `dwh`.`mart_dau` ................................. [RUN]
[0m10:22:31.574071 [debug] [Thread-4 (]: Writing runtime sql for node "model.dwh.dim_categories"
[0m10:22:31.574434 [debug] [Thread-3 (]: Began running node model.dwh.int_listings_enriched
[0m10:22:31.574708 [debug] [Thread-1 (]: Began running node model.dwh.mart_arpu_monthly
[0m10:22:31.575033 [debug] [Thread-2 (]: Re-using an available connection from the pool (formerly model.dwh.int_payments_success, now model.dwh.mart_dau)
[0m10:22:31.575526 [info ] [Thread-3 (]: 10 of 16 START sql view model `dwh`.`int_listings_enriched` .................... [RUN]
[0m10:22:31.575886 [info ] [Thread-1 (]: 11 of 16 START sql table model `dwh`.`mart_arpu_monthly` ....................... [RUN]
[0m10:22:31.577044 [debug] [Thread-1 (]: Re-using an available connection from the pool (formerly model.dwh.stg_users, now model.dwh.mart_arpu_monthly)
[0m10:22:31.576570 [debug] [Thread-3 (]: Re-using an available connection from the pool (formerly model.dwh.stg_vas_types, now model.dwh.int_listings_enriched)
[0m10:22:31.576246 [debug] [Thread-2 (]: Began compiling node model.dwh.mart_dau
[0m10:22:31.577307 [debug] [Thread-1 (]: Began compiling node model.dwh.mart_arpu_monthly
[0m10:22:31.577579 [debug] [Thread-4 (]: dbt_clickhouse adapter: On model.dwh.dim_categories: /* {"app": "dbt", "dbt_version": "1.11.15", "profile_name": "dwh", "target_name": "dev", "node_id": "model.dwh.dim_categories"} */

  
    
    
    
        


        
  

  insert into `dwh`.`dim_categories`
        ("category_id", "category_name", "parent_id")

SELECT
    category_id,
    name AS category_name,
    parent_id
FROM `dwh`.`stg_categories`
  ...
[0m10:22:31.577778 [debug] [Thread-3 (]: Began compiling node model.dwh.int_listings_enriched
[0m10:22:31.579393 [debug] [Thread-2 (]: Writing injected SQL for node "model.dwh.mart_dau"
[0m10:22:31.581019 [debug] [Thread-1 (]: Writing injected SQL for node "model.dwh.mart_arpu_monthly"
[0m10:22:31.582901 [debug] [Thread-3 (]: Writing injected SQL for node "model.dwh.int_listings_enriched"
[0m10:22:31.584039 [debug] [Thread-2 (]: Began executing node model.dwh.mart_dau
[0m10:22:31.584210 [debug] [Thread-3 (]: Began executing node model.dwh.int_listings_enriched
[0m10:22:31.585309 [debug] [Thread-2 (]: Creating new relation mart_dau
[0m10:22:31.586425 [debug] [Thread-3 (]: Creating new relation int_listings_enriched
[0m10:22:31.586634 [debug] [Thread-1 (]: Began executing node model.dwh.mart_arpu_monthly
[0m10:22:31.587831 [debug] [Thread-2 (]: dbt_clickhouse adapter: On model.dwh.mart_dau: /* {"app": "dbt", "dbt_version": "1.11.15", "profile_name": "dwh", "target_name": "dev", "node_id": "model.dwh.mart_dau"} */

        

    
        create table `dwh`.`mart_dau`
        
  
        
  engine = MergeTree()
        
      order by (tuple())
        
        
        
        
                    -- end_of_sql
                    SETTINGS replicated_deduplication_window='0'

                    
          empty
          as (
            

SELECT
    toDate(ts) AS day,
    platform,
    uniqExact(user_id) AS dau
FROM `dwh`.`stg_user_activity`
GROUP BY day, platform
ORDER BY day, platform
          )
        
    ...
[0m10:22:31.588555 [debug] [Thread-3 (]: Writing runtime sql for node "model.dwh.int_listings_enriched"
[0m10:22:31.589777 [debug] [Thread-1 (]: Creating new relation mart_arpu_monthly
[0m10:22:31.590731 [debug] [Thread-1 (]: dbt_clickhouse adapter: On model.dwh.mart_arpu_monthly: /* {"app": "dbt", "dbt_version": "1.11.15", "profile_name": "dwh", "target_name": "dev", "node_id": "model.dwh.mart_arpu_monthly"} */

        

    
        create table `dwh`.`mart_arpu_monthly`
        
  
        
  engine = MergeTree()
        
      order by (tuple())
        
        
        
        
                    -- end_of_sql
                    SETTINGS replicated_deduplication_window='0'

                    
          empty
          as (
            

WITH revenue AS (
    SELECT
        toStartOfMonth(payment_date) AS month,
        sum(amount) AS revenue
    FROM `dwh`.`int_payments_success`
    GROUP BY month
),
mau AS (
    SELECT
        toStartOfMonth(ts) AS month,
        uniqExact(user_id) AS active_users
    FROM `dwh`.`stg_user_activity`
    GROUP BY month
)
SELECT
    r.month,
    r.revenue,
    m.active_users,
    round(r.revenue / m.active_users, 2) AS arpu
FROM revenue r
JOIN mau m ON m.month = r.month
ORDER BY r.month
          )
        
    ...
[0m10:22:31.591280 [debug] [Thread-3 (]: dbt_clickhouse adapter: On model.dwh.int_listings_enriched: /* {"app": "dbt", "dbt_version": "1.11.15", "profile_name": "dwh", "target_name": "dev", "node_id": "model.dwh.int_listings_enriched"} */


  create or replace view `dwh`.`int_listings_enriched` 
  
    
  
  
    
    
  as (
    

SELECT
    l.listing_id,
    l.user_id,
    l.category_id,
    c.name AS category_name,
    l.title,
    l.price,
    l.status,
    l.platform,
    l.created_at,
    l.sold_at
FROM `dwh`.`stg_listings` l
LEFT JOIN `dwh`.`stg_categories` c ON l.category_id = c.category_id
    
  )
      
      
                    -- end_of_sql
                    
                    ...
[0m10:22:31.594962 [debug] [Thread-3 (]: dbt_clickhouse adapter: SQL status: OK in 0.00 seconds
[0m10:22:31.597959 [debug] [Thread-3 (]: Sending event: {'category': 'dbt', 'action': 'run_model', 'label': '849ebd3b-e3ef-47b1-8e2c-d10d93aee660', 'context': [<snowplow_tracker.self_describing_json.SelfDescribingJson object at 0xffff5eb57590>]}
[0m10:22:31.598284 [debug] [Thread-2 (]: dbt_clickhouse adapter: SQL status: OK in 0.01 seconds
[0m10:22:31.598660 [info ] [Thread-3 (]: 10 of 16 OK created sql view model `dwh`.`int_listings_enriched` ............... [[32mOK[0m in 0.02s]
[0m10:22:31.600289 [debug] [Thread-2 (]: dbt_clickhouse adapter: On model.dwh.mart_dau: /* {"app": "dbt", "dbt_version": "1.11.15", "profile_name": "dwh", "target_name": "dev", "node_id": "model.dwh.mart_dau"} */

    select name, type from system.columns where table = 'mart_dau'
    
      
        and database = 'dwh'
      
    
    order by position
  ...
[0m10:22:31.600505 [debug] [Thread-1 (]: dbt_clickhouse adapter: SQL status: OK in 0.01 seconds
[0m10:22:31.600872 [debug] [Thread-3 (]: Finished running node model.dwh.int_listings_enriched
[0m10:22:31.602646 [debug] [Thread-1 (]: dbt_clickhouse adapter: On model.dwh.mart_arpu_monthly: /* {"app": "dbt", "dbt_version": "1.11.15", "profile_name": "dwh", "target_name": "dev", "node_id": "model.dwh.mart_arpu_monthly"} */

    select name, type from system.columns where table = 'mart_arpu_monthly'
    
      
        and database = 'dwh'
      
    
    order by position
  ...
[0m10:22:31.603102 [debug] [Thread-3 (]: Began running node model.dwh.mart_revenue_daily
[0m10:22:31.603701 [debug] [Thread-4 (]: dbt_clickhouse adapter: SQL status: OK in 0.02 seconds
[0m10:22:31.604204 [info ] [Thread-3 (]: 12 of 16 START sql table model `dwh`.`mart_revenue_daily` ...................... [RUN]
[0m10:22:31.605523 [debug] [Thread-4 (]: Sending event: {'category': 'dbt', 'action': 'run_model', 'label': '849ebd3b-e3ef-47b1-8e2c-d10d93aee660', 'context': [<snowplow_tracker.self_describing_json.SelfDescribingJson object at 0xffff5eb540b0>]}
[0m10:22:31.605918 [debug] [Thread-1 (]: dbt_clickhouse adapter: SQL status: OK in 0.00 seconds
[0m10:22:31.606231 [debug] [Thread-2 (]: dbt_clickhouse adapter: SQL status: OK in 0.01 seconds
[0m10:22:31.606420 [debug] [Thread-3 (]: Re-using an available connection from the pool (formerly model.dwh.int_listings_enriched, now model.dwh.mart_revenue_daily)
[0m10:22:31.607086 [info ] [Thread-4 (]: 7 of 16 OK created sql table model `dwh`.`dim_categories` ...................... [[32mOK[0m in 0.10s]
[0m10:22:31.607925 [debug] [Thread-1 (]: Writing runtime sql for node "model.dwh.mart_arpu_monthly"
[0m10:22:31.608680 [debug] [Thread-2 (]: Writing runtime sql for node "model.dwh.mart_dau"
[0m10:22:31.608921 [debug] [Thread-3 (]: Began compiling node model.dwh.mart_revenue_daily
[0m10:22:31.609220 [debug] [Thread-4 (]: Finished running node model.dwh.dim_categories
[0m10:22:31.611140 [debug] [Thread-3 (]: Writing injected SQL for node "model.dwh.mart_revenue_daily"
[0m10:22:31.611408 [debug] [Thread-4 (]: Began running node model.dwh.mart_revenue_monthly_yoy
[0m10:22:31.611885 [info ] [Thread-4 (]: 13 of 16 START sql table model `dwh`.`mart_revenue_monthly_yoy` ................ [RUN]
[0m10:22:31.612166 [debug] [Thread-1 (]: dbt_clickhouse adapter: On model.dwh.mart_arpu_monthly: /* {"app": "dbt", "dbt_version": "1.11.15", "profile_name": "dwh", "target_name": "dev", "node_id": "model.dwh.mart_arpu_monthly"} */

  
    
    
    
        


        
  

  insert into `dwh`.`mart_arpu_monthly`
        ("month", "revenue", "active_users", "arpu")

WITH revenue AS (
    SELECT
        toStartOfMonth(payment_date) AS month,
        sum(amount) AS revenue
    FROM `dwh`.`int_payments_success`
    GROUP BY month
),
mau AS (
    SELECT
        toStartOfMonth(ts) AS month,
        uniqExact(user_id) AS active_users
    FROM `dwh`.`stg_user_activity`
    GROUP BY month
)
SELECT
    r.month,
    r.revenue,
    m.active_users,
    round(r.revenue / m.active_users, 2) AS arpu
FROM revenue r
JOIN mau m ON m.month = r.month
ORDER BY r.month
  ...
[0m10:22:31.612390 [debug] [Thread-2 (]: dbt_clickhouse adapter: On model.dwh.mart_dau: /* {"app": "dbt", "dbt_version": "1.11.15", "profile_name": "dwh", "target_name": "dev", "node_id": "model.dwh.mart_dau"} */

  
    
    
    
        


        
  

  insert into `dwh`.`mart_dau`
        ("day", "platform", "dau")

SELECT
    toDate(ts) AS day,
    platform,
    uniqExact(user_id) AS dau
FROM `dwh`.`stg_user_activity`
GROUP BY day, platform
ORDER BY day, platform
  ...
[0m10:22:31.612711 [debug] [Thread-4 (]: Re-using an available connection from the pool (formerly model.dwh.dim_categories, now model.dwh.mart_revenue_monthly_yoy)
[0m10:22:31.613084 [debug] [Thread-3 (]: Began executing node model.dwh.mart_revenue_daily
[0m10:22:31.613395 [debug] [Thread-4 (]: Began compiling node model.dwh.mart_revenue_monthly_yoy
[0m10:22:31.614795 [debug] [Thread-3 (]: Creating new relation mart_revenue_daily
[0m10:22:31.617198 [debug] [Thread-4 (]: Writing injected SQL for node "model.dwh.mart_revenue_monthly_yoy"
[0m10:22:31.617973 [debug] [Thread-3 (]: dbt_clickhouse adapter: On model.dwh.mart_revenue_daily: /* {"app": "dbt", "dbt_version": "1.11.15", "profile_name": "dwh", "target_name": "dev", "node_id": "model.dwh.mart_revenue_daily"} */

        

    
        create table `dwh`.`mart_revenue_daily`
        
  
        
  engine = MergeTree()
        
      order by (tuple())
        
        
        
        
                    -- end_of_sql
                    SETTINGS replicated_deduplication_window='0'

                    
          empty
          as (
            

SELECT
    toDate(payment_date) AS day,
    sum(amount) AS revenue
FROM `dwh`.`int_payments_success`
GROUP BY day
ORDER BY day
          )
        
    ...
[0m10:22:31.618994 [debug] [Thread-4 (]: Began executing node model.dwh.mart_revenue_monthly_yoy
[0m10:22:31.620777 [debug] [Thread-4 (]: Creating new relation mart_revenue_monthly_yoy
[0m10:22:31.621237 [debug] [Thread-2 (]: dbt_clickhouse adapter: SQL status: OK in 0.01 seconds
[0m10:22:31.625782 [debug] [Thread-4 (]: dbt_clickhouse adapter: On model.dwh.mart_revenue_monthly_yoy: /* {"app": "dbt", "dbt_version": "1.11.15", "profile_name": "dwh", "target_name": "dev", "node_id": "model.dwh.mart_revenue_monthly_yoy"} */

        

    
        create table `dwh`.`mart_revenue_monthly_yoy`
        
  
        
  engine = MergeTree()
        
      order by (tuple())
        
        
        
        
                    -- end_of_sql
                    SETTINGS replicated_deduplication_window='0'

                    
          empty
          as (
            

WITH monthly AS (
    SELECT
        toStartOfMonth(payment_date) AS month,
        sum(amount) AS revenue
    FROM `dwh`.`int_payments_success`
    GROUP BY month
)
SELECT
    m.month,
    m.revenue,
    p.revenue AS revenue_prev_year,
    round((m.revenue - p.revenue) / p.revenue, 4) AS yoy_growth
FROM monthly m
LEFT JOIN monthly p ON p.month = addMonths(m.month, -12)
ORDER BY m.month
          )
        
    ...
[0m10:22:31.626064 [debug] [Thread-3 (]: dbt_clickhouse adapter: SQL status: OK in 0.01 seconds
[0m10:22:31.627151 [debug] [Thread-2 (]: Sending event: {'category': 'dbt', 'action': 'run_model', 'label': '849ebd3b-e3ef-47b1-8e2c-d10d93aee660', 'context': [<snowplow_tracker.self_describing_json.SelfDescribingJson object at 0xffff5eb567b0>]}
[0m10:22:31.628981 [debug] [Thread-3 (]: dbt_clickhouse adapter: On model.dwh.mart_revenue_daily: /* {"app": "dbt", "dbt_version": "1.11.15", "profile_name": "dwh", "target_name": "dev", "node_id": "model.dwh.mart_revenue_daily"} */

    select name, type from system.columns where table = 'mart_revenue_daily'
    
      
        and database = 'dwh'
      
    
    order by position
  ...
[0m10:22:31.629523 [info ] [Thread-2 (]: 9 of 16 OK created sql table model `dwh`.`mart_dau` ............................ [[32mOK[0m in 0.05s]
[0m10:22:31.630227 [debug] [Thread-1 (]: dbt_clickhouse adapter: SQL status: OK in 0.02 seconds
[0m10:22:31.630640 [debug] [Thread-2 (]: Finished running node model.dwh.mart_dau
[0m10:22:31.631684 [debug] [Thread-1 (]: Sending event: {'category': 'dbt', 'action': 'run_model', 'label': '849ebd3b-e3ef-47b1-8e2c-d10d93aee660', 'context': [<snowplow_tracker.self_describing_json.SelfDescribingJson object at 0xffff5eb57ad0>]}
[0m10:22:31.632088 [debug] [Thread-3 (]: dbt_clickhouse adapter: SQL status: OK in 0.00 seconds
[0m10:22:31.632311 [debug] [Thread-2 (]: Began running node model.dwh.dim_vas_types
[0m10:22:31.632729 [info ] [Thread-1 (]: 11 of 16 OK created sql table model `dwh`.`mart_arpu_monthly` .................. [[32mOK[0m in 0.05s]
[0m10:22:31.632950 [debug] [Thread-4 (]: dbt_clickhouse adapter: SQL status: OK in 0.01 seconds
[0m10:22:31.633977 [debug] [Thread-3 (]: Writing runtime sql for node "model.dwh.mart_revenue_daily"
[0m10:22:31.634291 [info ] [Thread-2 (]: 14 of 16 START sql table model `dwh`.`dim_vas_types` ........................... [RUN]
[0m10:22:31.634617 [debug] [Thread-1 (]: Finished running node model.dwh.mart_arpu_monthly
[0m10:22:31.635974 [debug] [Thread-4 (]: dbt_clickhouse adapter: On model.dwh.mart_revenue_monthly_yoy: /* {"app": "dbt", "dbt_version": "1.11.15", "profile_name": "dwh", "target_name": "dev", "node_id": "model.dwh.mart_revenue_monthly_yoy"} */

    select name, type from system.columns where table = 'mart_revenue_monthly_yoy'
    
      
        and database = 'dwh'
      
    
    order by position
  ...
[0m10:22:31.636352 [debug] [Thread-2 (]: Re-using an available connection from the pool (formerly model.dwh.mart_dau, now model.dwh.dim_vas_types)
[0m10:22:31.636632 [debug] [Thread-1 (]: Began running node model.dwh.mart_listings_by_category
[0m10:22:31.636971 [debug] [Thread-2 (]: Began compiling node model.dwh.dim_vas_types
[0m10:22:31.637176 [debug] [Thread-3 (]: dbt_clickhouse adapter: On model.dwh.mart_revenue_daily: /* {"app": "dbt", "dbt_version": "1.11.15", "profile_name": "dwh", "target_name": "dev", "node_id": "model.dwh.mart_revenue_daily"} */

  
    
    
    
        


        
  

  insert into `dwh`.`mart_revenue_daily`
        ("day", "revenue")

SELECT
    toDate(payment_date) AS day,
    sum(amount) AS revenue
FROM `dwh`.`int_payments_success`
GROUP BY day
ORDER BY day
  ...
[0m10:22:31.637536 [info ] [Thread-1 (]: 15 of 16 START sql table model `dwh`.`mart_listings_by_category` ............... [RUN]
[0m10:22:31.639372 [debug] [Thread-2 (]: Writing injected SQL for node "model.dwh.dim_vas_types"
[0m10:22:31.639744 [debug] [Thread-4 (]: dbt_clickhouse adapter: SQL status: OK in 0.00 seconds
[0m10:22:31.640025 [debug] [Thread-1 (]: Re-using an available connection from the pool (formerly model.dwh.mart_arpu_monthly, now model.dwh.mart_listings_by_category)
[0m10:22:31.640917 [debug] [Thread-4 (]: Writing runtime sql for node "model.dwh.mart_revenue_monthly_yoy"
[0m10:22:31.641177 [debug] [Thread-1 (]: Began compiling node model.dwh.mart_listings_by_category
[0m10:22:31.643044 [debug] [Thread-1 (]: Writing injected SQL for node "model.dwh.mart_listings_by_category"
[0m10:22:31.643383 [debug] [Thread-2 (]: Began executing node model.dwh.dim_vas_types
[0m10:22:31.645293 [debug] [Thread-2 (]: Creating new relation dim_vas_types
[0m10:22:31.645608 [debug] [Thread-4 (]: dbt_clickhouse adapter: On model.dwh.mart_revenue_monthly_yoy: /* {"app": "dbt", "dbt_version": "1.11.15", "profile_name": "dwh", "target_name": "dev", "node_id": "model.dwh.mart_revenue_monthly_yoy"} */

  
    
    
    
        


        
  

  insert into `dwh`.`mart_revenue_monthly_yoy`
        ("month", "revenue", "revenue_prev_year", "yoy_growth")

WITH monthly AS (
    SELECT
        toStartOfMonth(payment_date) AS month,
        sum(amount) AS revenue
    FROM `dwh`.`int_payments_success`
    GROUP BY month
)
SELECT
    m.month,
    m.revenue,
    p.revenue AS revenue_prev_year,
    round((m.revenue - p.revenue) / p.revenue, 4) AS yoy_growth
FROM monthly m
LEFT JOIN monthly p ON p.month = addMonths(m.month, -12)
ORDER BY m.month
  ...
[0m10:22:31.646144 [debug] [Thread-2 (]: dbt_clickhouse adapter: On model.dwh.dim_vas_types: /* {"app": "dbt", "dbt_version": "1.11.15", "profile_name": "dwh", "target_name": "dev", "node_id": "model.dwh.dim_vas_types"} */

        

    
        create table `dwh`.`dim_vas_types`
        
  
        
  engine = MergeTree()
        
      order by (tuple())
        
        
        
        
                    -- end_of_sql
                    SETTINGS replicated_deduplication_window='0'

                    
          empty
          as (
            

SELECT
    vas_type_id,
    name AS vas_type_name,
    description
FROM `dwh`.`stg_vas_types`
          )
        
    ...
[0m10:22:31.646496 [debug] [Thread-1 (]: Began executing node model.dwh.mart_listings_by_category
[0m10:22:31.647767 [debug] [Thread-1 (]: Creating new relation mart_listings_by_category
[0m10:22:31.649201 [debug] [Thread-1 (]: dbt_clickhouse adapter: On model.dwh.mart_listings_by_category: /* {"app": "dbt", "dbt_version": "1.11.15", "profile_name": "dwh", "target_name": "dev", "node_id": "model.dwh.mart_listings_by_category"} */

        

    
        create table `dwh`.`mart_listings_by_category`
        
  
        
  engine = MergeTree()
        
      order by (tuple())
        
        
        
        
                    -- end_of_sql
                    SETTINGS replicated_deduplication_window='0'

                    
          empty
          as (
            

SELECT
    category_id,
    category_name,
    count(*) AS listing_count,
    round(avg(price), 2) AS avg_price
FROM `dwh`.`int_listings_enriched`
GROUP BY category_id, category_name
ORDER BY listing_count DESC
          )
        
    ...
[0m10:22:31.660238 [debug] [Thread-2 (]: dbt_clickhouse adapter: SQL status: OK in 0.01 seconds
[0m10:22:31.665760 [debug] [Thread-1 (]: dbt_clickhouse adapter: SQL status: OK in 0.02 seconds
[0m10:22:31.666139 [debug] [Thread-2 (]: dbt_clickhouse adapter: On model.dwh.dim_vas_types: /* {"app": "dbt", "dbt_version": "1.11.15", "profile_name": "dwh", "target_name": "dev", "node_id": "model.dwh.dim_vas_types"} */

    select name, type from system.columns where table = 'dim_vas_types'
    
      
        and database = 'dwh'
      
    
    order by position
  ...
[0m10:22:31.668203 [debug] [Thread-1 (]: dbt_clickhouse adapter: On model.dwh.mart_listings_by_category: /* {"app": "dbt", "dbt_version": "1.11.15", "profile_name": "dwh", "target_name": "dev", "node_id": "model.dwh.mart_listings_by_category"} */

    select name, type from system.columns where table = 'mart_listings_by_category'
    
      
        and database = 'dwh'
      
    
    order by position
  ...
[0m10:22:31.671205 [debug] [Thread-1 (]: dbt_clickhouse adapter: SQL status: OK in 0.00 seconds
[0m10:22:31.671740 [debug] [Thread-2 (]: dbt_clickhouse adapter: SQL status: OK in 0.00 seconds
[0m10:22:31.672768 [debug] [Thread-1 (]: Writing runtime sql for node "model.dwh.mart_listings_by_category"
[0m10:22:31.673665 [debug] [Thread-2 (]: Writing runtime sql for node "model.dwh.dim_vas_types"
[0m10:22:31.674944 [debug] [Thread-1 (]: dbt_clickhouse adapter: On model.dwh.mart_listings_by_category: /* {"app": "dbt", "dbt_version": "1.11.15", "profile_name": "dwh", "target_name": "dev", "node_id": "model.dwh.mart_listings_by_category"} */

  
    
    
    
        


        
  

  insert into `dwh`.`mart_listings_by_category`
        ("category_id", "category_name", "listing_count", "avg_price")

SELECT
    category_id,
    category_name,
    count(*) AS listing_count,
    round(avg(price), 2) AS avg_price
FROM `dwh`.`int_listings_enriched`
GROUP BY category_id, category_name
ORDER BY listing_count DESC
  ...
[0m10:22:31.675463 [debug] [Thread-2 (]: dbt_clickhouse adapter: On model.dwh.dim_vas_types: /* {"app": "dbt", "dbt_version": "1.11.15", "profile_name": "dwh", "target_name": "dev", "node_id": "model.dwh.dim_vas_types"} */

  
    
    
    
        


        
  

  insert into `dwh`.`dim_vas_types`
        ("vas_type_id", "vas_type_name", "description")

SELECT
    vas_type_id,
    name AS vas_type_name,
    description
FROM `dwh`.`stg_vas_types`
  ...
[0m10:22:31.680592 [debug] [Thread-3 (]: dbt_clickhouse adapter: SQL status: OK in 0.04 seconds
[0m10:22:31.682653 [debug] [Thread-3 (]: Sending event: {'category': 'dbt', 'action': 'run_model', 'label': '849ebd3b-e3ef-47b1-8e2c-d10d93aee660', 'context': [<snowplow_tracker.self_describing_json.SelfDescribingJson object at 0xffff5ec178f0>]}
[0m10:22:31.683262 [info ] [Thread-3 (]: 12 of 16 OK created sql table model `dwh`.`mart_revenue_daily` ................. [[32mOK[0m in 0.08s]
[0m10:22:31.683703 [debug] [Thread-3 (]: Finished running node model.dwh.mart_revenue_daily
[0m10:22:31.711789 [debug] [Thread-2 (]: dbt_clickhouse adapter: SQL status: OK in 0.04 seconds
[0m10:22:31.713964 [debug] [Thread-2 (]: Sending event: {'category': 'dbt', 'action': 'run_model', 'label': '849ebd3b-e3ef-47b1-8e2c-d10d93aee660', 'context': [<snowplow_tracker.self_describing_json.SelfDescribingJson object at 0xffff5eb56450>]}
[0m10:22:31.714539 [info ] [Thread-2 (]: 14 of 16 OK created sql table model `dwh`.`dim_vas_types` ...................... [[32mOK[0m in 0.08s]
[0m10:22:31.715164 [debug] [Thread-2 (]: Finished running node model.dwh.dim_vas_types
[0m10:22:31.716650 [debug] [Thread-3 (]: Began running node model.dwh.mart_vas
[0m10:22:31.718372 [info ] [Thread-3 (]: 16 of 16 START sql table model `dwh`.`mart_vas` ................................ [RUN]
[0m10:22:31.719667 [debug] [Thread-3 (]: Re-using an available connection from the pool (formerly model.dwh.mart_revenue_daily, now model.dwh.mart_vas)
[0m10:22:31.720661 [debug] [Thread-3 (]: Began compiling node model.dwh.mart_vas
[0m10:22:31.725983 [debug] [Thread-3 (]: Writing injected SQL for node "model.dwh.mart_vas"
[0m10:22:31.727459 [debug] [Thread-3 (]: Began executing node model.dwh.mart_vas
[0m10:22:31.729287 [debug] [Thread-3 (]: Creating new relation mart_vas
[0m10:22:31.730236 [debug] [Thread-3 (]: dbt_clickhouse adapter: On model.dwh.mart_vas: /* {"app": "dbt", "dbt_version": "1.11.15", "profile_name": "dwh", "target_name": "dev", "node_id": "model.dwh.mart_vas"} */

        

    
        create table `dwh`.`mart_vas`
        
  
        
  engine = MergeTree()
        
      order by (tuple())
        
        
        
        
                    -- end_of_sql
                    SETTINGS replicated_deduplication_window='0'

                    
          empty
          as (
            

SELECT
    v.vas_type_id,
    v.vas_type_name,
    count(*) AS purchases,
    sum(p.amount) AS revenue
FROM `dwh`.`int_payments_success` p
JOIN `dwh`.`dim_vas_types` v ON p.vas_type_id = v.vas_type_id
WHERE p.payment_type = 'vas'
GROUP BY v.vas_type_id, v.vas_type_name
ORDER BY revenue DESC
          )
        
    ...
[0m10:22:31.743157 [debug] [Thread-3 (]: dbt_clickhouse adapter: SQL status: OK in 0.01 seconds
[0m10:22:31.746414 [debug] [Thread-3 (]: dbt_clickhouse adapter: On model.dwh.mart_vas: /* {"app": "dbt", "dbt_version": "1.11.15", "profile_name": "dwh", "target_name": "dev", "node_id": "model.dwh.mart_vas"} */

    select name, type from system.columns where table = 'mart_vas'
    
      
        and database = 'dwh'
      
    
    order by position
  ...
[0m10:22:31.749086 [debug] [Thread-3 (]: dbt_clickhouse adapter: SQL status: OK in 0.00 seconds
[0m10:22:31.750193 [debug] [Thread-3 (]: Writing runtime sql for node "model.dwh.mart_vas"
[0m10:22:31.750664 [debug] [Thread-4 (]: dbt_clickhouse adapter: SQL status: OK in 0.10 seconds
[0m10:22:31.751979 [debug] [Thread-4 (]: Sending event: {'category': 'dbt', 'action': 'run_model', 'label': '849ebd3b-e3ef-47b1-8e2c-d10d93aee660', 'context': [<snowplow_tracker.self_describing_json.SelfDescribingJson object at 0xffff5c1f8ad0>]}
[0m10:22:31.752750 [info ] [Thread-4 (]: 13 of 16 OK created sql table model `dwh`.`mart_revenue_monthly_yoy` ........... [[32mOK[0m in 0.14s]
[0m10:22:31.753359 [debug] [Thread-4 (]: Finished running node model.dwh.mart_revenue_monthly_yoy
[0m10:22:31.753892 [debug] [Thread-3 (]: dbt_clickhouse adapter: On model.dwh.mart_vas: /* {"app": "dbt", "dbt_version": "1.11.15", "profile_name": "dwh", "target_name": "dev", "node_id": "model.dwh.mart_vas"} */

  
    
    
    
        


        
  

  insert into `dwh`.`mart_vas`
        ("v.vas_type_id", "vas_type_name", "purchases", "revenue")

SELECT
    v.vas_type_id,
    v.vas_type_name,
    count(*) AS purchases,
    sum(p.amount) AS revenue
FROM `dwh`.`int_payments_success` p
JOIN `dwh`.`dim_vas_types` v ON p.vas_type_id = v.vas_type_id
WHERE p.payment_type = 'vas'
GROUP BY v.vas_type_id, v.vas_type_name
ORDER BY revenue DESC
  ...
[0m10:22:31.754936 [debug] [Thread-1 (]: dbt_clickhouse adapter: SQL status: OK in 0.08 seconds
[0m10:22:31.756303 [debug] [Thread-1 (]: Sending event: {'category': 'dbt', 'action': 'run_model', 'label': '849ebd3b-e3ef-47b1-8e2c-d10d93aee660', 'context': [<snowplow_tracker.self_describing_json.SelfDescribingJson object at 0xffff5ec17ad0>]}
[0m10:22:31.756744 [info ] [Thread-1 (]: 15 of 16 OK created sql table model `dwh`.`mart_listings_by_category` .......... [[32mOK[0m in 0.12s]
[0m10:22:31.757477 [debug] [Thread-1 (]: Finished running node model.dwh.mart_listings_by_category
[0m10:22:31.791087 [debug] [Thread-3 (]: dbt_clickhouse adapter: SQL status: OK in 0.04 seconds
[0m10:22:31.792486 [debug] [Thread-3 (]: Sending event: {'category': 'dbt', 'action': 'run_model', 'label': '849ebd3b-e3ef-47b1-8e2c-d10d93aee660', 'context': [<snowplow_tracker.self_describing_json.SelfDescribingJson object at 0xffff5ec16450>]}
[0m10:22:31.792816 [info ] [Thread-3 (]: 16 of 16 OK created sql table model `dwh`.`mart_vas` ........................... [[32mOK[0m in 0.07s]
[0m10:22:31.793246 [debug] [Thread-3 (]: Finished running node model.dwh.mart_vas
[0m10:22:31.794641 [debug] [MainThread]: Connection 'master' was properly closed.
[0m10:22:31.794853 [debug] [MainThread]: Connection 'model.dwh.mart_listings_by_category' was left open.
[0m10:22:31.795011 [debug] [MainThread]: On model.dwh.mart_listings_by_category: Close
[0m10:22:31.795293 [debug] [MainThread]: Connection 'model.dwh.mart_revenue_monthly_yoy' was left open.
[0m10:22:31.795439 [debug] [MainThread]: On model.dwh.mart_revenue_monthly_yoy: Close
[0m10:22:31.795570 [debug] [MainThread]: Connection 'model.dwh.mart_vas' was left open.
[0m10:22:31.795688 [debug] [MainThread]: On model.dwh.mart_vas: Close
[0m10:22:31.795810 [debug] [MainThread]: Connection 'model.dwh.dim_vas_types' was left open.
[0m10:22:31.795933 [debug] [MainThread]: On model.dwh.dim_vas_types: Close
[0m10:22:31.796201 [info ] [MainThread]: 
[0m10:22:31.796607 [info ] [MainThread]: Finished running 8 table models, 8 view models in 0 hours 0 minutes and 0.54 seconds (0.54s).
[0m10:22:31.798585 [debug] [MainThread]: Command end result
[0m10:22:31.825250 [debug] [MainThread]: Wrote artifact WritableManifest to /opt/airflow/dbt/target/manifest.json
[0m10:22:31.827775 [debug] [MainThread]: Wrote artifact SemanticManifest to /opt/airflow/dbt/target/semantic_manifest.json
[0m10:22:31.835275 [debug] [MainThread]: Wrote artifact RunExecutionResult to /opt/airflow/dbt/target/run_results.json
[0m10:22:31.835684 [info ] [MainThread]: 
[0m10:22:31.836550 [info ] [MainThread]: [32mCompleted successfully[0m
[0m10:22:31.836984 [info ] [MainThread]: 
[0m10:22:31.837513 [info ] [MainThread]: Done. PASS=16 WARN=0 ERROR=0 SKIP=0 NO-OP=0 TOTAL=16
[0m10:22:31.838770 [debug] [MainThread]: Resource report: {"command_name": "run", "command_success": true, "command_wall_clock_time": 1.6572797, "process_in_blocks": "1688", "process_kernel_time": 0.209586, "process_mem_max_rss": "157444", "process_out_blocks": "4076", "process_user_time": 2.016026}
[0m10:22:31.839153 [debug] [MainThread]: Command `dbt run` succeeded at 10:22:31.839067 after 1.66 seconds
[0m10:22:31.839441 [debug] [MainThread]: Sending event: {'category': 'dbt', 'action': 'invocation', 'label': 'end', 'context': [<snowplow_tracker.self_describing_json.SelfDescribingJson object at 0xffff936fe750>, <snowplow_tracker.self_describing_json.SelfDescribingJson object at 0xffff5c1f91f0>, <snowplow_tracker.self_describing_json.SelfDescribingJson object at 0xffff5c1f9610>]}
[0m10:22:31.839661 [debug] [MainThread]: Flushing usage events
[0m10:22:32.772900 [debug] [MainThread]: An error was encountered while trying to flush usage events
[0m10:42:41.416954 [debug] [MainThread]: Sending event: {'category': 'dbt', 'action': 'invocation', 'label': 'start', 'context': [<snowplow_tracker.self_describing_json.SelfDescribingJson object at 0xffffb4ca3770>, <snowplow_tracker.self_describing_json.SelfDescribingJson object at 0xffffb809afd0>, <snowplow_tracker.self_describing_json.SelfDescribingJson object at 0xffffb3ad3d90>]}


============================== 10:42:41.421967 | d839e9ee-333f-4314-bc82-92fbdcbf30f8 ==============================
[0m10:42:41.421967 [info ] [MainThread]: Running with dbt=1.11.15
[0m10:42:41.422614 [debug] [MainThread]: running dbt with arguments {'use_experimental_parser': 'False', 'log_cache_events': 'False', 'write_json': 'True', 'send_anonymous_usage_stats': 'True', 'introspect': 'True', 'log_format': 'default', 'invocation_command': 'dbt run', 'indirect_selection': 'eager', 'profiles_dir': '/opt/airflow/dbt/profiles', 'log_path': '/opt/airflow/dbt/logs', 'debug': 'False', 'fail_fast': 'False', 'empty': 'False', 'cache_selected_only': 'False', 'printer_width': '80', 'version_check': 'True', 'use_colors': 'True', 'warn_error': 'None', 'target_path': 'None', 'static_parser': 'True', 'partial_parse': 'True', 'quiet': 'False', 'no_print': 'None', 'warn_error_options': 'WarnErrorOptionsV2(error=[], warn=[], silence=[])'}
[0m10:42:41.665187 [debug] [MainThread]: Sending event: {'category': 'dbt', 'action': 'project_id', 'label': 'd839e9ee-333f-4314-bc82-92fbdcbf30f8', 'context': [<snowplow_tracker.self_describing_json.SelfDescribingJson object at 0xffffb4778b00>]}
[0m10:42:41.698045 [debug] [MainThread]: Sending event: {'category': 'dbt', 'action': 'adapter_info', 'label': 'd839e9ee-333f-4314-bc82-92fbdcbf30f8', 'context': [<snowplow_tracker.self_describing_json.SelfDescribingJson object at 0xffffb3b1f460>]}
[0m10:42:41.698912 [info ] [MainThread]: Registered adapter: clickhouse=1.10.2
[0m10:42:41.739261 [debug] [MainThread]: checksum: 810725a07b286a161cb6a02f5214572f3ba8aa5d584b5e37ea30d4a281c3d3a5, vars: {}, profile: , target: , version: 1.11.15
[0m10:42:41.827196 [debug] [MainThread]: Partial parsing enabled: 0 files deleted, 0 files added, 0 files changed.
[0m10:42:41.827660 [debug] [MainThread]: Nothing changed, skipping partial parsing.
[0m10:42:41.827923 [debug] [MainThread]: Partial parsing enabled, no changes found, skipping parsing
[0m10:42:41.845934 [debug] [MainThread]: Sending event: {'category': 'dbt', 'action': 'load_project', 'label': 'd839e9ee-333f-4314-bc82-92fbdcbf30f8', 'context': [<snowplow_tracker.self_describing_json.SelfDescribingJson object at 0xffffb36e8450>]}
[0m10:42:41.958643 [debug] [MainThread]: Wrote artifact WritableManifest to /opt/airflow/dbt/target/manifest.json
[0m10:42:41.960669 [debug] [MainThread]: Wrote artifact SemanticManifest to /opt/airflow/dbt/target/semantic_manifest.json
[0m10:42:41.970674 [debug] [MainThread]: Sending event: {'category': 'dbt', 'action': 'resource_counts', 'label': 'd839e9ee-333f-4314-bc82-92fbdcbf30f8', 'context': [<snowplow_tracker.self_describing_json.SelfDescribingJson object at 0xffffb3d16b70>]}
[0m10:42:41.970989 [info ] [MainThread]: Found 16 models, 536 macros
[0m10:42:41.971155 [debug] [MainThread]: Sending event: {'category': 'dbt', 'action': 'runnable_timing', 'label': 'd839e9ee-333f-4314-bc82-92fbdcbf30f8', 'context': [<snowplow_tracker.self_describing_json.SelfDescribingJson object at 0xffffb352a890>]}
[0m10:42:41.972558 [info ] [MainThread]: 
[0m10:42:41.973037 [info ] [MainThread]: Concurrency: 4 threads (target='dev')
[0m10:42:41.973283 [info ] [MainThread]: 
[0m10:42:41.973688 [debug] [MainThread]: Acquiring new clickhouse connection 'master'
[0m10:42:41.977755 [debug] [ThreadPool]: Acquiring new clickhouse connection 'list_'
[0m10:42:41.984207 [debug] [ThreadPool]: Opening a new connection, currently in state init
[0m10:42:42.137447 [debug] [ThreadPool]: dbt_clickhouse adapter: On list_: /* {"app": "dbt", "dbt_version": "1.11.15", "profile_name": "dwh", "target_name": "dev", "connection_name": "list_"} */

    select name from system.databases
  ...
[0m10:42:42.139077 [debug] [ThreadPool]: dbt_clickhouse adapter: SQL status: OK in 0.00 seconds
[0m10:42:42.169938 [debug] [ThreadPool]: Re-using an available connection from the pool (formerly list_, now list__dwh)
[0m10:42:42.174364 [debug] [ThreadPool]: dbt_clickhouse adapter: On list__dwh: /* {"app": "dbt", "dbt_version": "1.11.15", "profile_name": "dwh", "target_name": "dev", "connection_name": "list__dwh"} */
with mv_sources as (
      -- Find all MVs and their target tables (database and name of the MV, plus the SELECT SQL)
      select
        name as mv_name,
        database as mv_database,
        any(as_select) as mv_sql,
        any(replaceRegexpOne(create_table_query, '.*TO\\s+`?([^`\\s(]+)`?\\.`?([^`\\s(]+)`?.*', '\\1.\\2')) as target_fqn
      
      from system.tables
      
      where engine = 'MaterializedView'
        and create_table_query like '%TO %'
      group by mv_name, mv_database
    )
    select
      t.name as name,
      t.database as schema,
      multiIf(
        t.engine = 'MaterializedView', 'materialized_view',
        t.engine = 'View', 'view',
        t.engine = 'Dictionary', 'dictionary',
        'table'
      ) as type,
      db.engine as db_engine,
      groupArrayIf(
        map('schema', mv_sources.mv_database, 'name', mv_sources.mv_name, 'sql', mv_sources.mv_sql),
        mv_sources.mv_name != ''
      ) as mvs_pointing_to_it,
      -- The refresh clause of a refreshable MV sits between the view name and the TO clause,
      -- e.g. CREATE MATERIALIZED VIEW db.mv REFRESH EVERY 2 MINUTE [APPEND] TO db.target ...
      max(position(substring(t.create_table_query, 1, position(t.create_table_query, ' TO ')), ' REFRESH ')) > 0 as is_refreshable,
      max(position(substring(t.create_table_query, 1, position(t.create_table_query, ' TO ')), ' APPEND')) > 0 as refreshable_append,0 as is_on_cluster
        from system.tables as t
      
        join system.databases as db on t.database = db.name
        left join mv_sources on mv_sources.target_fqn = concat(t.database, '.', t.name)
      where schema = 'dwh'
      group by name, schema, type, db_engine

  ...
[0m10:42:42.222167 [debug] [ThreadPool]: dbt_clickhouse adapter: SQL status: OK in 0.05 seconds
[0m10:42:42.224549 [debug] [MainThread]: Sending event: {'category': 'dbt', 'action': 'runnable_timing', 'label': 'd839e9ee-333f-4314-bc82-92fbdcbf30f8', 'context': [<snowplow_tracker.self_describing_json.SelfDescribingJson object at 0xffffb1421b20>]}
[0m10:42:42.227382 [debug] [Thread-2 (]: Began running node model.dwh.stg_listings
[0m10:42:42.227631 [debug] [Thread-1 (]: Began running node model.dwh.stg_categories
[0m10:42:42.227843 [debug] [Thread-4 (]: Began running node model.dwh.stg_user_activity
[0m10:42:42.228109 [debug] [Thread-3 (]: Began running node model.dwh.stg_payments
[0m10:42:42.228436 [info ] [Thread-2 (]: 2 of 16 START sql view model `dwh`.`stg_listings` .............................. [RUN]
[0m10:42:42.228796 [info ] [Thread-1 (]: 1 of 16 START sql view model `dwh`.`stg_categories` ............................ [RUN]
[0m10:42:42.229173 [info ] [Thread-4 (]: 4 of 16 START sql view model `dwh`.`stg_user_activity` ......................... [RUN]
[0m10:42:42.229581 [info ] [Thread-3 (]: 3 of 16 START sql view model `dwh`.`stg_payments` .............................. [RUN]
[0m10:42:42.229926 [debug] [Thread-2 (]: Acquiring new clickhouse connection 'model.dwh.stg_listings'
[0m10:42:42.230171 [debug] [Thread-1 (]: Re-using an available connection from the pool (formerly list__dwh, now model.dwh.stg_categories)
[0m10:42:42.230433 [debug] [Thread-4 (]: Acquiring new clickhouse connection 'model.dwh.stg_user_activity'
[0m10:42:42.230676 [debug] [Thread-3 (]: Acquiring new clickhouse connection 'model.dwh.stg_payments'
[0m10:42:42.230879 [debug] [Thread-2 (]: Began compiling node model.dwh.stg_listings
[0m10:42:42.231063 [debug] [Thread-1 (]: Began compiling node model.dwh.stg_categories
[0m10:42:42.231258 [debug] [Thread-4 (]: Began compiling node model.dwh.stg_user_activity
[0m10:42:42.231438 [debug] [Thread-3 (]: Began compiling node model.dwh.stg_payments
[0m10:42:42.236442 [debug] [Thread-2 (]: Writing injected SQL for node "model.dwh.stg_listings"
[0m10:42:42.238412 [debug] [Thread-1 (]: Writing injected SQL for node "model.dwh.stg_categories"
[0m10:42:42.240473 [debug] [Thread-4 (]: Writing injected SQL for node "model.dwh.stg_user_activity"
[0m10:42:42.242487 [debug] [Thread-3 (]: Writing injected SQL for node "model.dwh.stg_payments"
[0m10:42:42.244235 [debug] [Thread-2 (]: Began executing node model.dwh.stg_listings
[0m10:42:42.244431 [debug] [Thread-1 (]: Began executing node model.dwh.stg_categories
[0m10:42:42.244588 [debug] [Thread-4 (]: Began executing node model.dwh.stg_user_activity
[0m10:42:42.253208 [debug] [Thread-2 (]: Relation stg_listings already exists, replacing it
[0m10:42:42.253465 [debug] [Thread-3 (]: Began executing node model.dwh.stg_payments
[0m10:42:42.254625 [debug] [Thread-1 (]: Relation stg_categories already exists, replacing it
[0m10:42:42.255944 [debug] [Thread-4 (]: Relation stg_user_activity already exists, replacing it
[0m10:42:42.261697 [debug] [Thread-2 (]: Model mvs to replace ['stg_listings_mv']
[0m10:42:42.263220 [debug] [Thread-3 (]: Relation stg_payments already exists, replacing it
[0m10:42:42.263558 [debug] [Thread-1 (]: Model mvs to replace ['stg_categories_mv']
[0m10:42:42.263851 [debug] [Thread-4 (]: Model mvs to replace ['stg_user_activity_mv']
[0m10:42:42.265167 [debug] [Thread-2 (]: Opening a new connection, currently in state init
[0m10:42:42.265452 [debug] [Thread-3 (]: Model mvs to replace ['stg_payments_mv']
[0m10:42:42.265763 [debug] [Thread-1 (]: dbt_clickhouse adapter: On model.dwh.stg_categories: /* {"app": "dbt", "dbt_version": "1.11.15", "profile_name": "dwh", "target_name": "dev", "node_id": "model.dwh.stg_categories"} */

    
    select name
    from system.tables
    where engine = 'MaterializedView'
      and extract(create_table_query, 'TO\\s+([^\\s(]+)') = 'dwh.stg_categories'
  
  ...
[0m10:42:42.266085 [debug] [Thread-4 (]: Opening a new connection, currently in state init
[0m10:42:42.266578 [debug] [Thread-3 (]: Opening a new connection, currently in state init
[0m10:42:42.272315 [debug] [Thread-2 (]: dbt_clickhouse adapter: On model.dwh.stg_listings: /* {"app": "dbt", "dbt_version": "1.11.15", "profile_name": "dwh", "target_name": "dev", "node_id": "model.dwh.stg_listings"} */

    
    select name
    from system.tables
    where engine = 'MaterializedView'
      and extract(create_table_query, 'TO\\s+([^\\s(]+)') = 'dwh.stg_listings'
  
  ...
[0m10:42:42.272658 [debug] [Thread-4 (]: dbt_clickhouse adapter: On model.dwh.stg_user_activity: /* {"app": "dbt", "dbt_version": "1.11.15", "profile_name": "dwh", "target_name": "dev", "node_id": "model.dwh.stg_user_activity"} */

    
    select name
    from system.tables
    where engine = 'MaterializedView'
      and extract(create_table_query, 'TO\\s+([^\\s(]+)') = 'dwh.stg_user_activity'
  
  ...
[0m10:42:42.273449 [debug] [Thread-3 (]: dbt_clickhouse adapter: On model.dwh.stg_payments: /* {"app": "dbt", "dbt_version": "1.11.15", "profile_name": "dwh", "target_name": "dev", "node_id": "model.dwh.stg_payments"} */

    
    select name
    from system.tables
    where engine = 'MaterializedView'
      and extract(create_table_query, 'TO\\s+([^\\s(]+)') = 'dwh.stg_payments'
  
  ...
[0m10:42:42.310190 [debug] [Thread-3 (]: dbt_clickhouse adapter: SQL status: OK in 0.04 seconds
[0m10:42:42.310660 [debug] [Thread-1 (]: dbt_clickhouse adapter: SQL status: OK in 0.04 seconds
[0m10:42:42.311548 [debug] [Thread-3 (]: Current mvs found in ClickHouse are: 
[0m10:42:42.311973 [debug] [Thread-2 (]: dbt_clickhouse adapter: SQL status: OK in 0.04 seconds
[0m10:42:42.312417 [debug] [Thread-4 (]: dbt_clickhouse adapter: SQL status: OK in 0.04 seconds
[0m10:42:42.313004 [debug] [Thread-1 (]: Current mvs found in ClickHouse are: 
[0m10:42:42.323205 [debug] [Thread-3 (]: Writing runtime sql for node "model.dwh.stg_payments"
[0m10:42:42.324011 [debug] [Thread-2 (]: Current mvs found in ClickHouse are: 
[0m10:42:42.324652 [debug] [Thread-4 (]: Current mvs found in ClickHouse are: 
[0m10:42:42.325249 [debug] [Thread-1 (]: Writing runtime sql for node "model.dwh.stg_categories"
[0m10:42:42.325981 [debug] [Thread-2 (]: Writing runtime sql for node "model.dwh.stg_listings"
[0m10:42:42.326576 [debug] [Thread-4 (]: Writing runtime sql for node "model.dwh.stg_user_activity"
[0m10:42:42.327427 [debug] [Thread-3 (]: dbt_clickhouse adapter: On model.dwh.stg_payments: /* {"app": "dbt", "dbt_version": "1.11.15", "profile_name": "dwh", "target_name": "dev", "node_id": "model.dwh.stg_payments"} */


  create or replace view `dwh`.`stg_payments` 
  
    
  
  
    
    
  as (
    

SELECT
    payment_id,
    user_id,
    listing_id,
    vas_type_id,
    amount,
    payment_type,
    status,
    payment_date
FROM s3(
    'http://minio:9000/raw/postgres/payments/*.parquet',
    'Parquet',
    'payment_id Int64, user_id Int64, listing_id Nullable(Int64), vas_type_id Nullable(Int32), amount Float64, payment_type String, status String, payment_date DateTime64(3)'
)
    
  )
      
      
                    -- end_of_sql
                    
                    ...
[0m10:42:42.327812 [debug] [Thread-1 (]: dbt_clickhouse adapter: On model.dwh.stg_categories: /* {"app": "dbt", "dbt_version": "1.11.15", "profile_name": "dwh", "target_name": "dev", "node_id": "model.dwh.stg_categories"} */


  create or replace view `dwh`.`stg_categories` 
  
    
  
  
    
    
  as (
    

SELECT
    category_id,
    name,
    parent_id
FROM s3(
    'http://minio:9000/raw/mysql/categories/*.parquet',
    'Parquet',
    'category_id Int32, name String, parent_id Nullable(Int32)'
)
    
  )
      
      
                    -- end_of_sql
                    
                    ...
[0m10:42:42.328692 [debug] [Thread-2 (]: dbt_clickhouse adapter: On model.dwh.stg_listings: /* {"app": "dbt", "dbt_version": "1.11.15", "profile_name": "dwh", "target_name": "dev", "node_id": "model.dwh.stg_listings"} */


  create or replace view `dwh`.`stg_listings` 
  
    
  
  
    
    
  as (
    

SELECT
    listing_id,
    user_id,
    category_id,
    title,
    description,
    price,
    status,
    platform,
    created_at,
    activated_at,
    sold_at,
    deactivated_at,
    updated_at
FROM s3(
    'http://minio:9000/raw/postgres/listings/*.parquet',
    'Parquet',
    'listing_id Int64, user_id Int64, category_id Int32, title String, description Nullable(String), price Float64, status String, platform String, created_at DateTime64(3), activated_at Nullable(DateTime64(3)), sold_at Nullable(DateTime64(3)), deactivated_at Nullable(DateTime64(3)), updated_at DateTime64(3)'
)
    
  )
      
      
                    -- end_of_sql
                    
                    ...
[0m10:42:42.328934 [debug] [Thread-4 (]: dbt_clickhouse adapter: On model.dwh.stg_user_activity: /* {"app": "dbt", "dbt_version": "1.11.15", "profile_name": "dwh", "target_name": "dev", "node_id": "model.dwh.stg_user_activity"} */


  create or replace view `dwh`.`stg_user_activity` 
  
    
  
  
    
    
  as (
    

SELECT
    event_id,
    user_id,
    event_type,
    platform,
    listing_id,
    session_id,
    ts
FROM s3(
    'http://minio:9000/raw/kafka/user_activity/*.parquet',
    'Parquet',
    'event_id String, user_id Int64, event_type String, platform String, listing_id Nullable(Int64), session_id String, ts DateTime64(3)'
)
    
  )
      
      
                    -- end_of_sql
                    
                    ...
[0m10:42:42.345245 [debug] [Thread-4 (]: dbt_clickhouse adapter: SQL status: OK in 0.02 seconds
[0m10:42:42.345604 [debug] [Thread-3 (]: dbt_clickhouse adapter: SQL status: OK in 0.02 seconds
[0m10:42:42.351413 [debug] [Thread-1 (]: dbt_clickhouse adapter: SQL status: OK in 0.02 seconds
[0m10:42:42.352018 [debug] [Thread-2 (]: dbt_clickhouse adapter: SQL status: OK in 0.02 seconds
[0m10:42:42.377052 [debug] [Thread-4 (]: Sending event: {'category': 'dbt', 'action': 'run_model', 'label': 'd839e9ee-333f-4314-bc82-92fbdcbf30f8', 'context': [<snowplow_tracker.self_describing_json.SelfDescribingJson object at 0xffffb1430e90>]}
[0m10:42:42.378878 [debug] [Thread-1 (]: Sending event: {'category': 'dbt', 'action': 'run_model', 'label': 'd839e9ee-333f-4314-bc82-92fbdcbf30f8', 'context': [<snowplow_tracker.self_describing_json.SelfDescribingJson object at 0xffffb1ba1910>]}
[0m10:42:42.379358 [debug] [Thread-3 (]: Sending event: {'category': 'dbt', 'action': 'run_model', 'label': 'd839e9ee-333f-4314-bc82-92fbdcbf30f8', 'context': [<snowplow_tracker.self_describing_json.SelfDescribingJson object at 0xffffb1ba1b20>]}
[0m10:42:42.380861 [debug] [Thread-2 (]: Sending event: {'category': 'dbt', 'action': 'run_model', 'label': 'd839e9ee-333f-4314-bc82-92fbdcbf30f8', 'context': [<snowplow_tracker.self_describing_json.SelfDescribingJson object at 0xffffb13500f0>]}
[0m10:42:42.381676 [info ] [Thread-4 (]: 4 of 16 OK created sql view model `dwh`.`stg_user_activity` .................... [[32mOK[0m in 0.15s]
[0m10:42:42.382357 [info ] [Thread-1 (]: 1 of 16 OK created sql view model `dwh`.`stg_categories` ....................... [[32mOK[0m in 0.15s]
[0m10:42:42.383034 [info ] [Thread-3 (]: 3 of 16 OK created sql view model `dwh`.`stg_payments` ......................... [[32mOK[0m in 0.15s]
[0m10:42:42.383578 [info ] [Thread-2 (]: 2 of 16 OK created sql view model `dwh`.`stg_listings` ......................... [[32mOK[0m in 0.15s]
[0m10:42:42.384265 [debug] [Thread-4 (]: Finished running node model.dwh.stg_user_activity
[0m10:42:42.384590 [debug] [Thread-1 (]: Finished running node model.dwh.stg_categories
[0m10:42:42.384883 [debug] [Thread-3 (]: Finished running node model.dwh.stg_payments
[0m10:42:42.385150 [debug] [Thread-2 (]: Finished running node model.dwh.stg_listings
[0m10:42:42.385412 [debug] [Thread-4 (]: Began running node model.dwh.stg_users
[0m10:42:42.385710 [debug] [Thread-1 (]: Began running node model.dwh.stg_vas_types
[0m10:42:42.386062 [debug] [Thread-3 (]: Began running node model.dwh.mart_dau
[0m10:42:42.386415 [debug] [Thread-2 (]: Began running node model.dwh.dim_categories
[0m10:42:42.386799 [info ] [Thread-4 (]: 5 of 16 START sql view model `dwh`.`stg_users` ................................. [RUN]
[0m10:42:42.387119 [info ] [Thread-1 (]: 6 of 16 START sql view model `dwh`.`stg_vas_types` ............................. [RUN]
[0m10:42:42.387458 [info ] [Thread-3 (]: 7 of 16 START sql table model `dwh`.`mart_dau` ................................. [RUN]
[0m10:42:42.387896 [info ] [Thread-2 (]: 8 of 16 START sql table model `dwh`.`dim_categories` ........................... [RUN]
[0m10:42:42.388298 [debug] [Thread-4 (]: Re-using an available connection from the pool (formerly model.dwh.stg_user_activity, now model.dwh.stg_users)
[0m10:42:42.388567 [debug] [Thread-1 (]: Re-using an available connection from the pool (formerly model.dwh.stg_categories, now model.dwh.stg_vas_types)
[0m10:42:42.388835 [debug] [Thread-3 (]: Re-using an available connection from the pool (formerly model.dwh.stg_payments, now model.dwh.mart_dau)
[0m10:42:42.389088 [debug] [Thread-2 (]: Re-using an available connection from the pool (formerly model.dwh.stg_listings, now model.dwh.dim_categories)
[0m10:42:42.389726 [debug] [Thread-4 (]: Began compiling node model.dwh.stg_users
[0m10:42:42.389974 [debug] [Thread-1 (]: Began compiling node model.dwh.stg_vas_types
[0m10:42:42.390206 [debug] [Thread-3 (]: Began compiling node model.dwh.mart_dau
[0m10:42:42.390423 [debug] [Thread-2 (]: Began compiling node model.dwh.dim_categories
[0m10:42:42.392393 [debug] [Thread-4 (]: Writing injected SQL for node "model.dwh.stg_users"
[0m10:42:42.394213 [debug] [Thread-1 (]: Writing injected SQL for node "model.dwh.stg_vas_types"
[0m10:42:42.396405 [debug] [Thread-3 (]: Writing injected SQL for node "model.dwh.mart_dau"
[0m10:42:42.397804 [debug] [Thread-2 (]: Writing injected SQL for node "model.dwh.dim_categories"
[0m10:42:42.398917 [debug] [Thread-4 (]: Began executing node model.dwh.stg_users
[0m10:42:42.399122 [debug] [Thread-1 (]: Began executing node model.dwh.stg_vas_types
[0m10:42:42.400283 [debug] [Thread-4 (]: Relation stg_users already exists, replacing it
[0m10:42:42.400664 [debug] [Thread-3 (]: Began executing node model.dwh.mart_dau
[0m10:42:42.402023 [debug] [Thread-1 (]: Relation stg_vas_types already exists, replacing it
[0m10:42:42.402279 [debug] [Thread-2 (]: Began executing node model.dwh.dim_categories
[0m10:42:42.402484 [debug] [Thread-4 (]: Model mvs to replace ['stg_users_mv']
[0m10:42:42.414104 [debug] [Thread-1 (]: Model mvs to replace ['stg_vas_types_mv']
[0m10:42:42.447456 [debug] [Thread-2 (]: dbt_clickhouse adapter: On model.dwh.dim_categories: /* {"app": "dbt", "dbt_version": "1.11.15", "profile_name": "dwh", "target_name": "dev", "node_id": "model.dwh.dim_categories"} */

        

    
        create table `dwh`.`dim_categories__dbt_backup`
        
  
        
  engine = MergeTree()
        
      order by (tuple())
        
        
        
        
                    -- end_of_sql
                    SETTINGS replicated_deduplication_window='0'

                    
          empty
          as (
            

SELECT
    category_id,
    name AS category_name,
    parent_id
FROM `dwh`.`stg_categories`
          )
        
    ...
[0m10:42:42.447941 [debug] [Thread-3 (]: dbt_clickhouse adapter: On model.dwh.mart_dau: /* {"app": "dbt", "dbt_version": "1.11.15", "profile_name": "dwh", "target_name": "dev", "node_id": "model.dwh.mart_dau"} */

        

    
        create table `dwh`.`mart_dau__dbt_backup`
        
  
        
  engine = MergeTree()
        
      order by (tuple())
        
        
        
        
                    -- end_of_sql
                    SETTINGS replicated_deduplication_window='0'

                    
          empty
          as (
            

SELECT
    toDate(ts) AS day,
    platform,
    uniqExact(user_id) AS dau
FROM `dwh`.`stg_user_activity`
GROUP BY day, platform
ORDER BY day, platform
          )
        
    ...
[0m10:42:42.448263 [debug] [Thread-4 (]: dbt_clickhouse adapter: On model.dwh.stg_users: /* {"app": "dbt", "dbt_version": "1.11.15", "profile_name": "dwh", "target_name": "dev", "node_id": "model.dwh.stg_users"} */

    
    select name
    from system.tables
    where engine = 'MaterializedView'
      and extract(create_table_query, 'TO\\s+([^\\s(]+)') = 'dwh.stg_users'
  
  ...
[0m10:42:42.448638 [debug] [Thread-1 (]: dbt_clickhouse adapter: On model.dwh.stg_vas_types: /* {"app": "dbt", "dbt_version": "1.11.15", "profile_name": "dwh", "target_name": "dev", "node_id": "model.dwh.stg_vas_types"} */

    
    select name
    from system.tables
    where engine = 'MaterializedView'
      and extract(create_table_query, 'TO\\s+([^\\s(]+)') = 'dwh.stg_vas_types'
  
  ...
[0m10:42:42.452356 [debug] [Thread-4 (]: dbt_clickhouse adapter: SQL status: OK in 0.00 seconds
[0m10:42:42.452815 [debug] [Thread-1 (]: dbt_clickhouse adapter: SQL status: OK in 0.00 seconds
[0m10:42:42.453609 [debug] [Thread-4 (]: Current mvs found in ClickHouse are: 
[0m10:42:42.454496 [debug] [Thread-1 (]: Current mvs found in ClickHouse are: 
[0m10:42:42.455696 [debug] [Thread-4 (]: Writing runtime sql for node "model.dwh.stg_users"
[0m10:42:42.456668 [debug] [Thread-1 (]: Writing runtime sql for node "model.dwh.stg_vas_types"
[0m10:42:42.457218 [debug] [Thread-2 (]: dbt_clickhouse adapter: SQL status: OK in 0.01 seconds
[0m10:42:42.466606 [debug] [Thread-2 (]: dbt_clickhouse adapter: On model.dwh.dim_categories: /* {"app": "dbt", "dbt_version": "1.11.15", "profile_name": "dwh", "target_name": "dev", "node_id": "model.dwh.dim_categories"} */

    select name, type from system.columns where table = 'dim_categories__dbt_backup'
    
      
        and database = 'dwh'
      
    
    order by position
  ...
[0m10:42:42.466920 [debug] [Thread-3 (]: dbt_clickhouse adapter: SQL status: OK in 0.02 seconds
[0m10:42:42.467319 [debug] [Thread-4 (]: dbt_clickhouse adapter: On model.dwh.stg_users: /* {"app": "dbt", "dbt_version": "1.11.15", "profile_name": "dwh", "target_name": "dev", "node_id": "model.dwh.stg_users"} */


  create or replace view `dwh`.`stg_users` 
  
    
  
  
    
    
  as (
    

SELECT
    user_id,
    email,
    phone,
    status,
    registered_at,
    created_at,
    updated_at
FROM s3(
    'http://minio:9000/raw/postgres/users/*.parquet',
    'Parquet',
    'user_id Int64, email String, phone Nullable(String), status String, registered_at DateTime64(3), created_at DateTime64(3), updated_at DateTime64(3)'
)
    
  )
      
      
                    -- end_of_sql
                    
                    ...
[0m10:42:42.468691 [debug] [Thread-3 (]: dbt_clickhouse adapter: On model.dwh.mart_dau: /* {"app": "dbt", "dbt_version": "1.11.15", "profile_name": "dwh", "target_name": "dev", "node_id": "model.dwh.mart_dau"} */

    select name, type from system.columns where table = 'mart_dau__dbt_backup'
    
      
        and database = 'dwh'
      
    
    order by position
  ...
[0m10:42:42.468916 [debug] [Thread-1 (]: dbt_clickhouse adapter: On model.dwh.stg_vas_types: /* {"app": "dbt", "dbt_version": "1.11.15", "profile_name": "dwh", "target_name": "dev", "node_id": "model.dwh.stg_vas_types"} */


  create or replace view `dwh`.`stg_vas_types` 
  
    
  
  
    
    
  as (
    

SELECT
    vas_type_id,
    name,
    description
FROM s3(
    'http://minio:9000/raw/mysql/vas_types/*.parquet',
    'Parquet',
    'vas_type_id Int32, name String, description Nullable(String)'
)
    
  )
      
      
                    -- end_of_sql
                    
                    ...
[0m10:42:42.472320 [debug] [Thread-3 (]: dbt_clickhouse adapter: SQL status: OK in 0.00 seconds
[0m10:42:42.472625 [debug] [Thread-2 (]: dbt_clickhouse adapter: SQL status: OK in 0.01 seconds
[0m10:42:42.474677 [debug] [Thread-3 (]: Writing runtime sql for node "model.dwh.mart_dau"
[0m10:42:42.475536 [debug] [Thread-2 (]: Writing runtime sql for node "model.dwh.dim_categories"
[0m10:42:42.476981 [debug] [Thread-3 (]: dbt_clickhouse adapter: On model.dwh.mart_dau: /* {"app": "dbt", "dbt_version": "1.11.15", "profile_name": "dwh", "target_name": "dev", "node_id": "model.dwh.mart_dau"} */

  
    
    
    
        


        
  

  insert into `dwh`.`mart_dau__dbt_backup`
        ("day", "platform", "dau")

SELECT
    toDate(ts) AS day,
    platform,
    uniqExact(user_id) AS dau
FROM `dwh`.`stg_user_activity`
GROUP BY day, platform
ORDER BY day, platform
  ...
[0m10:42:42.477315 [debug] [Thread-2 (]: dbt_clickhouse adapter: On model.dwh.dim_categories: /* {"app": "dbt", "dbt_version": "1.11.15", "profile_name": "dwh", "target_name": "dev", "node_id": "model.dwh.dim_categories"} */

  
    
    
    
        


        
  

  insert into `dwh`.`dim_categories__dbt_backup`
        ("category_id", "category_name", "parent_id")

SELECT
    category_id,
    name AS category_name,
    parent_id
FROM `dwh`.`stg_categories`
  ...
[0m10:42:42.477728 [debug] [Thread-1 (]: dbt_clickhouse adapter: SQL status: OK in 0.01 seconds
[0m10:42:42.477932 [debug] [Thread-4 (]: dbt_clickhouse adapter: SQL status: OK in 0.01 seconds
[0m10:42:42.479558 [debug] [Thread-1 (]: Sending event: {'category': 'dbt', 'action': 'run_model', 'label': 'd839e9ee-333f-4314-bc82-92fbdcbf30f8', 'context': [<snowplow_tracker.self_describing_json.SelfDescribingJson object at 0xffffb13d6660>]}
[0m10:42:42.480764 [debug] [Thread-4 (]: Sending event: {'category': 'dbt', 'action': 'run_model', 'label': 'd839e9ee-333f-4314-bc82-92fbdcbf30f8', 'context': [<snowplow_tracker.self_describing_json.SelfDescribingJson object at 0xffffb0251010>]}
[0m10:42:42.481236 [info ] [Thread-1 (]: 6 of 16 OK created sql view model `dwh`.`stg_vas_types` ........................ [[32mOK[0m in 0.09s]
[0m10:42:42.481723 [info ] [Thread-4 (]: 5 of 16 OK created sql view model `dwh`.`stg_users` ............................ [[32mOK[0m in 0.09s]
[0m10:42:42.482441 [debug] [Thread-1 (]: Finished running node model.dwh.stg_vas_types
[0m10:42:42.483007 [debug] [Thread-4 (]: Finished running node model.dwh.stg_users
[0m10:42:42.483576 [debug] [Thread-1 (]: Began running node model.dwh.int_payments_success
[0m10:42:42.483886 [debug] [Thread-4 (]: Began running node model.dwh.int_listings_enriched
[0m10:42:42.484569 [info ] [Thread-1 (]: 9 of 16 START sql view model `dwh`.`int_payments_success` ...................... [RUN]
[0m10:42:42.485041 [info ] [Thread-4 (]: 10 of 16 START sql view model `dwh`.`int_listings_enriched` .................... [RUN]
[0m10:42:42.485430 [debug] [Thread-1 (]: Re-using an available connection from the pool (formerly model.dwh.stg_vas_types, now model.dwh.int_payments_success)
[0m10:42:42.485919 [debug] [Thread-3 (]: dbt_clickhouse adapter: SQL status: OK in 0.01 seconds
[0m10:42:42.486103 [debug] [Thread-4 (]: Re-using an available connection from the pool (formerly model.dwh.stg_users, now model.dwh.int_listings_enriched)
[0m10:42:42.486329 [debug] [Thread-1 (]: Began compiling node model.dwh.int_payments_success
[0m10:42:42.489515 [debug] [Thread-3 (]: dbt_clickhouse adapter: On model.dwh.mart_dau: /* {"app": "dbt", "dbt_version": "1.11.15", "profile_name": "dwh", "target_name": "dev", "node_id": "model.dwh.mart_dau"} */
EXCHANGE TABLES `dwh`.`mart_dau__dbt_backup` AND `dwh`.`mart_dau` 
  
  ...
[0m10:42:42.489815 [debug] [Thread-4 (]: Began compiling node model.dwh.int_listings_enriched
[0m10:42:42.492521 [debug] [Thread-1 (]: Writing injected SQL for node "model.dwh.int_payments_success"
[0m10:42:42.494535 [debug] [Thread-4 (]: Writing injected SQL for node "model.dwh.int_listings_enriched"
[0m10:42:42.495018 [debug] [Thread-2 (]: dbt_clickhouse adapter: SQL status: OK in 0.02 seconds
[0m10:42:42.496069 [debug] [Thread-2 (]: dbt_clickhouse adapter: On model.dwh.dim_categories: /* {"app": "dbt", "dbt_version": "1.11.15", "profile_name": "dwh", "target_name": "dev", "node_id": "model.dwh.dim_categories"} */
EXCHANGE TABLES `dwh`.`dim_categories__dbt_backup` AND `dwh`.`dim_categories` 
  
  ...
[0m10:42:42.496688 [debug] [Thread-1 (]: Began executing node model.dwh.int_payments_success
[0m10:42:42.496984 [debug] [Thread-3 (]: dbt_clickhouse adapter: SQL status: OK in 0.00 seconds
[0m10:42:42.497136 [debug] [Thread-4 (]: Began executing node model.dwh.int_listings_enriched
[0m10:42:42.499464 [debug] [Thread-1 (]: Relation int_payments_success already exists, replacing it
[0m10:42:42.499717 [debug] [Thread-2 (]: dbt_clickhouse adapter: SQL status: OK in 0.00 seconds
[0m10:42:42.502925 [debug] [Thread-3 (]: dbt_clickhouse adapter: On model.dwh.mart_dau: /* {"app": "dbt", "dbt_version": "1.11.15", "profile_name": "dwh", "target_name": "dev", "node_id": "model.dwh.mart_dau"} */
drop table if exists `dwh`.`mart_dau__dbt_backup` 
  ...
[0m10:42:42.504047 [debug] [Thread-4 (]: Relation int_listings_enriched already exists, replacing it
[0m10:42:42.504336 [debug] [Thread-1 (]: Model mvs to replace ['int_payments_success_mv']
[0m10:42:42.506328 [debug] [Thread-2 (]: dbt_clickhouse adapter: On model.dwh.dim_categories: /* {"app": "dbt", "dbt_version": "1.11.15", "profile_name": "dwh", "target_name": "dev", "node_id": "model.dwh.dim_categories"} */
drop table if exists `dwh`.`dim_categories__dbt_backup` 
  ...
[0m10:42:42.506751 [debug] [Thread-4 (]: Model mvs to replace ['int_listings_enriched_mv']
[0m10:42:42.507047 [debug] [Thread-1 (]: dbt_clickhouse adapter: On model.dwh.int_payments_success: /* {"app": "dbt", "dbt_version": "1.11.15", "profile_name": "dwh", "target_name": "dev", "node_id": "model.dwh.int_payments_success"} */

    
    select name
    from system.tables
    where engine = 'MaterializedView'
      and extract(create_table_query, 'TO\\s+([^\\s(]+)') = 'dwh.int_payments_success'
  
  ...
[0m10:42:42.507533 [debug] [Thread-4 (]: dbt_clickhouse adapter: On model.dwh.int_listings_enriched: /* {"app": "dbt", "dbt_version": "1.11.15", "profile_name": "dwh", "target_name": "dev", "node_id": "model.dwh.int_listings_enriched"} */

    
    select name
    from system.tables
    where engine = 'MaterializedView'
      and extract(create_table_query, 'TO\\s+([^\\s(]+)') = 'dwh.int_listings_enriched'
  
  ...
[0m10:42:42.508359 [debug] [Thread-3 (]: dbt_clickhouse adapter: SQL status: OK in 0.00 seconds
[0m10:42:42.508535 [debug] [Thread-2 (]: dbt_clickhouse adapter: SQL status: OK in 0.00 seconds
[0m10:42:42.509327 [debug] [Thread-3 (]: Sending event: {'category': 'dbt', 'action': 'run_model', 'label': 'd839e9ee-333f-4314-bc82-92fbdcbf30f8', 'context': [<snowplow_tracker.self_describing_json.SelfDescribingJson object at 0xffffb13ed010>]}
[0m10:42:42.509727 [debug] [Thread-4 (]: dbt_clickhouse adapter: SQL status: OK in 0.00 seconds
[0m10:42:42.510020 [debug] [Thread-1 (]: dbt_clickhouse adapter: SQL status: OK in 0.00 seconds
[0m10:42:42.510666 [debug] [Thread-2 (]: Sending event: {'category': 'dbt', 'action': 'run_model', 'label': 'd839e9ee-333f-4314-bc82-92fbdcbf30f8', 'context': [<snowplow_tracker.self_describing_json.SelfDescribingJson object at 0xffffb13ef6b0>]}
[0m10:42:42.511234 [info ] [Thread-3 (]: 7 of 16 OK created sql table model `dwh`.`mart_dau` ............................ [[32mOK[0m in 0.12s]
[0m10:42:42.512289 [debug] [Thread-4 (]: Current mvs found in ClickHouse are: 
[0m10:42:42.513053 [debug] [Thread-1 (]: Current mvs found in ClickHouse are: 
[0m10:42:42.513473 [info ] [Thread-2 (]: 8 of 16 OK created sql table model `dwh`.`dim_categories` ...................... [[32mOK[0m in 0.12s]
[0m10:42:42.513833 [debug] [Thread-3 (]: Finished running node model.dwh.mart_dau
[0m10:42:42.514377 [debug] [Thread-4 (]: Writing runtime sql for node "model.dwh.int_listings_enriched"
[0m10:42:42.514852 [debug] [Thread-1 (]: Writing runtime sql for node "model.dwh.int_payments_success"
[0m10:42:42.515129 [debug] [Thread-2 (]: Finished running node model.dwh.dim_categories
[0m10:42:42.515375 [debug] [Thread-3 (]: Began running node model.dwh.dim_vas_types
[0m10:42:42.515991 [info ] [Thread-3 (]: 11 of 16 START sql table model `dwh`.`dim_vas_types` ........................... [RUN]
[0m10:42:42.516241 [debug] [Thread-3 (]: Re-using an available connection from the pool (formerly model.dwh.mart_dau, now model.dwh.dim_vas_types)
[0m10:42:42.516441 [debug] [Thread-3 (]: Began compiling node model.dwh.dim_vas_types
[0m10:42:42.518257 [debug] [Thread-3 (]: Writing injected SQL for node "model.dwh.dim_vas_types"
[0m10:42:42.518508 [debug] [Thread-1 (]: dbt_clickhouse adapter: On model.dwh.int_payments_success: /* {"app": "dbt", "dbt_version": "1.11.15", "profile_name": "dwh", "target_name": "dev", "node_id": "model.dwh.int_payments_success"} */


  create or replace view `dwh`.`int_payments_success` 
  
    
  
  
    
    
  as (
    

SELECT *
FROM `dwh`.`stg_payments`
WHERE status = 'success'
    
  )
      
      
                    -- end_of_sql
                    
                    ...
[0m10:42:42.518846 [debug] [Thread-4 (]: dbt_clickhouse adapter: On model.dwh.int_listings_enriched: /* {"app": "dbt", "dbt_version": "1.11.15", "profile_name": "dwh", "target_name": "dev", "node_id": "model.dwh.int_listings_enriched"} */


  create or replace view `dwh`.`int_listings_enriched` 
  
    
  
  
    
    
  as (
    

SELECT
    l.listing_id,
    l.user_id,
    l.category_id,
    c.name AS category_name,
    l.title,
    l.price,
    l.status,
    l.platform,
    l.created_at,
    l.sold_at
FROM `dwh`.`stg_listings` l
LEFT JOIN `dwh`.`stg_categories` c ON l.category_id = c.category_id
    
  )
      
      
                    -- end_of_sql
                    
                    ...
[0m10:42:42.519493 [debug] [Thread-3 (]: Began executing node model.dwh.dim_vas_types
[0m10:42:42.522201 [debug] [Thread-3 (]: dbt_clickhouse adapter: On model.dwh.dim_vas_types: /* {"app": "dbt", "dbt_version": "1.11.15", "profile_name": "dwh", "target_name": "dev", "node_id": "model.dwh.dim_vas_types"} */

        

    
        create table `dwh`.`dim_vas_types__dbt_backup`
        
  
        
  engine = MergeTree()
        
      order by (tuple())
        
        
        
        
                    -- end_of_sql
                    SETTINGS replicated_deduplication_window='0'

                    
          empty
          as (
            

SELECT
    vas_type_id,
    name AS vas_type_name,
    description
FROM `dwh`.`stg_vas_types`
          )
        
    ...
[0m10:42:42.522591 [debug] [Thread-1 (]: dbt_clickhouse adapter: SQL status: OK in 0.00 seconds
[0m10:42:42.522824 [debug] [Thread-4 (]: dbt_clickhouse adapter: SQL status: OK in 0.00 seconds
[0m10:42:42.523824 [debug] [Thread-1 (]: Sending event: {'category': 'dbt', 'action': 'run_model', 'label': 'd839e9ee-333f-4314-bc82-92fbdcbf30f8', 'context': [<snowplow_tracker.self_describing_json.SelfDescribingJson object at 0xffffb1346f90>]}
[0m10:42:42.524744 [debug] [Thread-4 (]: Sending event: {'category': 'dbt', 'action': 'run_model', 'label': 'd839e9ee-333f-4314-bc82-92fbdcbf30f8', 'context': [<snowplow_tracker.self_describing_json.SelfDescribingJson object at 0xffffb0294ef0>]}
[0m10:42:42.525149 [info ] [Thread-1 (]: 9 of 16 OK created sql view model `dwh`.`int_payments_success` ................. [[32mOK[0m in 0.04s]
[0m10:42:42.525562 [info ] [Thread-4 (]: 10 of 16 OK created sql view model `dwh`.`int_listings_enriched` ............... [[32mOK[0m in 0.04s]
[0m10:42:42.525903 [debug] [Thread-1 (]: Finished running node model.dwh.int_payments_success
[0m10:42:42.526212 [debug] [Thread-4 (]: Finished running node model.dwh.int_listings_enriched
[0m10:42:42.527020 [debug] [Thread-2 (]: Began running node model.dwh.mart_arpu_monthly
[0m10:42:42.527256 [debug] [Thread-1 (]: Began running node model.dwh.mart_revenue_daily
[0m10:42:42.527418 [debug] [Thread-4 (]: Began running node model.dwh.mart_revenue_monthly_yoy
[0m10:42:42.527654 [info ] [Thread-2 (]: 12 of 16 START sql table model `dwh`.`mart_arpu_monthly` ....................... [RUN]
[0m10:42:42.528003 [info ] [Thread-1 (]: 13 of 16 START sql table model `dwh`.`mart_revenue_daily` ...................... [RUN]
[0m10:42:42.528338 [info ] [Thread-4 (]: 14 of 16 START sql table model `dwh`.`mart_revenue_monthly_yoy` ................ [RUN]
[0m10:42:42.528655 [debug] [Thread-2 (]: Re-using an available connection from the pool (formerly model.dwh.dim_categories, now model.dwh.mart_arpu_monthly)
[0m10:42:42.528902 [debug] [Thread-3 (]: dbt_clickhouse adapter: SQL status: OK in 0.01 seconds
[0m10:42:42.529083 [debug] [Thread-1 (]: Re-using an available connection from the pool (formerly model.dwh.int_payments_success, now model.dwh.mart_revenue_daily)
[0m10:42:42.529345 [debug] [Thread-4 (]: Re-using an available connection from the pool (formerly model.dwh.int_listings_enriched, now model.dwh.mart_revenue_monthly_yoy)
[0m10:42:42.529878 [debug] [Thread-2 (]: Began compiling node model.dwh.mart_arpu_monthly
[0m10:42:42.531440 [debug] [Thread-3 (]: dbt_clickhouse adapter: On model.dwh.dim_vas_types: /* {"app": "dbt", "dbt_version": "1.11.15", "profile_name": "dwh", "target_name": "dev", "node_id": "model.dwh.dim_vas_types"} */

    select name, type from system.columns where table = 'dim_vas_types__dbt_backup'
    
      
        and database = 'dwh'
      
    
    order by position
  ...
[0m10:42:42.531655 [debug] [Thread-1 (]: Began compiling node model.dwh.mart_revenue_daily
[0m10:42:42.531853 [debug] [Thread-4 (]: Began compiling node model.dwh.mart_revenue_monthly_yoy
[0m10:42:42.533616 [debug] [Thread-2 (]: Writing injected SQL for node "model.dwh.mart_arpu_monthly"
[0m10:42:42.537269 [debug] [Thread-1 (]: Writing injected SQL for node "model.dwh.mart_revenue_daily"
[0m10:42:42.538551 [debug] [Thread-4 (]: Writing injected SQL for node "model.dwh.mart_revenue_monthly_yoy"
[0m10:42:42.539609 [debug] [Thread-2 (]: Began executing node model.dwh.mart_arpu_monthly
[0m10:42:42.539784 [debug] [Thread-1 (]: Began executing node model.dwh.mart_revenue_daily
[0m10:42:42.541749 [debug] [Thread-2 (]: dbt_clickhouse adapter: On model.dwh.mart_arpu_monthly: /* {"app": "dbt", "dbt_version": "1.11.15", "profile_name": "dwh", "target_name": "dev", "node_id": "model.dwh.mart_arpu_monthly"} */

        

    
        create table `dwh`.`mart_arpu_monthly__dbt_backup`
        
  
        
  engine = MergeTree()
        
      order by (tuple())
        
        
        
        
                    -- end_of_sql
                    SETTINGS replicated_deduplication_window='0'

                    
          empty
          as (
            

WITH revenue AS (
    SELECT
        toStartOfMonth(payment_date) AS month,
        sum(amount) AS revenue
    FROM `dwh`.`int_payments_success`
    GROUP BY month
),
mau AS (
    SELECT
        toStartOfMonth(ts) AS month,
        uniqExact(user_id) AS active_users
    FROM `dwh`.`stg_user_activity`
    GROUP BY month
)
SELECT
    r.month,
    r.revenue,
    m.active_users,
    round(r.revenue / m.active_users, 2) AS arpu
FROM revenue r
JOIN mau m ON m.month = r.month
ORDER BY r.month
          )
        
    ...
[0m10:42:42.541965 [debug] [Thread-4 (]: Began executing node model.dwh.mart_revenue_monthly_yoy
[0m10:42:42.542310 [debug] [Thread-3 (]: dbt_clickhouse adapter: SQL status: OK in 0.01 seconds
[0m10:42:42.543679 [debug] [Thread-1 (]: dbt_clickhouse adapter: On model.dwh.mart_revenue_daily: /* {"app": "dbt", "dbt_version": "1.11.15", "profile_name": "dwh", "target_name": "dev", "node_id": "model.dwh.mart_revenue_daily"} */

        

    
        create table `dwh`.`mart_revenue_daily__dbt_backup`
        
  
        
  engine = MergeTree()
        
      order by (tuple())
        
        
        
        
                    -- end_of_sql
                    SETTINGS replicated_deduplication_window='0'

                    
          empty
          as (
            

SELECT
    toDate(payment_date) AS day,
    sum(amount) AS revenue
FROM `dwh`.`int_payments_success`
GROUP BY day
ORDER BY day
          )
        
    ...
[0m10:42:42.545410 [debug] [Thread-4 (]: dbt_clickhouse adapter: On model.dwh.mart_revenue_monthly_yoy: /* {"app": "dbt", "dbt_version": "1.11.15", "profile_name": "dwh", "target_name": "dev", "node_id": "model.dwh.mart_revenue_monthly_yoy"} */

        

    
        create table `dwh`.`mart_revenue_monthly_yoy__dbt_backup`
        
  
        
  engine = MergeTree()
        
      order by (tuple())
        
        
        
        
                    -- end_of_sql
                    SETTINGS replicated_deduplication_window='0'

                    
          empty
          as (
            

WITH monthly AS (
    SELECT
        toStartOfMonth(payment_date) AS month,
        sum(amount) AS revenue
    FROM `dwh`.`int_payments_success`
    GROUP BY month
)
SELECT
    m.month,
    m.revenue,
    p.revenue AS revenue_prev_year,
    round((m.revenue - p.revenue) / p.revenue, 4) AS yoy_growth
FROM monthly m
LEFT JOIN monthly p ON p.month = addMonths(m.month, -12)
ORDER BY m.month
          )
        
    ...
[0m10:42:42.546414 [debug] [Thread-3 (]: Writing runtime sql for node "model.dwh.dim_vas_types"
[0m10:42:42.547700 [debug] [Thread-3 (]: dbt_clickhouse adapter: On model.dwh.dim_vas_types: /* {"app": "dbt", "dbt_version": "1.11.15", "profile_name": "dwh", "target_name": "dev", "node_id": "model.dwh.dim_vas_types"} */

  
    
    
    
        


        
  

  insert into `dwh`.`dim_vas_types__dbt_backup`
        ("vas_type_id", "vas_type_name", "description")

SELECT
    vas_type_id,
    name AS vas_type_name,
    description
FROM `dwh`.`stg_vas_types`
  ...
[0m10:42:42.553614 [debug] [Thread-1 (]: dbt_clickhouse adapter: SQL status: OK in 0.01 seconds
[0m10:42:42.555718 [debug] [Thread-1 (]: dbt_clickhouse adapter: On model.dwh.mart_revenue_daily: /* {"app": "dbt", "dbt_version": "1.11.15", "profile_name": "dwh", "target_name": "dev", "node_id": "model.dwh.mart_revenue_daily"} */

    select name, type from system.columns where table = 'mart_revenue_daily__dbt_backup'
    
      
        and database = 'dwh'
      
    
    order by position
  ...
[0m10:42:42.556003 [debug] [Thread-4 (]: dbt_clickhouse adapter: SQL status: OK in 0.01 seconds
[0m10:42:42.556290 [debug] [Thread-2 (]: dbt_clickhouse adapter: SQL status: OK in 0.01 seconds
[0m10:42:42.558341 [debug] [Thread-4 (]: dbt_clickhouse adapter: On model.dwh.mart_revenue_monthly_yoy: /* {"app": "dbt", "dbt_version": "1.11.15", "profile_name": "dwh", "target_name": "dev", "node_id": "model.dwh.mart_revenue_monthly_yoy"} */

    select name, type from system.columns where table = 'mart_revenue_monthly_yoy__dbt_backup'
    
      
        and database = 'dwh'
      
    
    order by position
  ...
[0m10:42:42.559926 [debug] [Thread-2 (]: dbt_clickhouse adapter: On model.dwh.mart_arpu_monthly: /* {"app": "dbt", "dbt_version": "1.11.15", "profile_name": "dwh", "target_name": "dev", "node_id": "model.dwh.mart_arpu_monthly"} */

    select name, type from system.columns where table = 'mart_arpu_monthly__dbt_backup'
    
      
        and database = 'dwh'
      
    
    order by position
  ...
[0m10:42:42.560565 [debug] [Thread-1 (]: dbt_clickhouse adapter: SQL status: OK in 0.00 seconds
[0m10:42:42.562086 [debug] [Thread-1 (]: Writing runtime sql for node "model.dwh.mart_revenue_daily"
[0m10:42:42.563167 [debug] [Thread-3 (]: dbt_clickhouse adapter: SQL status: OK in 0.02 seconds
[0m10:42:42.563915 [debug] [Thread-3 (]: dbt_clickhouse adapter: On model.dwh.dim_vas_types: /* {"app": "dbt", "dbt_version": "1.11.15", "profile_name": "dwh", "target_name": "dev", "node_id": "model.dwh.dim_vas_types"} */
EXCHANGE TABLES `dwh`.`dim_vas_types__dbt_backup` AND `dwh`.`dim_vas_types` 
  
  ...
[0m10:42:42.564300 [debug] [Thread-4 (]: dbt_clickhouse adapter: SQL status: OK in 0.00 seconds
[0m10:42:42.564629 [debug] [Thread-2 (]: dbt_clickhouse adapter: SQL status: OK in 0.00 seconds
[0m10:42:42.565473 [debug] [Thread-4 (]: Writing runtime sql for node "model.dwh.mart_revenue_monthly_yoy"
[0m10:42:42.565774 [debug] [Thread-1 (]: dbt_clickhouse adapter: On model.dwh.mart_revenue_daily: /* {"app": "dbt", "dbt_version": "1.11.15", "profile_name": "dwh", "target_name": "dev", "node_id": "model.dwh.mart_revenue_daily"} */

  
    
    
    
        


        
  

  insert into `dwh`.`mart_revenue_daily__dbt_backup`
        ("day", "revenue")

SELECT
    toDate(payment_date) AS day,
    sum(amount) AS revenue
FROM `dwh`.`int_payments_success`
GROUP BY day
ORDER BY day
  ...
[0m10:42:42.566396 [debug] [Thread-2 (]: Writing runtime sql for node "model.dwh.mart_arpu_monthly"
[0m10:42:42.567646 [debug] [Thread-4 (]: dbt_clickhouse adapter: On model.dwh.mart_revenue_monthly_yoy: /* {"app": "dbt", "dbt_version": "1.11.15", "profile_name": "dwh", "target_name": "dev", "node_id": "model.dwh.mart_revenue_monthly_yoy"} */

  
    
    
    
        


        
  

  insert into `dwh`.`mart_revenue_monthly_yoy__dbt_backup`
        ("month", "revenue", "revenue_prev_year", "yoy_growth")

WITH monthly AS (
    SELECT
        toStartOfMonth(payment_date) AS month,
        sum(amount) AS revenue
    FROM `dwh`.`int_payments_success`
    GROUP BY month
)
SELECT
    m.month,
    m.revenue,
    p.revenue AS revenue_prev_year,
    round((m.revenue - p.revenue) / p.revenue, 4) AS yoy_growth
FROM monthly m
LEFT JOIN monthly p ON p.month = addMonths(m.month, -12)
ORDER BY m.month
  ...
[0m10:42:42.567899 [debug] [Thread-2 (]: dbt_clickhouse adapter: On model.dwh.mart_arpu_monthly: /* {"app": "dbt", "dbt_version": "1.11.15", "profile_name": "dwh", "target_name": "dev", "node_id": "model.dwh.mart_arpu_monthly"} */

  
    
    
    
        


        
  

  insert into `dwh`.`mart_arpu_monthly__dbt_backup`
        ("month", "revenue", "active_users", "arpu")

WITH revenue AS (
    SELECT
        toStartOfMonth(payment_date) AS month,
        sum(amount) AS revenue
    FROM `dwh`.`int_payments_success`
    GROUP BY month
),
mau AS (
    SELECT
        toStartOfMonth(ts) AS month,
        uniqExact(user_id) AS active_users
    FROM `dwh`.`stg_user_activity`
    GROUP BY month
)
SELECT
    r.month,
    r.revenue,
    m.active_users,
    round(r.revenue / m.active_users, 2) AS arpu
FROM revenue r
JOIN mau m ON m.month = r.month
ORDER BY r.month
  ...
[0m10:42:42.568578 [debug] [Thread-3 (]: dbt_clickhouse adapter: SQL status: OK in 0.00 seconds
[0m10:42:42.571824 [debug] [Thread-3 (]: dbt_clickhouse adapter: On model.dwh.dim_vas_types: /* {"app": "dbt", "dbt_version": "1.11.15", "profile_name": "dwh", "target_name": "dev", "node_id": "model.dwh.dim_vas_types"} */
drop table if exists `dwh`.`dim_vas_types__dbt_backup` 
  ...
[0m10:42:42.574436 [debug] [Thread-3 (]: dbt_clickhouse adapter: SQL status: OK in 0.00 seconds
[0m10:42:42.575877 [debug] [Thread-3 (]: Sending event: {'category': 'dbt', 'action': 'run_model', 'label': 'd839e9ee-333f-4314-bc82-92fbdcbf30f8', 'context': [<snowplow_tracker.self_describing_json.SelfDescribingJson object at 0xffffb0296270>]}
[0m10:42:42.576546 [info ] [Thread-3 (]: 11 of 16 OK created sql table model `dwh`.`dim_vas_types` ...................... [[32mOK[0m in 0.06s]
[0m10:42:42.577247 [debug] [Thread-3 (]: Finished running node model.dwh.dim_vas_types
[0m10:42:42.577726 [debug] [Thread-3 (]: Began running node model.dwh.mart_listings_by_category
[0m10:42:42.578128 [info ] [Thread-3 (]: 15 of 16 START sql table model `dwh`.`mart_listings_by_category` ............... [RUN]
[0m10:42:42.578756 [debug] [Thread-3 (]: Re-using an available connection from the pool (formerly model.dwh.dim_vas_types, now model.dwh.mart_listings_by_category)
[0m10:42:42.579340 [debug] [Thread-3 (]: Began compiling node model.dwh.mart_listings_by_category
[0m10:42:42.583436 [debug] [Thread-3 (]: Writing injected SQL for node "model.dwh.mart_listings_by_category"
[0m10:42:42.585581 [debug] [Thread-3 (]: Began executing node model.dwh.mart_listings_by_category
[0m10:42:42.590501 [debug] [Thread-3 (]: dbt_clickhouse adapter: On model.dwh.mart_listings_by_category: /* {"app": "dbt", "dbt_version": "1.11.15", "profile_name": "dwh", "target_name": "dev", "node_id": "model.dwh.mart_listings_by_category"} */

        

    
        create table `dwh`.`mart_listings_by_category__dbt_backup`
        
  
        
  engine = MergeTree()
        
      order by (tuple())
        
        
        
        
                    -- end_of_sql
                    SETTINGS replicated_deduplication_window='0'

                    
          empty
          as (
            

SELECT
    category_id,
    category_name,
    count(*) AS listing_count,
    round(avg(price), 2) AS avg_price
FROM `dwh`.`int_listings_enriched`
GROUP BY category_id, category_name
ORDER BY listing_count DESC
          )
        
    ...
[0m10:42:42.604710 [debug] [Thread-3 (]: dbt_clickhouse adapter: SQL status: OK in 0.01 seconds
[0m10:42:42.606891 [debug] [Thread-3 (]: dbt_clickhouse adapter: On model.dwh.mart_listings_by_category: /* {"app": "dbt", "dbt_version": "1.11.15", "profile_name": "dwh", "target_name": "dev", "node_id": "model.dwh.mart_listings_by_category"} */

    select name, type from system.columns where table = 'mart_listings_by_category__dbt_backup'
    
      
        and database = 'dwh'
      
    
    order by position
  ...
[0m10:42:42.610117 [debug] [Thread-3 (]: dbt_clickhouse adapter: SQL status: OK in 0.00 seconds
[0m10:42:42.611364 [debug] [Thread-3 (]: Writing runtime sql for node "model.dwh.mart_listings_by_category"
[0m10:42:42.612478 [debug] [Thread-3 (]: dbt_clickhouse adapter: On model.dwh.mart_listings_by_category: /* {"app": "dbt", "dbt_version": "1.11.15", "profile_name": "dwh", "target_name": "dev", "node_id": "model.dwh.mart_listings_by_category"} */

  
    
    
    
        


        
  

  insert into `dwh`.`mart_listings_by_category__dbt_backup`
        ("category_id", "category_name", "listing_count", "avg_price")

SELECT
    category_id,
    category_name,
    count(*) AS listing_count,
    round(avg(price), 2) AS avg_price
FROM `dwh`.`int_listings_enriched`
GROUP BY category_id, category_name
ORDER BY listing_count DESC
  ...
[0m10:42:42.612992 [debug] [Thread-2 (]: dbt_clickhouse adapter: SQL status: OK in 0.04 seconds
[0m10:42:42.614040 [debug] [Thread-2 (]: dbt_clickhouse adapter: On model.dwh.mart_arpu_monthly: /* {"app": "dbt", "dbt_version": "1.11.15", "profile_name": "dwh", "target_name": "dev", "node_id": "model.dwh.mart_arpu_monthly"} */
EXCHANGE TABLES `dwh`.`mart_arpu_monthly__dbt_backup` AND `dwh`.`mart_arpu_monthly` 
  
  ...
[0m10:42:42.617310 [debug] [Thread-1 (]: dbt_clickhouse adapter: SQL status: OK in 0.05 seconds
[0m10:42:42.618500 [debug] [Thread-1 (]: dbt_clickhouse adapter: On model.dwh.mart_revenue_daily: /* {"app": "dbt", "dbt_version": "1.11.15", "profile_name": "dwh", "target_name": "dev", "node_id": "model.dwh.mart_revenue_daily"} */
EXCHANGE TABLES `dwh`.`mart_revenue_daily__dbt_backup` AND `dwh`.`mart_revenue_daily` 
  
  ...
[0m10:42:42.618888 [debug] [Thread-2 (]: dbt_clickhouse adapter: SQL status: OK in 0.00 seconds
[0m10:42:42.622123 [debug] [Thread-2 (]: dbt_clickhouse adapter: On model.dwh.mart_arpu_monthly: /* {"app": "dbt", "dbt_version": "1.11.15", "profile_name": "dwh", "target_name": "dev", "node_id": "model.dwh.mart_arpu_monthly"} */
drop table if exists `dwh`.`mart_arpu_monthly__dbt_backup` 
  ...
[0m10:42:42.626240 [debug] [Thread-1 (]: dbt_clickhouse adapter: SQL status: OK in 0.01 seconds
[0m10:42:42.626659 [debug] [Thread-2 (]: dbt_clickhouse adapter: SQL status: OK in 0.00 seconds
[0m10:42:42.629566 [debug] [Thread-1 (]: dbt_clickhouse adapter: On model.dwh.mart_revenue_daily: /* {"app": "dbt", "dbt_version": "1.11.15", "profile_name": "dwh", "target_name": "dev", "node_id": "model.dwh.mart_revenue_daily"} */
drop table if exists `dwh`.`mart_revenue_daily__dbt_backup` 
  ...
[0m10:42:42.631123 [debug] [Thread-2 (]: Sending event: {'category': 'dbt', 'action': 'run_model', 'label': 'd839e9ee-333f-4314-bc82-92fbdcbf30f8', 'context': [<snowplow_tracker.self_describing_json.SelfDescribingJson object at 0xffffb13efc50>]}
[0m10:42:42.632286 [info ] [Thread-2 (]: 12 of 16 OK created sql table model `dwh`.`mart_arpu_monthly` .................. [[32mOK[0m in 0.10s]
[0m10:42:42.632885 [debug] [Thread-2 (]: Finished running node model.dwh.mart_arpu_monthly
[0m10:42:42.633448 [debug] [Thread-1 (]: dbt_clickhouse adapter: SQL status: OK in 0.00 seconds
[0m10:42:42.633772 [debug] [Thread-2 (]: Began running node model.dwh.mart_vas
[0m10:42:42.635027 [debug] [Thread-1 (]: Sending event: {'category': 'dbt', 'action': 'run_model', 'label': 'd839e9ee-333f-4314-bc82-92fbdcbf30f8', 'context': [<snowplow_tracker.self_describing_json.SelfDescribingJson object at 0xffffb1347c50>]}
[0m10:42:42.635668 [info ] [Thread-2 (]: 16 of 16 START sql table model `dwh`.`mart_vas` ................................ [RUN]
[0m10:42:42.636388 [info ] [Thread-1 (]: 13 of 16 OK created sql table model `dwh`.`mart_revenue_daily` ................. [[32mOK[0m in 0.11s]
[0m10:42:42.637715 [debug] [Thread-2 (]: Re-using an available connection from the pool (formerly model.dwh.mart_arpu_monthly, now model.dwh.mart_vas)
[0m10:42:42.638797 [debug] [Thread-1 (]: Finished running node model.dwh.mart_revenue_daily
[0m10:42:42.639099 [debug] [Thread-2 (]: Began compiling node model.dwh.mart_vas
[0m10:42:42.642348 [debug] [Thread-2 (]: Writing injected SQL for node "model.dwh.mart_vas"
[0m10:42:42.643045 [debug] [Thread-4 (]: dbt_clickhouse adapter: SQL status: OK in 0.07 seconds
[0m10:42:42.644068 [debug] [Thread-4 (]: dbt_clickhouse adapter: On model.dwh.mart_revenue_monthly_yoy: /* {"app": "dbt", "dbt_version": "1.11.15", "profile_name": "dwh", "target_name": "dev", "node_id": "model.dwh.mart_revenue_monthly_yoy"} */
EXCHANGE TABLES `dwh`.`mart_revenue_monthly_yoy__dbt_backup` AND `dwh`.`mart_revenue_monthly_yoy` 
  
  ...
[0m10:42:42.645369 [debug] [Thread-2 (]: Began executing node model.dwh.mart_vas
[0m10:42:42.651941 [debug] [Thread-2 (]: dbt_clickhouse adapter: On model.dwh.mart_vas: /* {"app": "dbt", "dbt_version": "1.11.15", "profile_name": "dwh", "target_name": "dev", "node_id": "model.dwh.mart_vas"} */

        

    
        create table `dwh`.`mart_vas__dbt_backup`
        
  
        
  engine = MergeTree()
        
      order by (tuple())
        
        
        
        
                    -- end_of_sql
                    SETTINGS replicated_deduplication_window='0'

                    
          empty
          as (
            

SELECT
    v.vas_type_id,
    v.vas_type_name,
    count(*) AS purchases,
    sum(p.amount) AS revenue
FROM `dwh`.`int_payments_success` p
JOIN `dwh`.`dim_vas_types` v ON p.vas_type_id = v.vas_type_id
WHERE p.payment_type = 'vas'
GROUP BY v.vas_type_id, v.vas_type_name
ORDER BY revenue DESC
          )
        
    ...
[0m10:42:42.653538 [debug] [Thread-4 (]: dbt_clickhouse adapter: SQL status: OK in 0.01 seconds
[0m10:42:42.656701 [debug] [Thread-4 (]: dbt_clickhouse adapter: On model.dwh.mart_revenue_monthly_yoy: /* {"app": "dbt", "dbt_version": "1.11.15", "profile_name": "dwh", "target_name": "dev", "node_id": "model.dwh.mart_revenue_monthly_yoy"} */
drop table if exists `dwh`.`mart_revenue_monthly_yoy__dbt_backup` 
  ...
[0m10:42:42.659608 [debug] [Thread-4 (]: dbt_clickhouse adapter: SQL status: OK in 0.00 seconds
[0m10:42:42.661214 [debug] [Thread-4 (]: Sending event: {'category': 'dbt', 'action': 'run_model', 'label': 'd839e9ee-333f-4314-bc82-92fbdcbf30f8', 'context': [<snowplow_tracker.self_describing_json.SelfDescribingJson object at 0xffffb13ee2d0>]}
[0m10:42:42.661844 [info ] [Thread-4 (]: 14 of 16 OK created sql table model `dwh`.`mart_revenue_monthly_yoy` ........... [[32mOK[0m in 0.13s]
[0m10:42:42.662439 [debug] [Thread-4 (]: Finished running node model.dwh.mart_revenue_monthly_yoy
[0m10:42:42.666570 [debug] [Thread-2 (]: dbt_clickhouse adapter: SQL status: OK in 0.01 seconds
[0m10:42:42.668883 [debug] [Thread-2 (]: dbt_clickhouse adapter: On model.dwh.mart_vas: /* {"app": "dbt", "dbt_version": "1.11.15", "profile_name": "dwh", "target_name": "dev", "node_id": "model.dwh.mart_vas"} */

    select name, type from system.columns where table = 'mart_vas__dbt_backup'
    
      
        and database = 'dwh'
      
    
    order by position
  ...
[0m10:42:42.672885 [debug] [Thread-2 (]: dbt_clickhouse adapter: SQL status: OK in 0.00 seconds
[0m10:42:42.674377 [debug] [Thread-2 (]: Writing runtime sql for node "model.dwh.mart_vas"
[0m10:42:42.675907 [debug] [Thread-2 (]: dbt_clickhouse adapter: On model.dwh.mart_vas: /* {"app": "dbt", "dbt_version": "1.11.15", "profile_name": "dwh", "target_name": "dev", "node_id": "model.dwh.mart_vas"} */

  
    
    
    
        


        
  

  insert into `dwh`.`mart_vas__dbt_backup`
        ("v.vas_type_id", "vas_type_name", "purchases", "revenue")

SELECT
    v.vas_type_id,
    v.vas_type_name,
    count(*) AS purchases,
    sum(p.amount) AS revenue
FROM `dwh`.`int_payments_success` p
JOIN `dwh`.`dim_vas_types` v ON p.vas_type_id = v.vas_type_id
WHERE p.payment_type = 'vas'
GROUP BY v.vas_type_id, v.vas_type_name
ORDER BY revenue DESC
  ...
[0m10:42:42.683989 [debug] [Thread-3 (]: dbt_clickhouse adapter: SQL status: OK in 0.07 seconds
[0m10:42:42.684859 [debug] [Thread-3 (]: dbt_clickhouse adapter: On model.dwh.mart_listings_by_category: /* {"app": "dbt", "dbt_version": "1.11.15", "profile_name": "dwh", "target_name": "dev", "node_id": "model.dwh.mart_listings_by_category"} */
EXCHANGE TABLES `dwh`.`mart_listings_by_category__dbt_backup` AND `dwh`.`mart_listings_by_category` 
  
  ...
[0m10:42:42.687009 [debug] [Thread-3 (]: dbt_clickhouse adapter: SQL status: OK in 0.00 seconds
[0m10:42:42.689724 [debug] [Thread-3 (]: dbt_clickhouse adapter: On model.dwh.mart_listings_by_category: /* {"app": "dbt", "dbt_version": "1.11.15", "profile_name": "dwh", "target_name": "dev", "node_id": "model.dwh.mart_listings_by_category"} */
drop table if exists `dwh`.`mart_listings_by_category__dbt_backup` 
  ...
[0m10:42:42.691108 [debug] [Thread-3 (]: dbt_clickhouse adapter: SQL status: OK in 0.00 seconds
[0m10:42:42.692124 [debug] [Thread-3 (]: Sending event: {'category': 'dbt', 'action': 'run_model', 'label': 'd839e9ee-333f-4314-bc82-92fbdcbf30f8', 'context': [<snowplow_tracker.self_describing_json.SelfDescribingJson object at 0xffffb0295490>]}
[0m10:42:42.692621 [info ] [Thread-3 (]: 15 of 16 OK created sql table model `dwh`.`mart_listings_by_category` .......... [[32mOK[0m in 0.11s]
[0m10:42:42.693198 [debug] [Thread-3 (]: Finished running node model.dwh.mart_listings_by_category
[0m10:42:42.722064 [debug] [Thread-2 (]: dbt_clickhouse adapter: SQL status: OK in 0.05 seconds
[0m10:42:42.723039 [debug] [Thread-2 (]: dbt_clickhouse adapter: On model.dwh.mart_vas: /* {"app": "dbt", "dbt_version": "1.11.15", "profile_name": "dwh", "target_name": "dev", "node_id": "model.dwh.mart_vas"} */
EXCHANGE TABLES `dwh`.`mart_vas__dbt_backup` AND `dwh`.`mart_vas` 
  
  ...
[0m10:42:42.725210 [debug] [Thread-2 (]: dbt_clickhouse adapter: SQL status: OK in 0.00 seconds
[0m10:42:42.727990 [debug] [Thread-2 (]: dbt_clickhouse adapter: On model.dwh.mart_vas: /* {"app": "dbt", "dbt_version": "1.11.15", "profile_name": "dwh", "target_name": "dev", "node_id": "model.dwh.mart_vas"} */
drop table if exists `dwh`.`mart_vas__dbt_backup` 
  ...
[0m10:42:42.729533 [debug] [Thread-2 (]: dbt_clickhouse adapter: SQL status: OK in 0.00 seconds
[0m10:42:42.730423 [debug] [Thread-2 (]: Sending event: {'category': 'dbt', 'action': 'run_model', 'label': 'd839e9ee-333f-4314-bc82-92fbdcbf30f8', 'context': [<snowplow_tracker.self_describing_json.SelfDescribingJson object at 0xffffb13efb90>]}
[0m10:42:42.730775 [info ] [Thread-2 (]: 16 of 16 OK created sql table model `dwh`.`mart_vas` ........................... [[32mOK[0m in 0.09s]
[0m10:42:42.731130 [debug] [Thread-2 (]: Finished running node model.dwh.mart_vas
[0m10:42:42.732302 [debug] [MainThread]: Connection 'master' was properly closed.
[0m10:42:42.732506 [debug] [MainThread]: Connection 'model.dwh.mart_revenue_daily' was left open.
[0m10:42:42.732693 [debug] [MainThread]: On model.dwh.mart_revenue_daily: Close
[0m10:42:42.732930 [debug] [MainThread]: Connection 'model.dwh.mart_vas' was left open.
[0m10:42:42.733087 [debug] [MainThread]: On model.dwh.mart_vas: Close
[0m10:42:42.733242 [debug] [MainThread]: Connection 'model.dwh.mart_revenue_monthly_yoy' was left open.
[0m10:42:42.733391 [debug] [MainThread]: On model.dwh.mart_revenue_monthly_yoy: Close
[0m10:42:42.733529 [debug] [MainThread]: Connection 'model.dwh.mart_listings_by_category' was left open.
[0m10:42:42.733647 [debug] [MainThread]: On model.dwh.mart_listings_by_category: Close
[0m10:42:42.733971 [info ] [MainThread]: 
[0m10:42:42.734175 [info ] [MainThread]: Finished running 8 table models, 8 view models in 0 hours 0 minutes and 0.76 seconds (0.76s).
[0m10:42:42.735586 [debug] [MainThread]: Command end result
[0m10:42:42.762249 [debug] [MainThread]: Wrote artifact WritableManifest to /opt/airflow/dbt/target/manifest.json
[0m10:42:42.763625 [debug] [MainThread]: Wrote artifact SemanticManifest to /opt/airflow/dbt/target/semantic_manifest.json
[0m10:42:42.767297 [debug] [MainThread]: Wrote artifact RunExecutionResult to /opt/airflow/dbt/target/run_results.json
[0m10:42:42.767449 [info ] [MainThread]: 
[0m10:42:42.767623 [info ] [MainThread]: [32mCompleted successfully[0m
[0m10:42:42.768112 [info ] [MainThread]: 
[0m10:42:42.768286 [info ] [MainThread]: Done. PASS=16 WARN=0 ERROR=0 SKIP=0 NO-OP=0 TOTAL=16
[0m10:42:42.769425 [debug] [MainThread]: Resource report: {"command_name": "run", "command_success": true, "command_wall_clock_time": 1.428487, "process_in_blocks": "45008", "process_kernel_time": 0.353833, "process_mem_max_rss": "153668", "process_out_blocks": "2839", "process_user_time": 1.7752}
[0m10:42:42.769710 [debug] [MainThread]: Command `dbt run` succeeded at 10:42:42.769651 after 1.43 seconds
[0m10:42:42.769908 [debug] [MainThread]: Sending event: {'category': 'dbt', 'action': 'invocation', 'label': 'end', 'context': [<snowplow_tracker.self_describing_json.SelfDescribingJson object at 0xffffb486a1b0>, <snowplow_tracker.self_describing_json.SelfDescribingJson object at 0xffffb02962d0>, <snowplow_tracker.self_describing_json.SelfDescribingJson object at 0xffffb0296510>]}
[0m10:42:42.770085 [debug] [MainThread]: Flushing usage events
[0m10:42:48.377715 [debug] [MainThread]: An error was encountered while trying to flush usage events
[0m11:02:04.202477 [debug] [MainThread]: Sending event: {'category': 'dbt', 'action': 'invocation', 'label': 'start', 'context': [<snowplow_tracker.self_describing_json.SelfDescribingJson object at 0xffff7f5d3770>, <snowplow_tracker.self_describing_json.SelfDescribingJson object at 0xffff829eafd0>, <snowplow_tracker.self_describing_json.SelfDescribingJson object at 0xffff7e407d90>]}


============================== 11:02:04.205780 | 50ab0192-5542-4424-a9bc-f6f398fe58c3 ==============================
[0m11:02:04.205780 [info ] [MainThread]: Running with dbt=1.11.15
[0m11:02:04.206143 [debug] [MainThread]: running dbt with arguments {'debug': 'False', 'invocation_command': 'dbt run', 'fail_fast': 'False', 'log_cache_events': 'False', 'warn_error': 'None', 'target_path': 'None', 'no_print': 'None', 'introspect': 'True', 'use_experimental_parser': 'False', 'write_json': 'True', 'use_colors': 'True', 'send_anonymous_usage_stats': 'True', 'cache_selected_only': 'False', 'warn_error_options': 'WarnErrorOptionsV2(error=[], warn=[], silence=[])', 'printer_width': '80', 'log_format': 'default', 'indirect_selection': 'eager', 'quiet': 'False', 'version_check': 'True', 'log_path': '/opt/airflow/dbt/logs', 'empty': 'False', 'profiles_dir': '/opt/airflow/dbt/profiles', 'static_parser': 'True', 'partial_parse': 'True'}
[0m11:02:04.401731 [debug] [MainThread]: Sending event: {'category': 'dbt', 'action': 'project_id', 'label': '50ab0192-5542-4424-a9bc-f6f398fe58c3', 'context': [<snowplow_tracker.self_describing_json.SelfDescribingJson object at 0xffff7f0acb00>]}
[0m11:02:04.432017 [debug] [MainThread]: Sending event: {'category': 'dbt', 'action': 'adapter_info', 'label': '50ab0192-5542-4424-a9bc-f6f398fe58c3', 'context': [<snowplow_tracker.self_describing_json.SelfDescribingJson object at 0xffff7e453460>]}
[0m11:02:04.432812 [info ] [MainThread]: Registered adapter: clickhouse=1.10.2
[0m11:02:04.469509 [debug] [MainThread]: checksum: 810725a07b286a161cb6a02f5214572f3ba8aa5d584b5e37ea30d4a281c3d3a5, vars: {}, profile: , target: , version: 1.11.15
[0m11:02:04.557399 [debug] [MainThread]: Partial parsing enabled: 0 files deleted, 0 files added, 0 files changed.
[0m11:02:04.557778 [debug] [MainThread]: Nothing changed, skipping partial parsing.
[0m11:02:04.557944 [debug] [MainThread]: Partial parsing enabled, no changes found, skipping parsing
[0m11:02:04.577408 [debug] [MainThread]: Sending event: {'category': 'dbt', 'action': 'load_project', 'label': '50ab0192-5542-4424-a9bc-f6f398fe58c3', 'context': [<snowplow_tracker.self_describing_json.SelfDescribingJson object at 0xffff7e01c450>]}
[0m11:02:04.674425 [debug] [MainThread]: Wrote artifact WritableManifest to /opt/airflow/dbt/target/manifest.json
[0m11:02:04.676146 [debug] [MainThread]: Wrote artifact SemanticManifest to /opt/airflow/dbt/target/semantic_manifest.json
[0m11:02:04.684827 [debug] [MainThread]: Sending event: {'category': 'dbt', 'action': 'resource_counts', 'label': '50ab0192-5542-4424-a9bc-f6f398fe58c3', 'context': [<snowplow_tracker.self_describing_json.SelfDescribingJson object at 0xffff7e64ab70>]}
[0m11:02:04.685280 [info ] [MainThread]: Found 16 models, 536 macros
[0m11:02:04.685566 [debug] [MainThread]: Sending event: {'category': 'dbt', 'action': 'runnable_timing', 'label': '50ab0192-5542-4424-a9bc-f6f398fe58c3', 'context': [<snowplow_tracker.self_describing_json.SelfDescribingJson object at 0xffff7de5e890>]}
[0m11:02:04.687355 [info ] [MainThread]: 
[0m11:02:04.687599 [info ] [MainThread]: Concurrency: 4 threads (target='dev')
[0m11:02:04.687884 [info ] [MainThread]: 
[0m11:02:04.688339 [debug] [MainThread]: Acquiring new clickhouse connection 'master'
[0m11:02:04.692327 [debug] [ThreadPool]: Acquiring new clickhouse connection 'list_'
[0m11:02:04.698711 [debug] [ThreadPool]: Opening a new connection, currently in state init
[0m11:02:04.860498 [debug] [ThreadPool]: dbt_clickhouse adapter: On list_: /* {"app": "dbt", "dbt_version": "1.11.15", "profile_name": "dwh", "target_name": "dev", "connection_name": "list_"} */

    select name from system.databases
  ...
[0m11:02:04.862235 [debug] [ThreadPool]: dbt_clickhouse adapter: SQL status: OK in 0.00 seconds
[0m11:02:04.892672 [debug] [ThreadPool]: Re-using an available connection from the pool (formerly list_, now list__dwh)
[0m11:02:04.896692 [debug] [ThreadPool]: dbt_clickhouse adapter: On list__dwh: /* {"app": "dbt", "dbt_version": "1.11.15", "profile_name": "dwh", "target_name": "dev", "connection_name": "list__dwh"} */
with mv_sources as (
      -- Find all MVs and their target tables (database and name of the MV, plus the SELECT SQL)
      select
        name as mv_name,
        database as mv_database,
        any(as_select) as mv_sql,
        any(replaceRegexpOne(create_table_query, '.*TO\\s+`?([^`\\s(]+)`?\\.`?([^`\\s(]+)`?.*', '\\1.\\2')) as target_fqn
      
      from system.tables
      
      where engine = 'MaterializedView'
        and create_table_query like '%TO %'
      group by mv_name, mv_database
    )
    select
      t.name as name,
      t.database as schema,
      multiIf(
        t.engine = 'MaterializedView', 'materialized_view',
        t.engine = 'View', 'view',
        t.engine = 'Dictionary', 'dictionary',
        'table'
      ) as type,
      db.engine as db_engine,
      groupArrayIf(
        map('schema', mv_sources.mv_database, 'name', mv_sources.mv_name, 'sql', mv_sources.mv_sql),
        mv_sources.mv_name != ''
      ) as mvs_pointing_to_it,
      -- The refresh clause of a refreshable MV sits between the view name and the TO clause,
      -- e.g. CREATE MATERIALIZED VIEW db.mv REFRESH EVERY 2 MINUTE [APPEND] TO db.target ...
      max(position(substring(t.create_table_query, 1, position(t.create_table_query, ' TO ')), ' REFRESH ')) > 0 as is_refreshable,
      max(position(substring(t.create_table_query, 1, position(t.create_table_query, ' TO ')), ' APPEND')) > 0 as refreshable_append,0 as is_on_cluster
        from system.tables as t
      
        join system.databases as db on t.database = db.name
        left join mv_sources on mv_sources.target_fqn = concat(t.database, '.', t.name)
      where schema = 'dwh'
      group by name, schema, type, db_engine

  ...
[0m11:02:04.970409 [debug] [ThreadPool]: dbt_clickhouse adapter: SQL status: OK in 0.07 seconds
[0m11:02:04.973175 [debug] [MainThread]: Sending event: {'category': 'dbt', 'action': 'runnable_timing', 'label': '50ab0192-5542-4424-a9bc-f6f398fe58c3', 'context': [<snowplow_tracker.self_describing_json.SelfDescribingJson object at 0xffff7c291b20>]}
[0m11:02:04.976022 [debug] [Thread-4 (]: Began running node model.dwh.stg_user_activity
[0m11:02:04.976277 [debug] [Thread-1 (]: Began running node model.dwh.stg_categories
[0m11:02:04.976501 [debug] [Thread-3 (]: Began running node model.dwh.stg_payments
[0m11:02:04.976667 [debug] [Thread-2 (]: Began running node model.dwh.stg_listings
[0m11:02:04.976979 [info ] [Thread-4 (]: 4 of 16 START sql view model `dwh`.`stg_user_activity` ......................... [RUN]
[0m11:02:04.977418 [info ] [Thread-1 (]: 1 of 16 START sql view model `dwh`.`stg_categories` ............................ [RUN]
[0m11:02:04.977802 [info ] [Thread-3 (]: 3 of 16 START sql view model `dwh`.`stg_payments` .............................. [RUN]
[0m11:02:04.978190 [info ] [Thread-2 (]: 2 of 16 START sql view model `dwh`.`stg_listings` .............................. [RUN]
[0m11:02:04.978633 [debug] [Thread-4 (]: Acquiring new clickhouse connection 'model.dwh.stg_user_activity'
[0m11:02:04.978909 [debug] [Thread-1 (]: Re-using an available connection from the pool (formerly list__dwh, now model.dwh.stg_categories)
[0m11:02:04.979175 [debug] [Thread-3 (]: Acquiring new clickhouse connection 'model.dwh.stg_payments'
[0m11:02:04.979437 [debug] [Thread-2 (]: Acquiring new clickhouse connection 'model.dwh.stg_listings'
[0m11:02:04.979662 [debug] [Thread-4 (]: Began compiling node model.dwh.stg_user_activity
[0m11:02:04.979895 [debug] [Thread-1 (]: Began compiling node model.dwh.stg_categories
[0m11:02:04.980113 [debug] [Thread-3 (]: Began compiling node model.dwh.stg_payments
[0m11:02:04.980302 [debug] [Thread-2 (]: Began compiling node model.dwh.stg_listings
[0m11:02:04.985155 [debug] [Thread-4 (]: Writing injected SQL for node "model.dwh.stg_user_activity"
[0m11:02:04.986989 [debug] [Thread-1 (]: Writing injected SQL for node "model.dwh.stg_categories"
[0m11:02:04.989647 [debug] [Thread-3 (]: Writing injected SQL for node "model.dwh.stg_payments"
[0m11:02:04.991565 [debug] [Thread-2 (]: Writing injected SQL for node "model.dwh.stg_listings"
[0m11:02:04.993422 [debug] [Thread-4 (]: Began executing node model.dwh.stg_user_activity
[0m11:02:04.993647 [debug] [Thread-3 (]: Began executing node model.dwh.stg_payments
[0m11:02:04.993833 [debug] [Thread-2 (]: Began executing node model.dwh.stg_listings
[0m11:02:04.994025 [debug] [Thread-1 (]: Began executing node model.dwh.stg_categories
[0m11:02:05.003410 [debug] [Thread-4 (]: Relation stg_user_activity already exists, replacing it
[0m11:02:05.004796 [debug] [Thread-3 (]: Relation stg_payments already exists, replacing it
[0m11:02:05.006039 [debug] [Thread-2 (]: Relation stg_listings already exists, replacing it
[0m11:02:05.007503 [debug] [Thread-1 (]: Relation stg_categories already exists, replacing it
[0m11:02:05.013343 [debug] [Thread-4 (]: Model mvs to replace ['stg_user_activity_mv']
[0m11:02:05.013852 [debug] [Thread-3 (]: Model mvs to replace ['stg_payments_mv']
[0m11:02:05.014143 [debug] [Thread-2 (]: Model mvs to replace ['stg_listings_mv']
[0m11:02:05.014421 [debug] [Thread-1 (]: Model mvs to replace ['stg_categories_mv']
[0m11:02:05.015802 [debug] [Thread-4 (]: Opening a new connection, currently in state init
[0m11:02:05.016176 [debug] [Thread-3 (]: Opening a new connection, currently in state init
[0m11:02:05.016541 [debug] [Thread-2 (]: Opening a new connection, currently in state init
[0m11:02:05.016915 [debug] [Thread-1 (]: dbt_clickhouse adapter: On model.dwh.stg_categories: /* {"app": "dbt", "dbt_version": "1.11.15", "profile_name": "dwh", "target_name": "dev", "node_id": "model.dwh.stg_categories"} */

    
    select name
    from system.tables
    where engine = 'MaterializedView'
      and extract(create_table_query, 'TO\\s+([^\\s(]+)') = 'dwh.stg_categories'
  
  ...
[0m11:02:05.022063 [debug] [Thread-1 (]: dbt_clickhouse adapter: SQL status: OK in 0.00 seconds
[0m11:02:05.022966 [debug] [Thread-1 (]: Current mvs found in ClickHouse are: 
[0m11:02:05.033498 [debug] [Thread-1 (]: Writing runtime sql for node "model.dwh.stg_categories"
[0m11:02:05.033923 [debug] [Thread-3 (]: dbt_clickhouse adapter: On model.dwh.stg_payments: /* {"app": "dbt", "dbt_version": "1.11.15", "profile_name": "dwh", "target_name": "dev", "node_id": "model.dwh.stg_payments"} */

    
    select name
    from system.tables
    where engine = 'MaterializedView'
      and extract(create_table_query, 'TO\\s+([^\\s(]+)') = 'dwh.stg_payments'
  
  ...
[0m11:02:05.034171 [debug] [Thread-4 (]: dbt_clickhouse adapter: On model.dwh.stg_user_activity: /* {"app": "dbt", "dbt_version": "1.11.15", "profile_name": "dwh", "target_name": "dev", "node_id": "model.dwh.stg_user_activity"} */

    
    select name
    from system.tables
    where engine = 'MaterializedView'
      and extract(create_table_query, 'TO\\s+([^\\s(]+)') = 'dwh.stg_user_activity'
  
  ...
[0m11:02:05.034522 [debug] [Thread-2 (]: dbt_clickhouse adapter: On model.dwh.stg_listings: /* {"app": "dbt", "dbt_version": "1.11.15", "profile_name": "dwh", "target_name": "dev", "node_id": "model.dwh.stg_listings"} */

    
    select name
    from system.tables
    where engine = 'MaterializedView'
      and extract(create_table_query, 'TO\\s+([^\\s(]+)') = 'dwh.stg_listings'
  
  ...
[0m11:02:05.035862 [debug] [Thread-1 (]: dbt_clickhouse adapter: On model.dwh.stg_categories: /* {"app": "dbt", "dbt_version": "1.11.15", "profile_name": "dwh", "target_name": "dev", "node_id": "model.dwh.stg_categories"} */


  create or replace view `dwh`.`stg_categories` 
  
    
  
  
    
    
  as (
    

SELECT
    category_id,
    name,
    parent_id
FROM s3(
    'http://minio:9000/raw/mysql/categories/*.parquet',
    'Parquet',
    'category_id Int32, name String, parent_id Nullable(Int32)'
)
    
  )
      
      
                    -- end_of_sql
                    
                    ...
[0m11:02:05.036876 [debug] [Thread-3 (]: dbt_clickhouse adapter: SQL status: OK in 0.00 seconds
[0m11:02:05.037230 [debug] [Thread-4 (]: dbt_clickhouse adapter: SQL status: OK in 0.00 seconds
[0m11:02:05.037569 [debug] [Thread-2 (]: dbt_clickhouse adapter: SQL status: OK in 0.00 seconds
[0m11:02:05.038257 [debug] [Thread-3 (]: Current mvs found in ClickHouse are: 
[0m11:02:05.038971 [debug] [Thread-4 (]: Current mvs found in ClickHouse are: 
[0m11:02:05.039654 [debug] [Thread-2 (]: Current mvs found in ClickHouse are: 
[0m11:02:05.040344 [debug] [Thread-3 (]: Writing runtime sql for node "model.dwh.stg_payments"
[0m11:02:05.040881 [debug] [Thread-4 (]: Writing runtime sql for node "model.dwh.stg_user_activity"
[0m11:02:05.041395 [debug] [Thread-2 (]: Writing runtime sql for node "model.dwh.stg_listings"
[0m11:02:05.042605 [debug] [Thread-4 (]: dbt_clickhouse adapter: On model.dwh.stg_user_activity: /* {"app": "dbt", "dbt_version": "1.11.15", "profile_name": "dwh", "target_name": "dev", "node_id": "model.dwh.stg_user_activity"} */


  create or replace view `dwh`.`stg_user_activity` 
  
    
  
  
    
    
  as (
    

SELECT
    event_id,
    user_id,
    event_type,
    platform,
    listing_id,
    session_id,
    ts
FROM s3(
    'http://minio:9000/raw/kafka/user_activity/*.parquet',
    'Parquet',
    'event_id String, user_id Int64, event_type String, platform String, listing_id Nullable(Int64), session_id String, ts DateTime64(3)'
)
    
  )
      
      
                    -- end_of_sql
                    
                    ...
[0m11:02:05.042860 [debug] [Thread-2 (]: dbt_clickhouse adapter: On model.dwh.stg_listings: /* {"app": "dbt", "dbt_version": "1.11.15", "profile_name": "dwh", "target_name": "dev", "node_id": "model.dwh.stg_listings"} */


  create or replace view `dwh`.`stg_listings` 
  
    
  
  
    
    
  as (
    

SELECT
    listing_id,
    user_id,
    category_id,
    title,
    description,
    price,
    status,
    platform,
    created_at,
    activated_at,
    sold_at,
    deactivated_at,
    updated_at
FROM s3(
    'http://minio:9000/raw/postgres/listings/*.parquet',
    'Parquet',
    'listing_id Int64, user_id Int64, category_id Int32, title String, description Nullable(String), price Float64, status String, platform String, created_at DateTime64(3), activated_at Nullable(DateTime64(3)), sold_at Nullable(DateTime64(3)), deactivated_at Nullable(DateTime64(3)), updated_at DateTime64(3)'
)
    
  )
      
      
                    -- end_of_sql
                    
                    ...
[0m11:02:05.043128 [debug] [Thread-3 (]: dbt_clickhouse adapter: On model.dwh.stg_payments: /* {"app": "dbt", "dbt_version": "1.11.15", "profile_name": "dwh", "target_name": "dev", "node_id": "model.dwh.stg_payments"} */


  create or replace view `dwh`.`stg_payments` 
  
    
  
  
    
    
  as (
    

SELECT
    payment_id,
    user_id,
    listing_id,
    vas_type_id,
    amount,
    payment_type,
    status,
    payment_date
FROM s3(
    'http://minio:9000/raw/postgres/payments/*.parquet',
    'Parquet',
    'payment_id Int64, user_id Int64, listing_id Nullable(Int64), vas_type_id Nullable(Int32), amount Float64, payment_type String, status String, payment_date DateTime64(3)'
)
    
  )
      
      
                    -- end_of_sql
                    
                    ...
[0m11:02:05.059938 [debug] [Thread-1 (]: dbt_clickhouse adapter: SQL status: OK in 0.02 seconds
[0m11:02:05.060490 [debug] [Thread-3 (]: dbt_clickhouse adapter: SQL status: OK in 0.02 seconds
[0m11:02:05.074349 [debug] [Thread-1 (]: Sending event: {'category': 'dbt', 'action': 'run_model', 'label': '50ab0192-5542-4424-a9bc-f6f398fe58c3', 'context': [<snowplow_tracker.self_describing_json.SelfDescribingJson object at 0xffff7c29d010>]}
[0m11:02:05.074615 [debug] [Thread-4 (]: dbt_clickhouse adapter: SQL status: OK in 0.03 seconds
[0m11:02:05.075677 [debug] [Thread-3 (]: Sending event: {'category': 'dbt', 'action': 'run_model', 'label': '50ab0192-5542-4424-a9bc-f6f398fe58c3', 'context': [<snowplow_tracker.self_describing_json.SelfDescribingJson object at 0xffff7c5059c0>]}
[0m11:02:05.075881 [debug] [Thread-2 (]: dbt_clickhouse adapter: SQL status: OK in 0.03 seconds
[0m11:02:05.076370 [info ] [Thread-1 (]: 1 of 16 OK created sql view model `dwh`.`stg_categories` ....................... [[32mOK[0m in 0.09s]
[0m11:02:05.077526 [debug] [Thread-4 (]: Sending event: {'category': 'dbt', 'action': 'run_model', 'label': '50ab0192-5542-4424-a9bc-f6f398fe58c3', 'context': [<snowplow_tracker.self_describing_json.SelfDescribingJson object at 0xffff7c1b82d0>]}
[0m11:02:05.078048 [info ] [Thread-3 (]: 3 of 16 OK created sql view model `dwh`.`stg_payments` ......................... [[32mOK[0m in 0.10s]
[0m11:02:05.078995 [debug] [Thread-2 (]: Sending event: {'category': 'dbt', 'action': 'run_model', 'label': '50ab0192-5542-4424-a9bc-f6f398fe58c3', 'context': [<snowplow_tracker.self_describing_json.SelfDescribingJson object at 0xffff7c0e1400>]}
[0m11:02:05.079911 [debug] [Thread-1 (]: Finished running node model.dwh.stg_categories
[0m11:02:05.080300 [info ] [Thread-4 (]: 4 of 16 OK created sql view model `dwh`.`stg_user_activity` .................... [[32mOK[0m in 0.10s]
[0m11:02:05.080646 [debug] [Thread-3 (]: Finished running node model.dwh.stg_payments
[0m11:02:05.081022 [info ] [Thread-2 (]: 2 of 16 OK created sql view model `dwh`.`stg_listings` ......................... [[32mOK[0m in 0.10s]
[0m11:02:05.081557 [debug] [Thread-1 (]: Began running node model.dwh.stg_users
[0m11:02:05.082172 [debug] [Thread-4 (]: Finished running node model.dwh.stg_user_activity
[0m11:02:05.082438 [debug] [Thread-3 (]: Began running node model.dwh.stg_vas_types
[0m11:02:05.082802 [debug] [Thread-2 (]: Finished running node model.dwh.stg_listings
[0m11:02:05.083169 [info ] [Thread-1 (]: 5 of 16 START sql view model `dwh`.`stg_users` ................................. [RUN]
[0m11:02:05.083518 [debug] [Thread-4 (]: Began running node model.dwh.dim_categories
[0m11:02:05.083938 [info ] [Thread-3 (]: 6 of 16 START sql view model `dwh`.`stg_vas_types` ............................. [RUN]
[0m11:02:05.084607 [debug] [Thread-2 (]: Began running node model.dwh.int_payments_success
[0m11:02:05.084957 [debug] [Thread-1 (]: Re-using an available connection from the pool (formerly model.dwh.stg_categories, now model.dwh.stg_users)
[0m11:02:05.085272 [info ] [Thread-4 (]: 7 of 16 START sql table model `dwh`.`dim_categories` ........................... [RUN]
[0m11:02:05.085582 [debug] [Thread-3 (]: Re-using an available connection from the pool (formerly model.dwh.stg_payments, now model.dwh.stg_vas_types)
[0m11:02:05.085893 [info ] [Thread-2 (]: 8 of 16 START sql view model `dwh`.`int_payments_success` ...................... [RUN]
[0m11:02:05.086147 [debug] [Thread-1 (]: Began compiling node model.dwh.stg_users
[0m11:02:05.086383 [debug] [Thread-4 (]: Re-using an available connection from the pool (formerly model.dwh.stg_user_activity, now model.dwh.dim_categories)
[0m11:02:05.086693 [debug] [Thread-3 (]: Began compiling node model.dwh.stg_vas_types
[0m11:02:05.086927 [debug] [Thread-2 (]: Re-using an available connection from the pool (formerly model.dwh.stg_listings, now model.dwh.int_payments_success)
[0m11:02:05.089761 [debug] [Thread-1 (]: Writing injected SQL for node "model.dwh.stg_users"
[0m11:02:05.090211 [debug] [Thread-4 (]: Began compiling node model.dwh.dim_categories
[0m11:02:05.092299 [debug] [Thread-3 (]: Writing injected SQL for node "model.dwh.stg_vas_types"
[0m11:02:05.092600 [debug] [Thread-2 (]: Began compiling node model.dwh.int_payments_success
[0m11:02:05.094549 [debug] [Thread-4 (]: Writing injected SQL for node "model.dwh.dim_categories"
[0m11:02:05.096705 [debug] [Thread-2 (]: Writing injected SQL for node "model.dwh.int_payments_success"
[0m11:02:05.097139 [debug] [Thread-1 (]: Began executing node model.dwh.stg_users
[0m11:02:05.098476 [debug] [Thread-1 (]: Relation stg_users already exists, replacing it
[0m11:02:05.098671 [debug] [Thread-3 (]: Began executing node model.dwh.stg_vas_types
[0m11:02:05.098878 [debug] [Thread-1 (]: Model mvs to replace ['stg_users_mv']
[0m11:02:05.100242 [debug] [Thread-3 (]: Relation stg_vas_types already exists, replacing it
[0m11:02:05.100448 [debug] [Thread-4 (]: Began executing node model.dwh.dim_categories
[0m11:02:05.100699 [debug] [Thread-1 (]: dbt_clickhouse adapter: On model.dwh.stg_users: /* {"app": "dbt", "dbt_version": "1.11.15", "profile_name": "dwh", "target_name": "dev", "node_id": "model.dwh.stg_users"} */

    
    select name
    from system.tables
    where engine = 'MaterializedView'
      and extract(create_table_query, 'TO\\s+([^\\s(]+)') = 'dwh.stg_users'
  
  ...
[0m11:02:05.100899 [debug] [Thread-2 (]: Began executing node model.dwh.int_payments_success
[0m11:02:05.101098 [debug] [Thread-3 (]: Model mvs to replace ['stg_vas_types_mv']
[0m11:02:05.128343 [debug] [Thread-2 (]: Relation int_payments_success already exists, replacing it
[0m11:02:05.135378 [debug] [Thread-4 (]: dbt_clickhouse adapter: On model.dwh.dim_categories: /* {"app": "dbt", "dbt_version": "1.11.15", "profile_name": "dwh", "target_name": "dev", "node_id": "model.dwh.dim_categories"} */

        

    
        create table `dwh`.`dim_categories__dbt_backup`
        
  
        
  engine = MergeTree()
        
      order by (tuple())
        
        
        
        
                    -- end_of_sql
                    SETTINGS replicated_deduplication_window='0'

                    
          empty
          as (
            

SELECT
    category_id,
    name AS category_name,
    parent_id
FROM `dwh`.`stg_categories`
          )
        
    ...
[0m11:02:05.135932 [debug] [Thread-3 (]: dbt_clickhouse adapter: On model.dwh.stg_vas_types: /* {"app": "dbt", "dbt_version": "1.11.15", "profile_name": "dwh", "target_name": "dev", "node_id": "model.dwh.stg_vas_types"} */

    
    select name
    from system.tables
    where engine = 'MaterializedView'
      and extract(create_table_query, 'TO\\s+([^\\s(]+)') = 'dwh.stg_vas_types'
  
  ...
[0m11:02:05.136290 [debug] [Thread-2 (]: Model mvs to replace ['int_payments_success_mv']
[0m11:02:05.137147 [debug] [Thread-2 (]: dbt_clickhouse adapter: On model.dwh.int_payments_success: /* {"app": "dbt", "dbt_version": "1.11.15", "profile_name": "dwh", "target_name": "dev", "node_id": "model.dwh.int_payments_success"} */

    
    select name
    from system.tables
    where engine = 'MaterializedView'
      and extract(create_table_query, 'TO\\s+([^\\s(]+)') = 'dwh.int_payments_success'
  
  ...
[0m11:02:05.137765 [debug] [Thread-1 (]: dbt_clickhouse adapter: SQL status: OK in 0.02 seconds
[0m11:02:05.138806 [debug] [Thread-1 (]: Current mvs found in ClickHouse are: 
[0m11:02:05.139253 [debug] [Thread-2 (]: dbt_clickhouse adapter: SQL status: OK in 0.00 seconds
[0m11:02:05.139824 [debug] [Thread-1 (]: Writing runtime sql for node "model.dwh.stg_users"
[0m11:02:05.140240 [debug] [Thread-3 (]: dbt_clickhouse adapter: SQL status: OK in 0.00 seconds
[0m11:02:05.141080 [debug] [Thread-2 (]: Current mvs found in ClickHouse are: 
[0m11:02:05.142179 [debug] [Thread-3 (]: Current mvs found in ClickHouse are: 
[0m11:02:05.142980 [debug] [Thread-2 (]: Writing runtime sql for node "model.dwh.int_payments_success"
[0m11:02:05.143272 [debug] [Thread-4 (]: dbt_clickhouse adapter: SQL status: OK in 0.01 seconds
[0m11:02:05.143747 [debug] [Thread-3 (]: Writing runtime sql for node "model.dwh.stg_vas_types"
[0m11:02:05.144120 [debug] [Thread-1 (]: dbt_clickhouse adapter: On model.dwh.stg_users: /* {"app": "dbt", "dbt_version": "1.11.15", "profile_name": "dwh", "target_name": "dev", "node_id": "model.dwh.stg_users"} */


  create or replace view `dwh`.`stg_users` 
  
    
  
  
    
    
  as (
    

SELECT
    user_id,
    email,
    phone,
    status,
    registered_at,
    created_at,
    updated_at
FROM s3(
    'http://minio:9000/raw/postgres/users/*.parquet',
    'Parquet',
    'user_id Int64, email String, phone Nullable(String), status String, registered_at DateTime64(3), created_at DateTime64(3), updated_at DateTime64(3)'
)
    
  )
      
      
                    -- end_of_sql
                    
                    ...
[0m11:02:05.153296 [debug] [Thread-4 (]: dbt_clickhouse adapter: On model.dwh.dim_categories: /* {"app": "dbt", "dbt_version": "1.11.15", "profile_name": "dwh", "target_name": "dev", "node_id": "model.dwh.dim_categories"} */

    select name, type from system.columns where table = 'dim_categories__dbt_backup'
    
      
        and database = 'dwh'
      
    
    order by position
  ...
[0m11:02:05.154099 [debug] [Thread-2 (]: dbt_clickhouse adapter: On model.dwh.int_payments_success: /* {"app": "dbt", "dbt_version": "1.11.15", "profile_name": "dwh", "target_name": "dev", "node_id": "model.dwh.int_payments_success"} */


  create or replace view `dwh`.`int_payments_success` 
  
    
  
  
    
    
  as (
    

SELECT *
FROM `dwh`.`stg_payments`
WHERE status = 'success'
    
  )
      
      
                    -- end_of_sql
                    
                    ...
[0m11:02:05.154595 [debug] [Thread-3 (]: dbt_clickhouse adapter: On model.dwh.stg_vas_types: /* {"app": "dbt", "dbt_version": "1.11.15", "profile_name": "dwh", "target_name": "dev", "node_id": "model.dwh.stg_vas_types"} */


  create or replace view `dwh`.`stg_vas_types` 
  
    
  
  
    
    
  as (
    

SELECT
    vas_type_id,
    name,
    description
FROM s3(
    'http://minio:9000/raw/mysql/vas_types/*.parquet',
    'Parquet',
    'vas_type_id Int32, name String, description Nullable(String)'
)
    
  )
      
      
                    -- end_of_sql
                    
                    ...
[0m11:02:05.158430 [debug] [Thread-2 (]: dbt_clickhouse adapter: SQL status: OK in 0.00 seconds
[0m11:02:05.160884 [debug] [Thread-2 (]: Sending event: {'category': 'dbt', 'action': 'run_model', 'label': '50ab0192-5542-4424-a9bc-f6f398fe58c3', 'context': [<snowplow_tracker.self_describing_json.SelfDescribingJson object at 0xffff7c1ac2f0>]}
[0m11:02:05.161483 [debug] [Thread-4 (]: dbt_clickhouse adapter: SQL status: OK in 0.01 seconds
[0m11:02:05.161920 [info ] [Thread-2 (]: 8 of 16 OK created sql view model `dwh`.`int_payments_success` ................. [[32mOK[0m in 0.07s]
[0m11:02:05.164489 [debug] [Thread-4 (]: Writing runtime sql for node "model.dwh.dim_categories"
[0m11:02:05.164945 [debug] [Thread-3 (]: dbt_clickhouse adapter: SQL status: OK in 0.01 seconds
[0m11:02:05.165186 [debug] [Thread-1 (]: dbt_clickhouse adapter: SQL status: OK in 0.01 seconds
[0m11:02:05.165531 [debug] [Thread-2 (]: Finished running node model.dwh.int_payments_success
[0m11:02:05.166820 [debug] [Thread-3 (]: Sending event: {'category': 'dbt', 'action': 'run_model', 'label': '50ab0192-5542-4424-a9bc-f6f398fe58c3', 'context': [<snowplow_tracker.self_describing_json.SelfDescribingJson object at 0xffff7c1de090>]}
[0m11:02:05.167789 [debug] [Thread-1 (]: Sending event: {'category': 'dbt', 'action': 'run_model', 'label': '50ab0192-5542-4424-a9bc-f6f398fe58c3', 'context': [<snowplow_tracker.self_describing_json.SelfDescribingJson object at 0xffff7c1de450>]}
[0m11:02:05.168227 [debug] [Thread-2 (]: Began running node model.dwh.mart_dau
[0m11:02:05.168811 [info ] [Thread-3 (]: 6 of 16 OK created sql view model `dwh`.`stg_vas_types` ........................ [[32mOK[0m in 0.08s]
[0m11:02:05.169109 [debug] [Thread-4 (]: dbt_clickhouse adapter: On model.dwh.dim_categories: /* {"app": "dbt", "dbt_version": "1.11.15", "profile_name": "dwh", "target_name": "dev", "node_id": "model.dwh.dim_categories"} */

  
    
    
    
        


        
  

  insert into `dwh`.`dim_categories__dbt_backup`
        ("category_id", "category_name", "parent_id")

SELECT
    category_id,
    name AS category_name,
    parent_id
FROM `dwh`.`stg_categories`
  ...
[0m11:02:05.169426 [info ] [Thread-1 (]: 5 of 16 OK created sql view model `dwh`.`stg_users` ............................ [[32mOK[0m in 0.08s]
[0m11:02:05.169824 [info ] [Thread-2 (]: 9 of 16 START sql table model `dwh`.`mart_dau` ................................. [RUN]
[0m11:02:05.170197 [debug] [Thread-3 (]: Finished running node model.dwh.stg_vas_types
[0m11:02:05.170790 [debug] [Thread-1 (]: Finished running node model.dwh.stg_users
[0m11:02:05.171069 [debug] [Thread-2 (]: Re-using an available connection from the pool (formerly model.dwh.int_payments_success, now model.dwh.mart_dau)
[0m11:02:05.171331 [debug] [Thread-3 (]: Began running node model.dwh.int_listings_enriched
[0m11:02:05.171573 [debug] [Thread-1 (]: Began running node model.dwh.mart_arpu_monthly
[0m11:02:05.171873 [debug] [Thread-2 (]: Began compiling node model.dwh.mart_dau
[0m11:02:05.172182 [info ] [Thread-3 (]: 10 of 16 START sql view model `dwh`.`int_listings_enriched` .................... [RUN]
[0m11:02:05.172508 [info ] [Thread-1 (]: 11 of 16 START sql table model `dwh`.`mart_arpu_monthly` ....................... [RUN]
[0m11:02:05.174507 [debug] [Thread-2 (]: Writing injected SQL for node "model.dwh.mart_dau"
[0m11:02:05.174833 [debug] [Thread-3 (]: Re-using an available connection from the pool (formerly model.dwh.stg_vas_types, now model.dwh.int_listings_enriched)
[0m11:02:05.175090 [debug] [Thread-1 (]: Re-using an available connection from the pool (formerly model.dwh.stg_users, now model.dwh.mart_arpu_monthly)
[0m11:02:05.175429 [debug] [Thread-3 (]: Began compiling node model.dwh.int_listings_enriched
[0m11:02:05.175715 [debug] [Thread-1 (]: Began compiling node model.dwh.mart_arpu_monthly
[0m11:02:05.177823 [debug] [Thread-3 (]: Writing injected SQL for node "model.dwh.int_listings_enriched"
[0m11:02:05.180177 [debug] [Thread-1 (]: Writing injected SQL for node "model.dwh.mart_arpu_monthly"
[0m11:02:05.180446 [debug] [Thread-2 (]: Began executing node model.dwh.mart_dau
[0m11:02:05.182682 [debug] [Thread-2 (]: dbt_clickhouse adapter: On model.dwh.mart_dau: /* {"app": "dbt", "dbt_version": "1.11.15", "profile_name": "dwh", "target_name": "dev", "node_id": "model.dwh.mart_dau"} */

        

    
        create table `dwh`.`mart_dau__dbt_backup`
        
  
        
  engine = MergeTree()
        
      order by (tuple())
        
        
        
        
                    -- end_of_sql
                    SETTINGS replicated_deduplication_window='0'

                    
          empty
          as (
            

SELECT
    toDate(ts) AS day,
    platform,
    uniqExact(user_id) AS dau
FROM `dwh`.`stg_user_activity`
GROUP BY day, platform
ORDER BY day, platform
          )
        
    ...
[0m11:02:05.183359 [debug] [Thread-3 (]: Began executing node model.dwh.int_listings_enriched
[0m11:02:05.184385 [debug] [Thread-3 (]: Relation int_listings_enriched already exists, replacing it
[0m11:02:05.184574 [debug] [Thread-1 (]: Began executing node model.dwh.mart_arpu_monthly
[0m11:02:05.184877 [debug] [Thread-3 (]: Model mvs to replace ['int_listings_enriched_mv']
[0m11:02:05.186771 [debug] [Thread-1 (]: dbt_clickhouse adapter: On model.dwh.mart_arpu_monthly: /* {"app": "dbt", "dbt_version": "1.11.15", "profile_name": "dwh", "target_name": "dev", "node_id": "model.dwh.mart_arpu_monthly"} */

        

    
        create table `dwh`.`mart_arpu_monthly__dbt_backup`
        
  
        
  engine = MergeTree()
        
      order by (tuple())
        
        
        
        
                    -- end_of_sql
                    SETTINGS replicated_deduplication_window='0'

                    
          empty
          as (
            

WITH revenue AS (
    SELECT
        toStartOfMonth(payment_date) AS month,
        sum(amount) AS revenue
    FROM `dwh`.`int_payments_success`
    GROUP BY month
),
mau AS (
    SELECT
        toStartOfMonth(ts) AS month,
        uniqExact(user_id) AS active_users
    FROM `dwh`.`stg_user_activity`
    GROUP BY month
)
SELECT
    r.month,
    r.revenue,
    m.active_users,
    round(r.revenue / m.active_users, 2) AS arpu
FROM revenue r
JOIN mau m ON m.month = r.month
ORDER BY r.month
          )
        
    ...
[0m11:02:05.187365 [debug] [Thread-3 (]: dbt_clickhouse adapter: On model.dwh.int_listings_enriched: /* {"app": "dbt", "dbt_version": "1.11.15", "profile_name": "dwh", "target_name": "dev", "node_id": "model.dwh.int_listings_enriched"} */

    
    select name
    from system.tables
    where engine = 'MaterializedView'
      and extract(create_table_query, 'TO\\s+([^\\s(]+)') = 'dwh.int_listings_enriched'
  
  ...
[0m11:02:05.188947 [debug] [Thread-4 (]: dbt_clickhouse adapter: SQL status: OK in 0.02 seconds
[0m11:02:05.191844 [debug] [Thread-4 (]: dbt_clickhouse adapter: On model.dwh.dim_categories: /* {"app": "dbt", "dbt_version": "1.11.15", "profile_name": "dwh", "target_name": "dev", "node_id": "model.dwh.dim_categories"} */
EXCHANGE TABLES `dwh`.`dim_categories__dbt_backup` AND `dwh`.`dim_categories` 
  
  ...
[0m11:02:05.192076 [debug] [Thread-2 (]: dbt_clickhouse adapter: SQL status: OK in 0.01 seconds
[0m11:02:05.192426 [debug] [Thread-3 (]: dbt_clickhouse adapter: SQL status: OK in 0.00 seconds
[0m11:02:05.194757 [debug] [Thread-2 (]: dbt_clickhouse adapter: On model.dwh.mart_dau: /* {"app": "dbt", "dbt_version": "1.11.15", "profile_name": "dwh", "target_name": "dev", "node_id": "model.dwh.mart_dau"} */

    select name, type from system.columns where table = 'mart_dau__dbt_backup'
    
      
        and database = 'dwh'
      
    
    order by position
  ...
[0m11:02:05.195724 [debug] [Thread-3 (]: Current mvs found in ClickHouse are: 
[0m11:02:05.196493 [debug] [Thread-3 (]: Writing runtime sql for node "model.dwh.int_listings_enriched"
[0m11:02:05.197699 [debug] [Thread-4 (]: dbt_clickhouse adapter: SQL status: OK in 0.01 seconds
[0m11:02:05.198124 [debug] [Thread-3 (]: dbt_clickhouse adapter: On model.dwh.int_listings_enriched: /* {"app": "dbt", "dbt_version": "1.11.15", "profile_name": "dwh", "target_name": "dev", "node_id": "model.dwh.int_listings_enriched"} */


  create or replace view `dwh`.`int_listings_enriched` 
  
    
  
  
    
    
  as (
    

SELECT
    l.listing_id,
    l.user_id,
    l.category_id,
    c.name AS category_name,
    l.title,
    l.price,
    l.status,
    l.platform,
    l.created_at,
    l.sold_at
FROM `dwh`.`stg_listings` l
LEFT JOIN `dwh`.`stg_categories` c ON l.category_id = c.category_id
    
  )
      
      
                    -- end_of_sql
                    
                    ...
[0m11:02:05.202939 [debug] [Thread-4 (]: dbt_clickhouse adapter: On model.dwh.dim_categories: /* {"app": "dbt", "dbt_version": "1.11.15", "profile_name": "dwh", "target_name": "dev", "node_id": "model.dwh.dim_categories"} */
drop table if exists `dwh`.`dim_categories__dbt_backup` 
  ...
[0m11:02:05.203219 [debug] [Thread-1 (]: dbt_clickhouse adapter: SQL status: OK in 0.02 seconds
[0m11:02:05.203528 [debug] [Thread-2 (]: dbt_clickhouse adapter: SQL status: OK in 0.01 seconds
[0m11:02:05.205426 [debug] [Thread-1 (]: dbt_clickhouse adapter: On model.dwh.mart_arpu_monthly: /* {"app": "dbt", "dbt_version": "1.11.15", "profile_name": "dwh", "target_name": "dev", "node_id": "model.dwh.mart_arpu_monthly"} */

    select name, type from system.columns where table = 'mart_arpu_monthly__dbt_backup'
    
      
        and database = 'dwh'
      
    
    order by position
  ...
[0m11:02:05.206330 [debug] [Thread-2 (]: Writing runtime sql for node "model.dwh.mart_dau"
[0m11:02:05.206691 [debug] [Thread-4 (]: dbt_clickhouse adapter: SQL status: OK in 0.00 seconds
[0m11:02:05.207845 [debug] [Thread-4 (]: Sending event: {'category': 'dbt', 'action': 'run_model', 'label': '50ab0192-5542-4424-a9bc-f6f398fe58c3', 'context': [<snowplow_tracker.self_describing_json.SelfDescribingJson object at 0xffff7c0bc590>]}
[0m11:02:05.208118 [debug] [Thread-3 (]: dbt_clickhouse adapter: SQL status: OK in 0.00 seconds
[0m11:02:05.208953 [info ] [Thread-4 (]: 7 of 16 OK created sql table model `dwh`.`dim_categories` ...................... [[32mOK[0m in 0.12s]
[0m11:02:05.210233 [debug] [Thread-3 (]: Sending event: {'category': 'dbt', 'action': 'run_model', 'label': '50ab0192-5542-4424-a9bc-f6f398fe58c3', 'context': [<snowplow_tracker.self_describing_json.SelfDescribingJson object at 0xffff749ed250>]}
[0m11:02:05.210617 [debug] [Thread-1 (]: dbt_clickhouse adapter: SQL status: OK in 0.00 seconds
[0m11:02:05.211013 [debug] [Thread-4 (]: Finished running node model.dwh.dim_categories
[0m11:02:05.211208 [debug] [Thread-2 (]: dbt_clickhouse adapter: On model.dwh.mart_dau: /* {"app": "dbt", "dbt_version": "1.11.15", "profile_name": "dwh", "target_name": "dev", "node_id": "model.dwh.mart_dau"} */

  
    
    
    
        


        
  

  insert into `dwh`.`mart_dau__dbt_backup`
        ("day", "platform", "dau")

SELECT
    toDate(ts) AS day,
    platform,
    uniqExact(user_id) AS dau
FROM `dwh`.`stg_user_activity`
GROUP BY day, platform
ORDER BY day, platform
  ...
[0m11:02:05.211561 [info ] [Thread-3 (]: 10 of 16 OK created sql view model `dwh`.`int_listings_enriched` ............... [[32mOK[0m in 0.04s]
[0m11:02:05.212367 [debug] [Thread-1 (]: Writing runtime sql for node "model.dwh.mart_arpu_monthly"
[0m11:02:05.212652 [debug] [Thread-4 (]: Began running node model.dwh.mart_revenue_daily
[0m11:02:05.213054 [debug] [Thread-3 (]: Finished running node model.dwh.int_listings_enriched
[0m11:02:05.213513 [info ] [Thread-4 (]: 12 of 16 START sql table model `dwh`.`mart_revenue_daily` ...................... [RUN]
[0m11:02:05.214030 [debug] [Thread-3 (]: Began running node model.dwh.mart_revenue_monthly_yoy
[0m11:02:05.214439 [debug] [Thread-4 (]: Re-using an available connection from the pool (formerly model.dwh.dim_categories, now model.dwh.mart_revenue_daily)
[0m11:02:05.214951 [info ] [Thread-3 (]: 13 of 16 START sql table model `dwh`.`mart_revenue_monthly_yoy` ................ [RUN]
[0m11:02:05.215262 [debug] [Thread-1 (]: dbt_clickhouse adapter: On model.dwh.mart_arpu_monthly: /* {"app": "dbt", "dbt_version": "1.11.15", "profile_name": "dwh", "target_name": "dev", "node_id": "model.dwh.mart_arpu_monthly"} */

  
    
    
    
        


        
  

  insert into `dwh`.`mart_arpu_monthly__dbt_backup`
        ("month", "revenue", "active_users", "arpu")

WITH revenue AS (
    SELECT
        toStartOfMonth(payment_date) AS month,
        sum(amount) AS revenue
    FROM `dwh`.`int_payments_success`
    GROUP BY month
),
mau AS (
    SELECT
        toStartOfMonth(ts) AS month,
        uniqExact(user_id) AS active_users
    FROM `dwh`.`stg_user_activity`
    GROUP BY month
)
SELECT
    r.month,
    r.revenue,
    m.active_users,
    round(r.revenue / m.active_users, 2) AS arpu
FROM revenue r
JOIN mau m ON m.month = r.month
ORDER BY r.month
  ...
[0m11:02:05.215570 [debug] [Thread-4 (]: Began compiling node model.dwh.mart_revenue_daily
[0m11:02:05.215875 [debug] [Thread-3 (]: Re-using an available connection from the pool (formerly model.dwh.int_listings_enriched, now model.dwh.mart_revenue_monthly_yoy)
[0m11:02:05.219139 [debug] [Thread-4 (]: Writing injected SQL for node "model.dwh.mart_revenue_daily"
[0m11:02:05.219614 [debug] [Thread-3 (]: Began compiling node model.dwh.mart_revenue_monthly_yoy
[0m11:02:05.222296 [debug] [Thread-3 (]: Writing injected SQL for node "model.dwh.mart_revenue_monthly_yoy"
[0m11:02:05.224547 [debug] [Thread-4 (]: Began executing node model.dwh.mart_revenue_daily
[0m11:02:05.231241 [debug] [Thread-4 (]: dbt_clickhouse adapter: On model.dwh.mart_revenue_daily: /* {"app": "dbt", "dbt_version": "1.11.15", "profile_name": "dwh", "target_name": "dev", "node_id": "model.dwh.mart_revenue_daily"} */

        

    
        create table `dwh`.`mart_revenue_daily__dbt_backup`
        
  
        
  engine = MergeTree()
        
      order by (tuple())
        
        
        
        
                    -- end_of_sql
                    SETTINGS replicated_deduplication_window='0'

                    
          empty
          as (
            

SELECT
    toDate(payment_date) AS day,
    sum(amount) AS revenue
FROM `dwh`.`int_payments_success`
GROUP BY day
ORDER BY day
          )
        
    ...
[0m11:02:05.231830 [debug] [Thread-3 (]: Began executing node model.dwh.mart_revenue_monthly_yoy
[0m11:02:05.234296 [debug] [Thread-3 (]: dbt_clickhouse adapter: On model.dwh.mart_revenue_monthly_yoy: /* {"app": "dbt", "dbt_version": "1.11.15", "profile_name": "dwh", "target_name": "dev", "node_id": "model.dwh.mart_revenue_monthly_yoy"} */

        

    
        create table `dwh`.`mart_revenue_monthly_yoy__dbt_backup`
        
  
        
  engine = MergeTree()
        
      order by (tuple())
        
        
        
        
                    -- end_of_sql
                    SETTINGS replicated_deduplication_window='0'

                    
          empty
          as (
            

WITH monthly AS (
    SELECT
        toStartOfMonth(payment_date) AS month,
        sum(amount) AS revenue
    FROM `dwh`.`int_payments_success`
    GROUP BY month
)
SELECT
    m.month,
    m.revenue,
    p.revenue AS revenue_prev_year,
    round((m.revenue - p.revenue) / p.revenue, 4) AS yoy_growth
FROM monthly m
LEFT JOIN monthly p ON p.month = addMonths(m.month, -12)
ORDER BY m.month
          )
        
    ...
[0m11:02:05.241142 [debug] [Thread-4 (]: dbt_clickhouse adapter: SQL status: OK in 0.01 seconds
[0m11:02:05.245011 [debug] [Thread-4 (]: dbt_clickhouse adapter: On model.dwh.mart_revenue_daily: /* {"app": "dbt", "dbt_version": "1.11.15", "profile_name": "dwh", "target_name": "dev", "node_id": "model.dwh.mart_revenue_daily"} */

    select name, type from system.columns where table = 'mart_revenue_daily__dbt_backup'
    
      
        and database = 'dwh'
      
    
    order by position
  ...
[0m11:02:05.245924 [debug] [Thread-3 (]: dbt_clickhouse adapter: SQL status: OK in 0.01 seconds
[0m11:02:05.248578 [debug] [Thread-3 (]: dbt_clickhouse adapter: On model.dwh.mart_revenue_monthly_yoy: /* {"app": "dbt", "dbt_version": "1.11.15", "profile_name": "dwh", "target_name": "dev", "node_id": "model.dwh.mart_revenue_monthly_yoy"} */

    select name, type from system.columns where table = 'mart_revenue_monthly_yoy__dbt_backup'
    
      
        and database = 'dwh'
      
    
    order by position
  ...
[0m11:02:05.249224 [debug] [Thread-4 (]: dbt_clickhouse adapter: SQL status: OK in 0.00 seconds
[0m11:02:05.252044 [debug] [Thread-4 (]: Writing runtime sql for node "model.dwh.mart_revenue_daily"
[0m11:02:05.252810 [debug] [Thread-3 (]: dbt_clickhouse adapter: SQL status: OK in 0.00 seconds
[0m11:02:05.253870 [debug] [Thread-3 (]: Writing runtime sql for node "model.dwh.mart_revenue_monthly_yoy"
[0m11:02:05.254709 [debug] [Thread-4 (]: dbt_clickhouse adapter: On model.dwh.mart_revenue_daily: /* {"app": "dbt", "dbt_version": "1.11.15", "profile_name": "dwh", "target_name": "dev", "node_id": "model.dwh.mart_revenue_daily"} */

  
    
    
    
        


        
  

  insert into `dwh`.`mart_revenue_daily__dbt_backup`
        ("day", "revenue")

SELECT
    toDate(payment_date) AS day,
    sum(amount) AS revenue
FROM `dwh`.`int_payments_success`
GROUP BY day
ORDER BY day
  ...
[0m11:02:05.255066 [debug] [Thread-3 (]: dbt_clickhouse adapter: On model.dwh.mart_revenue_monthly_yoy: /* {"app": "dbt", "dbt_version": "1.11.15", "profile_name": "dwh", "target_name": "dev", "node_id": "model.dwh.mart_revenue_monthly_yoy"} */

  
    
    
    
        


        
  

  insert into `dwh`.`mart_revenue_monthly_yoy__dbt_backup`
        ("month", "revenue", "revenue_prev_year", "yoy_growth")

WITH monthly AS (
    SELECT
        toStartOfMonth(payment_date) AS month,
        sum(amount) AS revenue
    FROM `dwh`.`int_payments_success`
    GROUP BY month
)
SELECT
    m.month,
    m.revenue,
    p.revenue AS revenue_prev_year,
    round((m.revenue - p.revenue) / p.revenue, 4) AS yoy_growth
FROM monthly m
LEFT JOIN monthly p ON p.month = addMonths(m.month, -12)
ORDER BY m.month
  ...
[0m11:02:05.406521 [debug] [Thread-4 (]: dbt_clickhouse adapter: SQL status: OK in 0.15 seconds
[0m11:02:05.408501 [debug] [Thread-4 (]: dbt_clickhouse adapter: On model.dwh.mart_revenue_daily: /* {"app": "dbt", "dbt_version": "1.11.15", "profile_name": "dwh", "target_name": "dev", "node_id": "model.dwh.mart_revenue_daily"} */
EXCHANGE TABLES `dwh`.`mart_revenue_daily__dbt_backup` AND `dwh`.`mart_revenue_daily` 
  
  ...
[0m11:02:05.422150 [debug] [Thread-4 (]: dbt_clickhouse adapter: SQL status: OK in 0.01 seconds
[0m11:02:05.433950 [debug] [Thread-4 (]: dbt_clickhouse adapter: On model.dwh.mart_revenue_daily: /* {"app": "dbt", "dbt_version": "1.11.15", "profile_name": "dwh", "target_name": "dev", "node_id": "model.dwh.mart_revenue_daily"} */
drop table if exists `dwh`.`mart_revenue_daily__dbt_backup` 
  ...
[0m11:02:05.437732 [debug] [Thread-4 (]: dbt_clickhouse adapter: SQL status: OK in 0.00 seconds
[0m11:02:05.440067 [debug] [Thread-4 (]: Sending event: {'category': 'dbt', 'action': 'run_model', 'label': '50ab0192-5542-4424-a9bc-f6f398fe58c3', 'context': [<snowplow_tracker.self_describing_json.SelfDescribingJson object at 0xffff7c0bc950>]}
[0m11:02:05.440825 [info ] [Thread-4 (]: 12 of 16 OK created sql table model `dwh`.`mart_revenue_daily` ................. [[32mOK[0m in 0.23s]
[0m11:02:05.441861 [debug] [Thread-4 (]: Finished running node model.dwh.mart_revenue_daily
[0m11:02:05.442788 [debug] [Thread-4 (]: Began running node model.dwh.dim_vas_types
[0m11:02:05.443885 [info ] [Thread-4 (]: 14 of 16 START sql table model `dwh`.`dim_vas_types` ........................... [RUN]
[0m11:02:05.444788 [debug] [Thread-4 (]: Re-using an available connection from the pool (formerly model.dwh.mart_revenue_daily, now model.dwh.dim_vas_types)
[0m11:02:05.445669 [debug] [Thread-4 (]: Began compiling node model.dwh.dim_vas_types
[0m11:02:05.449148 [debug] [Thread-4 (]: Writing injected SQL for node "model.dwh.dim_vas_types"
[0m11:02:05.457113 [debug] [Thread-3 (]: dbt_clickhouse adapter: SQL status: OK in 0.20 seconds
[0m11:02:05.460566 [debug] [Thread-3 (]: dbt_clickhouse adapter: On model.dwh.mart_revenue_monthly_yoy: /* {"app": "dbt", "dbt_version": "1.11.15", "profile_name": "dwh", "target_name": "dev", "node_id": "model.dwh.mart_revenue_monthly_yoy"} */
EXCHANGE TABLES `dwh`.`mart_revenue_monthly_yoy__dbt_backup` AND `dwh`.`mart_revenue_monthly_yoy` 
  
  ...
[0m11:02:05.464874 [debug] [Thread-4 (]: Began executing node model.dwh.dim_vas_types
[0m11:02:05.470759 [debug] [Thread-4 (]: dbt_clickhouse adapter: On model.dwh.dim_vas_types: /* {"app": "dbt", "dbt_version": "1.11.15", "profile_name": "dwh", "target_name": "dev", "node_id": "model.dwh.dim_vas_types"} */

        

    
        create table `dwh`.`dim_vas_types__dbt_backup`
        
  
        
  engine = MergeTree()
        
      order by (tuple())
        
        
        
        
                    -- end_of_sql
                    SETTINGS replicated_deduplication_window='0'

                    
          empty
          as (
            

SELECT
    vas_type_id,
    name AS vas_type_name,
    description
FROM `dwh`.`stg_vas_types`
          )
        
    ...
[0m11:02:05.472859 [debug] [Thread-3 (]: dbt_clickhouse adapter: SQL status: OK in 0.01 seconds
[0m11:02:05.478510 [debug] [Thread-3 (]: dbt_clickhouse adapter: On model.dwh.mart_revenue_monthly_yoy: /* {"app": "dbt", "dbt_version": "1.11.15", "profile_name": "dwh", "target_name": "dev", "node_id": "model.dwh.mart_revenue_monthly_yoy"} */
drop table if exists `dwh`.`mart_revenue_monthly_yoy__dbt_backup` 
  ...
[0m11:02:05.487402 [debug] [Thread-3 (]: dbt_clickhouse adapter: SQL status: OK in 0.01 seconds
[0m11:02:05.490051 [debug] [Thread-3 (]: Sending event: {'category': 'dbt', 'action': 'run_model', 'label': '50ab0192-5542-4424-a9bc-f6f398fe58c3', 'context': [<snowplow_tracker.self_describing_json.SelfDescribingJson object at 0xffff7c0bc4d0>]}
[0m11:02:05.491147 [info ] [Thread-3 (]: 13 of 16 OK created sql table model `dwh`.`mart_revenue_monthly_yoy` ........... [[32mOK[0m in 0.27s]
[0m11:02:05.492640 [debug] [Thread-3 (]: Finished running node model.dwh.mart_revenue_monthly_yoy
[0m11:02:05.494248 [debug] [Thread-3 (]: Began running node model.dwh.mart_listings_by_category
[0m11:02:05.498471 [info ] [Thread-3 (]: 15 of 16 START sql table model `dwh`.`mart_listings_by_category` ............... [RUN]
[0m11:02:05.502432 [debug] [Thread-3 (]: Re-using an available connection from the pool (formerly model.dwh.mart_revenue_monthly_yoy, now model.dwh.mart_listings_by_category)
[0m11:02:05.505510 [debug] [Thread-3 (]: Began compiling node model.dwh.mart_listings_by_category
[0m11:02:05.523284 [debug] [Thread-4 (]: dbt_clickhouse adapter: SQL status: OK in 0.05 seconds
[0m11:02:05.524958 [debug] [Thread-3 (]: Writing injected SQL for node "model.dwh.mart_listings_by_category"
[0m11:02:05.528268 [debug] [Thread-4 (]: dbt_clickhouse adapter: On model.dwh.dim_vas_types: /* {"app": "dbt", "dbt_version": "1.11.15", "profile_name": "dwh", "target_name": "dev", "node_id": "model.dwh.dim_vas_types"} */

    select name, type from system.columns where table = 'dim_vas_types__dbt_backup'
    
      
        and database = 'dwh'
      
    
    order by position
  ...
[0m11:02:05.537896 [debug] [Thread-4 (]: dbt_clickhouse adapter: SQL status: OK in 0.00 seconds
[0m11:02:05.542667 [debug] [Thread-4 (]: Writing runtime sql for node "model.dwh.dim_vas_types"
[0m11:02:05.551252 [debug] [Thread-3 (]: Began executing node model.dwh.mart_listings_by_category
[0m11:02:05.556407 [debug] [Thread-3 (]: dbt_clickhouse adapter: On model.dwh.mart_listings_by_category: /* {"app": "dbt", "dbt_version": "1.11.15", "profile_name": "dwh", "target_name": "dev", "node_id": "model.dwh.mart_listings_by_category"} */

        

    
        create table `dwh`.`mart_listings_by_category__dbt_backup`
        
  
        
  engine = MergeTree()
        
      order by (tuple())
        
        
        
        
                    -- end_of_sql
                    SETTINGS replicated_deduplication_window='0'

                    
          empty
          as (
            

SELECT
    category_id,
    category_name,
    count(*) AS listing_count,
    round(avg(price), 2) AS avg_price
FROM `dwh`.`int_listings_enriched`
GROUP BY category_id, category_name
ORDER BY listing_count DESC
          )
        
    ...
[0m11:02:05.556849 [debug] [Thread-4 (]: dbt_clickhouse adapter: On model.dwh.dim_vas_types: /* {"app": "dbt", "dbt_version": "1.11.15", "profile_name": "dwh", "target_name": "dev", "node_id": "model.dwh.dim_vas_types"} */

  
    
    
    
        


        
  

  insert into `dwh`.`dim_vas_types__dbt_backup`
        ("vas_type_id", "vas_type_name", "description")

SELECT
    vas_type_id,
    name AS vas_type_name,
    description
FROM `dwh`.`stg_vas_types`
  ...
[0m11:02:05.626027 [debug] [Thread-3 (]: dbt_clickhouse adapter: SQL status: OK in 0.07 seconds
[0m11:02:05.630007 [debug] [Thread-3 (]: dbt_clickhouse adapter: On model.dwh.mart_listings_by_category: /* {"app": "dbt", "dbt_version": "1.11.15", "profile_name": "dwh", "target_name": "dev", "node_id": "model.dwh.mart_listings_by_category"} */

    select name, type from system.columns where table = 'mart_listings_by_category__dbt_backup'
    
      
        and database = 'dwh'
      
    
    order by position
  ...
[0m11:02:05.641909 [debug] [Thread-3 (]: dbt_clickhouse adapter: SQL status: OK in 0.01 seconds
[0m11:02:05.646131 [debug] [Thread-3 (]: Writing runtime sql for node "model.dwh.mart_listings_by_category"
[0m11:02:05.655936 [debug] [Thread-3 (]: dbt_clickhouse adapter: On model.dwh.mart_listings_by_category: /* {"app": "dbt", "dbt_version": "1.11.15", "profile_name": "dwh", "target_name": "dev", "node_id": "model.dwh.mart_listings_by_category"} */

  
    
    
    
        


        
  

  insert into `dwh`.`mart_listings_by_category__dbt_backup`
        ("category_id", "category_name", "listing_count", "avg_price")

SELECT
    category_id,
    category_name,
    count(*) AS listing_count,
    round(avg(price), 2) AS avg_price
FROM `dwh`.`int_listings_enriched`
GROUP BY category_id, category_name
ORDER BY listing_count DESC
  ...
[0m11:02:05.669717 [debug] [Thread-4 (]: dbt_clickhouse adapter: SQL status: OK in 0.11 seconds
[0m11:02:05.671396 [debug] [Thread-4 (]: dbt_clickhouse adapter: On model.dwh.dim_vas_types: /* {"app": "dbt", "dbt_version": "1.11.15", "profile_name": "dwh", "target_name": "dev", "node_id": "model.dwh.dim_vas_types"} */
EXCHANGE TABLES `dwh`.`dim_vas_types__dbt_backup` AND `dwh`.`dim_vas_types` 
  
  ...
[0m11:02:05.689428 [debug] [Thread-4 (]: dbt_clickhouse adapter: SQL status: OK in 0.02 seconds
[0m11:02:05.694113 [debug] [Thread-4 (]: dbt_clickhouse adapter: On model.dwh.dim_vas_types: /* {"app": "dbt", "dbt_version": "1.11.15", "profile_name": "dwh", "target_name": "dev", "node_id": "model.dwh.dim_vas_types"} */
drop table if exists `dwh`.`dim_vas_types__dbt_backup` 
  ...
[0m11:02:05.699416 [debug] [Thread-4 (]: dbt_clickhouse adapter: SQL status: OK in 0.00 seconds
[0m11:02:05.708590 [debug] [Thread-4 (]: Sending event: {'category': 'dbt', 'action': 'run_model', 'label': '50ab0192-5542-4424-a9bc-f6f398fe58c3', 'context': [<snowplow_tracker.self_describing_json.SelfDescribingJson object at 0xffff7e33a6f0>]}
[0m11:02:05.709674 [info ] [Thread-4 (]: 14 of 16 OK created sql table model `dwh`.`dim_vas_types` ...................... [[32mOK[0m in 0.26s]
[0m11:02:05.711576 [debug] [Thread-4 (]: Finished running node model.dwh.dim_vas_types
[0m11:02:05.713209 [debug] [Thread-4 (]: Began running node model.dwh.mart_vas
[0m11:02:05.715056 [info ] [Thread-4 (]: 16 of 16 START sql table model `dwh`.`mart_vas` ................................ [RUN]
[0m11:02:05.716909 [debug] [Thread-4 (]: Re-using an available connection from the pool (formerly model.dwh.dim_vas_types, now model.dwh.mart_vas)
[0m11:02:05.717900 [debug] [Thread-4 (]: Began compiling node model.dwh.mart_vas
[0m11:02:05.722322 [debug] [Thread-4 (]: Writing injected SQL for node "model.dwh.mart_vas"
[0m11:02:05.732118 [debug] [Thread-4 (]: Began executing node model.dwh.mart_vas
[0m11:02:05.738303 [debug] [Thread-4 (]: dbt_clickhouse adapter: On model.dwh.mart_vas: /* {"app": "dbt", "dbt_version": "1.11.15", "profile_name": "dwh", "target_name": "dev", "node_id": "model.dwh.mart_vas"} */

        

    
        create table `dwh`.`mart_vas__dbt_backup`
        
  
        
  engine = MergeTree()
        
      order by (tuple())
        
        
        
        
                    -- end_of_sql
                    SETTINGS replicated_deduplication_window='0'

                    
          empty
          as (
            

SELECT
    v.vas_type_id,
    v.vas_type_name,
    count(*) AS purchases,
    sum(p.amount) AS revenue
FROM `dwh`.`int_payments_success` p
JOIN `dwh`.`dim_vas_types` v ON p.vas_type_id = v.vas_type_id
WHERE p.payment_type = 'vas'
GROUP BY v.vas_type_id, v.vas_type_name
ORDER BY revenue DESC
          )
        
    ...
[0m11:02:05.814907 [debug] [Thread-4 (]: dbt_clickhouse adapter: SQL status: OK in 0.08 seconds
[0m11:02:05.820516 [debug] [Thread-4 (]: dbt_clickhouse adapter: On model.dwh.mart_vas: /* {"app": "dbt", "dbt_version": "1.11.15", "profile_name": "dwh", "target_name": "dev", "node_id": "model.dwh.mart_vas"} */

    select name, type from system.columns where table = 'mart_vas__dbt_backup'
    
      
        and database = 'dwh'
      
    
    order by position
  ...
[0m11:02:05.828575 [debug] [Thread-4 (]: dbt_clickhouse adapter: SQL status: OK in 0.01 seconds
[0m11:02:05.831121 [debug] [Thread-4 (]: Writing runtime sql for node "model.dwh.mart_vas"
[0m11:02:05.836765 [debug] [Thread-4 (]: dbt_clickhouse adapter: On model.dwh.mart_vas: /* {"app": "dbt", "dbt_version": "1.11.15", "profile_name": "dwh", "target_name": "dev", "node_id": "model.dwh.mart_vas"} */

  
    
    
    
        


        
  

  insert into `dwh`.`mart_vas__dbt_backup`
        ("v.vas_type_id", "vas_type_name", "purchases", "revenue")

SELECT
    v.vas_type_id,
    v.vas_type_name,
    count(*) AS purchases,
    sum(p.amount) AS revenue
FROM `dwh`.`int_payments_success` p
JOIN `dwh`.`dim_vas_types` v ON p.vas_type_id = v.vas_type_id
WHERE p.payment_type = 'vas'
GROUP BY v.vas_type_id, v.vas_type_name
ORDER BY revenue DESC
  ...
[0m11:02:05.902967 [debug] [Thread-3 (]: dbt_clickhouse adapter: SQL status: OK in 0.25 seconds
[0m11:02:05.905183 [debug] [Thread-3 (]: dbt_clickhouse adapter: On model.dwh.mart_listings_by_category: /* {"app": "dbt", "dbt_version": "1.11.15", "profile_name": "dwh", "target_name": "dev", "node_id": "model.dwh.mart_listings_by_category"} */
EXCHANGE TABLES `dwh`.`mart_listings_by_category__dbt_backup` AND `dwh`.`mart_listings_by_category` 
  
  ...
[0m11:02:05.916773 [debug] [Thread-3 (]: dbt_clickhouse adapter: SQL status: OK in 0.01 seconds
[0m11:02:05.925873 [debug] [Thread-3 (]: dbt_clickhouse adapter: On model.dwh.mart_listings_by_category: /* {"app": "dbt", "dbt_version": "1.11.15", "profile_name": "dwh", "target_name": "dev", "node_id": "model.dwh.mart_listings_by_category"} */
drop table if exists `dwh`.`mart_listings_by_category__dbt_backup` 
  ...
[0m11:02:05.931962 [debug] [Thread-3 (]: dbt_clickhouse adapter: SQL status: OK in 0.01 seconds
[0m11:02:05.935393 [debug] [Thread-3 (]: Sending event: {'category': 'dbt', 'action': 'run_model', 'label': '50ab0192-5542-4424-a9bc-f6f398fe58c3', 'context': [<snowplow_tracker.self_describing_json.SelfDescribingJson object at 0xffff7c0be7b0>]}
[0m11:02:05.937377 [info ] [Thread-3 (]: 15 of 16 OK created sql table model `dwh`.`mart_listings_by_category` .......... [[32mOK[0m in 0.43s]
[0m11:02:05.938670 [debug] [Thread-3 (]: Finished running node model.dwh.mart_listings_by_category
[0m11:02:05.954586 [debug] [Thread-4 (]: dbt_clickhouse adapter: SQL status: OK in 0.12 seconds
[0m11:02:05.959714 [debug] [Thread-4 (]: dbt_clickhouse adapter: On model.dwh.mart_vas: /* {"app": "dbt", "dbt_version": "1.11.15", "profile_name": "dwh", "target_name": "dev", "node_id": "model.dwh.mart_vas"} */
EXCHANGE TABLES `dwh`.`mart_vas__dbt_backup` AND `dwh`.`mart_vas` 
  
  ...
[0m11:02:05.964584 [debug] [Thread-1 (]: dbt_clickhouse adapter: SQL status: OK in 0.75 seconds
[0m11:02:05.965050 [debug] [Thread-4 (]: dbt_clickhouse adapter: SQL status: OK in 0.00 seconds
[0m11:02:05.966269 [debug] [Thread-1 (]: dbt_clickhouse adapter: On model.dwh.mart_arpu_monthly: /* {"app": "dbt", "dbt_version": "1.11.15", "profile_name": "dwh", "target_name": "dev", "node_id": "model.dwh.mart_arpu_monthly"} */
EXCHANGE TABLES `dwh`.`mart_arpu_monthly__dbt_backup` AND `dwh`.`mart_arpu_monthly` 
  
  ...
[0m11:02:05.971854 [debug] [Thread-4 (]: dbt_clickhouse adapter: On model.dwh.mart_vas: /* {"app": "dbt", "dbt_version": "1.11.15", "profile_name": "dwh", "target_name": "dev", "node_id": "model.dwh.mart_vas"} */
drop table if exists `dwh`.`mart_vas__dbt_backup` 
  ...
[0m11:02:05.983644 [debug] [Thread-1 (]: dbt_clickhouse adapter: SQL status: OK in 0.01 seconds
[0m11:02:05.984442 [debug] [Thread-4 (]: dbt_clickhouse adapter: SQL status: OK in 0.01 seconds
[0m11:02:05.990208 [debug] [Thread-1 (]: dbt_clickhouse adapter: On model.dwh.mart_arpu_monthly: /* {"app": "dbt", "dbt_version": "1.11.15", "profile_name": "dwh", "target_name": "dev", "node_id": "model.dwh.mart_arpu_monthly"} */
drop table if exists `dwh`.`mart_arpu_monthly__dbt_backup` 
  ...
[0m11:02:05.996382 [debug] [Thread-4 (]: Sending event: {'category': 'dbt', 'action': 'run_model', 'label': '50ab0192-5542-4424-a9bc-f6f398fe58c3', 'context': [<snowplow_tracker.self_describing_json.SelfDescribingJson object at 0xffff7e242c90>]}
[0m11:02:05.999647 [info ] [Thread-4 (]: 16 of 16 OK created sql table model `dwh`.`mart_vas` ........................... [[32mOK[0m in 0.28s]
[0m11:02:06.001510 [debug] [Thread-4 (]: Finished running node model.dwh.mart_vas
[0m11:02:06.002020 [debug] [Thread-1 (]: dbt_clickhouse adapter: SQL status: OK in 0.00 seconds
[0m11:02:06.004212 [debug] [Thread-1 (]: Sending event: {'category': 'dbt', 'action': 'run_model', 'label': '50ab0192-5542-4424-a9bc-f6f398fe58c3', 'context': [<snowplow_tracker.self_describing_json.SelfDescribingJson object at 0xffff7c0be270>]}
[0m11:02:06.004987 [info ] [Thread-1 (]: 11 of 16 OK created sql table model `dwh`.`mart_arpu_monthly` .................. [[32mOK[0m in 0.83s]
[0m11:02:06.006573 [debug] [Thread-1 (]: Finished running node model.dwh.mart_arpu_monthly
[0m11:02:06.082357 [debug] [Thread-2 (]: dbt_clickhouse adapter: SQL status: OK in 0.87 seconds
[0m11:02:06.083705 [debug] [Thread-2 (]: dbt_clickhouse adapter: On model.dwh.mart_dau: /* {"app": "dbt", "dbt_version": "1.11.15", "profile_name": "dwh", "target_name": "dev", "node_id": "model.dwh.mart_dau"} */
EXCHANGE TABLES `dwh`.`mart_dau__dbt_backup` AND `dwh`.`mart_dau` 
  
  ...
[0m11:02:06.085779 [debug] [Thread-2 (]: dbt_clickhouse adapter: SQL status: OK in 0.00 seconds
[0m11:02:06.087813 [debug] [Thread-2 (]: dbt_clickhouse adapter: On model.dwh.mart_dau: /* {"app": "dbt", "dbt_version": "1.11.15", "profile_name": "dwh", "target_name": "dev", "node_id": "model.dwh.mart_dau"} */
drop table if exists `dwh`.`mart_dau__dbt_backup` 
  ...
[0m11:02:06.089039 [debug] [Thread-2 (]: dbt_clickhouse adapter: SQL status: OK in 0.00 seconds
[0m11:02:06.091044 [debug] [Thread-2 (]: Sending event: {'category': 'dbt', 'action': 'run_model', 'label': '50ab0192-5542-4424-a9bc-f6f398fe58c3', 'context': [<snowplow_tracker.self_describing_json.SelfDescribingJson object at 0xffff7c0bf830>]}
[0m11:02:06.091643 [info ] [Thread-2 (]: 9 of 16 OK created sql table model `dwh`.`mart_dau` ............................ [[32mOK[0m in 0.92s]
[0m11:02:06.092050 [debug] [Thread-2 (]: Finished running node model.dwh.mart_dau
[0m11:02:06.094230 [debug] [MainThread]: Connection 'master' was properly closed.
[0m11:02:06.094473 [debug] [MainThread]: Connection 'model.dwh.mart_arpu_monthly' was left open.
[0m11:02:06.094704 [debug] [MainThread]: On model.dwh.mart_arpu_monthly: Close
[0m11:02:06.094968 [debug] [MainThread]: Connection 'model.dwh.mart_vas' was left open.
[0m11:02:06.095181 [debug] [MainThread]: On model.dwh.mart_vas: Close
[0m11:02:06.095374 [debug] [MainThread]: Connection 'model.dwh.mart_listings_by_category' was left open.
[0m11:02:06.095593 [debug] [MainThread]: On model.dwh.mart_listings_by_category: Close
[0m11:02:06.095792 [debug] [MainThread]: Connection 'model.dwh.mart_dau' was left open.
[0m11:02:06.095999 [debug] [MainThread]: On model.dwh.mart_dau: Close
[0m11:02:06.096516 [info ] [MainThread]: 
[0m11:02:06.096808 [info ] [MainThread]: Finished running 8 table models, 8 view models in 0 hours 0 minutes and 1.41 seconds (1.41s).
[0m11:02:06.098361 [debug] [MainThread]: Command end result
[0m11:02:06.123788 [debug] [MainThread]: Wrote artifact WritableManifest to /opt/airflow/dbt/target/manifest.json
[0m11:02:06.126223 [debug] [MainThread]: Wrote artifact SemanticManifest to /opt/airflow/dbt/target/semantic_manifest.json
[0m11:02:06.131745 [debug] [MainThread]: Wrote artifact RunExecutionResult to /opt/airflow/dbt/target/run_results.json
[0m11:02:06.132000 [info ] [MainThread]: 
[0m11:02:06.132192 [info ] [MainThread]: [32mCompleted successfully[0m
[0m11:02:06.132691 [info ] [MainThread]: 
[0m11:02:06.132978 [info ] [MainThread]: Done. PASS=16 WARN=0 ERROR=0 SKIP=0 NO-OP=0 TOTAL=16
[0m11:02:06.134742 [debug] [MainThread]: Resource report: {"command_name": "run", "command_success": true, "command_wall_clock_time": 1.9648949, "process_in_blocks": "54928", "process_kernel_time": 0.42046, "process_mem_max_rss": "152948", "process_out_blocks": "2837", "process_user_time": 1.611262}
[0m11:02:06.135114 [debug] [MainThread]: Command `dbt run` succeeded at 11:02:06.135050 after 1.97 seconds
[0m11:02:06.135431 [debug] [MainThread]: Sending event: {'category': 'dbt', 'action': 'invocation', 'label': 'end', 'context': [<snowplow_tracker.self_describing_json.SelfDescribingJson object at 0xffff7e3ded50>, <snowplow_tracker.self_describing_json.SelfDescribingJson object at 0xffff749ec0b0>, <snowplow_tracker.self_describing_json.SelfDescribingJson object at 0xffff749ecc50>]}
[0m11:02:06.135628 [debug] [MainThread]: Flushing usage events
[0m11:02:11.808154 [debug] [MainThread]: An error was encountered while trying to flush usage events
[0m11:47:55.245125 [debug] [MainThread]: Sending event: {'category': 'dbt', 'action': 'invocation', 'label': 'start', 'context': [<snowplow_tracker.self_describing_json.SelfDescribingJson object at 0xffff91d23770>, <snowplow_tracker.self_describing_json.SelfDescribingJson object at 0xffff9513afd0>, <snowplow_tracker.self_describing_json.SelfDescribingJson object at 0xffff90b53d90>]}


============================== 11:47:55.248039 | 58555d6b-b875-4645-9b35-8afc2a1fdf36 ==============================
[0m11:47:55.248039 [info ] [MainThread]: Running with dbt=1.11.15
[0m11:47:55.248371 [debug] [MainThread]: running dbt with arguments {'version_check': 'True', 'log_format': 'default', 'indirect_selection': 'eager', 'static_parser': 'True', 'warn_error': 'None', 'write_json': 'True', 'send_anonymous_usage_stats': 'True', 'log_path': '/opt/airflow/dbt/logs', 'no_print': 'None', 'use_colors': 'True', 'invocation_command': 'dbt run', 'fail_fast': 'False', 'use_experimental_parser': 'False', 'cache_selected_only': 'False', 'empty': 'False', 'log_cache_events': 'False', 'debug': 'False', 'warn_error_options': 'WarnErrorOptionsV2(error=[], warn=[], silence=[])', 'partial_parse': 'True', 'printer_width': '80', 'quiet': 'False', 'introspect': 'True', 'profiles_dir': '/opt/airflow/dbt/profiles', 'target_path': 'None'}
[0m11:47:55.434564 [debug] [MainThread]: Sending event: {'category': 'dbt', 'action': 'project_id', 'label': '58555d6b-b875-4645-9b35-8afc2a1fdf36', 'context': [<snowplow_tracker.self_describing_json.SelfDescribingJson object at 0xffff917fcb00>]}
[0m11:47:55.464930 [debug] [MainThread]: Sending event: {'category': 'dbt', 'action': 'adapter_info', 'label': '58555d6b-b875-4645-9b35-8afc2a1fdf36', 'context': [<snowplow_tracker.self_describing_json.SelfDescribingJson object at 0xffff90ba3460>]}
[0m11:47:55.465748 [info ] [MainThread]: Registered adapter: clickhouse=1.10.2
[0m11:47:55.503374 [debug] [MainThread]: checksum: 810725a07b286a161cb6a02f5214572f3ba8aa5d584b5e37ea30d4a281c3d3a5, vars: {}, profile: , target: , version: 1.11.15
[0m11:47:55.572004 [debug] [MainThread]: Partial parsing enabled: 0 files deleted, 0 files added, 0 files changed.
[0m11:47:55.572376 [debug] [MainThread]: Nothing changed, skipping partial parsing.
[0m11:47:55.572508 [debug] [MainThread]: Partial parsing enabled, no changes found, skipping parsing
[0m11:47:55.588201 [debug] [MainThread]: Sending event: {'category': 'dbt', 'action': 'load_project', 'label': '58555d6b-b875-4645-9b35-8afc2a1fdf36', 'context': [<snowplow_tracker.self_describing_json.SelfDescribingJson object at 0xffff9076c450>]}
[0m11:47:55.668448 [debug] [MainThread]: Wrote artifact WritableManifest to /opt/airflow/dbt/target/manifest.json
[0m11:47:55.670396 [debug] [MainThread]: Wrote artifact SemanticManifest to /opt/airflow/dbt/target/semantic_manifest.json
[0m11:47:55.679012 [debug] [MainThread]: Sending event: {'category': 'dbt', 'action': 'resource_counts', 'label': '58555d6b-b875-4645-9b35-8afc2a1fdf36', 'context': [<snowplow_tracker.self_describing_json.SelfDescribingJson object at 0xffff90d9ab70>]}
[0m11:47:55.679411 [info ] [MainThread]: Found 16 models, 536 macros
[0m11:47:55.679866 [debug] [MainThread]: Sending event: {'category': 'dbt', 'action': 'runnable_timing', 'label': '58555d6b-b875-4645-9b35-8afc2a1fdf36', 'context': [<snowplow_tracker.self_describing_json.SelfDescribingJson object at 0xffff905ae890>]}
[0m11:47:55.681314 [info ] [MainThread]: 
[0m11:47:55.681505 [info ] [MainThread]: Concurrency: 4 threads (target='dev')
[0m11:47:55.681846 [info ] [MainThread]: 
[0m11:47:55.682227 [debug] [MainThread]: Acquiring new clickhouse connection 'master'
[0m11:47:55.685964 [debug] [ThreadPool]: Acquiring new clickhouse connection 'list_'
[0m11:47:55.691781 [debug] [ThreadPool]: Opening a new connection, currently in state init
[0m11:47:55.944357 [debug] [ThreadPool]: dbt_clickhouse adapter: On list_: /* {"app": "dbt", "dbt_version": "1.11.15", "profile_name": "dwh", "target_name": "dev", "connection_name": "list_"} */

    select name from system.databases
  ...
[0m11:47:55.946113 [debug] [ThreadPool]: dbt_clickhouse adapter: SQL status: OK in 0.00 seconds
[0m11:47:55.968826 [debug] [ThreadPool]: Re-using an available connection from the pool (formerly list_, now list__dwh)
[0m11:47:55.972381 [debug] [ThreadPool]: dbt_clickhouse adapter: On list__dwh: /* {"app": "dbt", "dbt_version": "1.11.15", "profile_name": "dwh", "target_name": "dev", "connection_name": "list__dwh"} */
with mv_sources as (
      -- Find all MVs and their target tables (database and name of the MV, plus the SELECT SQL)
      select
        name as mv_name,
        database as mv_database,
        any(as_select) as mv_sql,
        any(replaceRegexpOne(create_table_query, '.*TO\\s+`?([^`\\s(]+)`?\\.`?([^`\\s(]+)`?.*', '\\1.\\2')) as target_fqn
      
      from system.tables
      
      where engine = 'MaterializedView'
        and create_table_query like '%TO %'
      group by mv_name, mv_database
    )
    select
      t.name as name,
      t.database as schema,
      multiIf(
        t.engine = 'MaterializedView', 'materialized_view',
        t.engine = 'View', 'view',
        t.engine = 'Dictionary', 'dictionary',
        'table'
      ) as type,
      db.engine as db_engine,
      groupArrayIf(
        map('schema', mv_sources.mv_database, 'name', mv_sources.mv_name, 'sql', mv_sources.mv_sql),
        mv_sources.mv_name != ''
      ) as mvs_pointing_to_it,
      -- The refresh clause of a refreshable MV sits between the view name and the TO clause,
      -- e.g. CREATE MATERIALIZED VIEW db.mv REFRESH EVERY 2 MINUTE [APPEND] TO db.target ...
      max(position(substring(t.create_table_query, 1, position(t.create_table_query, ' TO ')), ' REFRESH ')) > 0 as is_refreshable,
      max(position(substring(t.create_table_query, 1, position(t.create_table_query, ' TO ')), ' APPEND')) > 0 as refreshable_append,0 as is_on_cluster
        from system.tables as t
      
        join system.databases as db on t.database = db.name
        left join mv_sources on mv_sources.target_fqn = concat(t.database, '.', t.name)
      where schema = 'dwh'
      group by name, schema, type, db_engine

  ...
[0m11:47:56.027545 [debug] [ThreadPool]: dbt_clickhouse adapter: SQL status: OK in 0.05 seconds
[0m11:47:56.028567 [debug] [MainThread]: Sending event: {'category': 'dbt', 'action': 'runnable_timing', 'label': '58555d6b-b875-4645-9b35-8afc2a1fdf36', 'context': [<snowplow_tracker.self_describing_json.SelfDescribingJson object at 0xffff8ec35980>]}
[0m11:47:56.030681 [debug] [Thread-1 (]: Began running node model.dwh.stg_categories
[0m11:47:56.030877 [debug] [Thread-3 (]: Began running node model.dwh.stg_payments
[0m11:47:56.031066 [debug] [Thread-4 (]: Began running node model.dwh.stg_user_activity
[0m11:47:56.031280 [debug] [Thread-2 (]: Began running node model.dwh.stg_listings
[0m11:47:56.031586 [info ] [Thread-1 (]: 1 of 16 START sql view model `dwh`.`stg_categories` ............................ [RUN]
[0m11:47:56.031932 [info ] [Thread-3 (]: 3 of 16 START sql view model `dwh`.`stg_payments` .............................. [RUN]
[0m11:47:56.032239 [info ] [Thread-4 (]: 4 of 16 START sql view model `dwh`.`stg_user_activity` ......................... [RUN]
[0m11:47:56.032493 [info ] [Thread-2 (]: 2 of 16 START sql view model `dwh`.`stg_listings` .............................. [RUN]
[0m11:47:56.032810 [debug] [Thread-1 (]: Re-using an available connection from the pool (formerly list__dwh, now model.dwh.stg_categories)
[0m11:47:56.033119 [debug] [Thread-3 (]: Acquiring new clickhouse connection 'model.dwh.stg_payments'
[0m11:47:56.033372 [debug] [Thread-4 (]: Acquiring new clickhouse connection 'model.dwh.stg_user_activity'
[0m11:47:56.033599 [debug] [Thread-2 (]: Acquiring new clickhouse connection 'model.dwh.stg_listings'
[0m11:47:56.033797 [debug] [Thread-1 (]: Began compiling node model.dwh.stg_categories
[0m11:47:56.033979 [debug] [Thread-3 (]: Began compiling node model.dwh.stg_payments
[0m11:47:56.034149 [debug] [Thread-4 (]: Began compiling node model.dwh.stg_user_activity
[0m11:47:56.034343 [debug] [Thread-2 (]: Began compiling node model.dwh.stg_listings
[0m11:47:56.038716 [debug] [Thread-1 (]: Writing injected SQL for node "model.dwh.stg_categories"
[0m11:47:56.040395 [debug] [Thread-3 (]: Writing injected SQL for node "model.dwh.stg_payments"
[0m11:47:56.042297 [debug] [Thread-4 (]: Writing injected SQL for node "model.dwh.stg_user_activity"
[0m11:47:56.043932 [debug] [Thread-2 (]: Writing injected SQL for node "model.dwh.stg_listings"
[0m11:47:56.045575 [debug] [Thread-1 (]: Began executing node model.dwh.stg_categories
[0m11:47:56.045754 [debug] [Thread-4 (]: Began executing node model.dwh.stg_user_activity
[0m11:47:56.045907 [debug] [Thread-2 (]: Began executing node model.dwh.stg_listings
[0m11:47:56.046062 [debug] [Thread-3 (]: Began executing node model.dwh.stg_payments
[0m11:47:56.053876 [debug] [Thread-1 (]: Creating new relation stg_categories
[0m11:47:56.055311 [debug] [Thread-4 (]: Creating new relation stg_user_activity
[0m11:47:56.056433 [debug] [Thread-2 (]: Creating new relation stg_listings
[0m11:47:56.057858 [debug] [Thread-3 (]: Creating new relation stg_payments
[0m11:47:56.065232 [debug] [Thread-1 (]: Writing runtime sql for node "model.dwh.stg_categories"
[0m11:47:56.065739 [debug] [Thread-4 (]: Opening a new connection, currently in state init
[0m11:47:56.066223 [debug] [Thread-2 (]: Opening a new connection, currently in state init
[0m11:47:56.066759 [debug] [Thread-3 (]: Opening a new connection, currently in state init
[0m11:47:56.070063 [debug] [Thread-1 (]: dbt_clickhouse adapter: On model.dwh.stg_categories: /* {"app": "dbt", "dbt_version": "1.11.15", "profile_name": "dwh", "target_name": "dev", "node_id": "model.dwh.stg_categories"} */


  create or replace view `dwh`.`stg_categories` 
  
    
  
  
    
    
  as (
    

SELECT
    category_id,
    name,
    parent_id
FROM s3(
    'http://minio:9000/raw/mysql/categories/*.parquet',
    'Parquet',
    'category_id Int32, name String, parent_id Nullable(Int32)'
)
    
  )
      
      
                    -- end_of_sql
                    
                    ...
[0m11:47:56.073530 [debug] [Thread-2 (]: Writing runtime sql for node "model.dwh.stg_listings"
[0m11:47:56.074319 [debug] [Thread-4 (]: Writing runtime sql for node "model.dwh.stg_user_activity"
[0m11:47:56.074590 [debug] [Thread-3 (]: Writing runtime sql for node "model.dwh.stg_payments"
[0m11:47:56.075463 [debug] [Thread-2 (]: dbt_clickhouse adapter: On model.dwh.stg_listings: /* {"app": "dbt", "dbt_version": "1.11.15", "profile_name": "dwh", "target_name": "dev", "node_id": "model.dwh.stg_listings"} */


  create or replace view `dwh`.`stg_listings` 
  
    
  
  
    
    
  as (
    

SELECT
    listing_id,
    user_id,
    category_id,
    title,
    description,
    price,
    status,
    platform,
    created_at,
    activated_at,
    sold_at,
    deactivated_at,
    updated_at
FROM s3(
    'http://minio:9000/raw/postgres/listings/*.parquet',
    'Parquet',
    'listing_id Int64, user_id Int64, category_id Int32, title String, description Nullable(String), price Float64, status String, platform String, created_at DateTime64(3), activated_at Nullable(DateTime64(3)), sold_at Nullable(DateTime64(3)), deactivated_at Nullable(DateTime64(3)), updated_at DateTime64(3)'
)
    
  )
      
      
                    -- end_of_sql
                    
                    ...
[0m11:47:56.076275 [debug] [Thread-4 (]: dbt_clickhouse adapter: On model.dwh.stg_user_activity: /* {"app": "dbt", "dbt_version": "1.11.15", "profile_name": "dwh", "target_name": "dev", "node_id": "model.dwh.stg_user_activity"} */


  create or replace view `dwh`.`stg_user_activity` 
  
    
  
  
    
    
  as (
    

SELECT
    event_id,
    user_id,
    event_type,
    platform,
    listing_id,
    session_id,
    ts
FROM s3(
    'http://minio:9000/raw/kafka/user_activity/*.parquet',
    'Parquet',
    'event_id String, user_id Int64, event_type String, platform String, listing_id Nullable(Int64), session_id String, ts DateTime64(3)'
)
    
  )
      
      
                    -- end_of_sql
                    
                    ...
[0m11:47:56.076861 [debug] [Thread-3 (]: dbt_clickhouse adapter: On model.dwh.stg_payments: /* {"app": "dbt", "dbt_version": "1.11.15", "profile_name": "dwh", "target_name": "dev", "node_id": "model.dwh.stg_payments"} */


  create or replace view `dwh`.`stg_payments` 
  
    
  
  
    
    
  as (
    

SELECT
    payment_id,
    user_id,
    listing_id,
    vas_type_id,
    amount,
    payment_type,
    status,
    payment_date
FROM s3(
    'http://minio:9000/raw/postgres/payments/*.parquet',
    'Parquet',
    'payment_id Int64, user_id Int64, listing_id Nullable(Int64), vas_type_id Nullable(Int32), amount Float64, payment_type String, status String, payment_date DateTime64(3)'
)
    
  )
      
      
                    -- end_of_sql
                    
                    ...
[0m11:47:56.115909 [debug] [Thread-3 (]: dbt_clickhouse adapter: SQL status: OK in 0.04 seconds
[0m11:47:56.116259 [debug] [Thread-1 (]: dbt_clickhouse adapter: SQL status: OK in 0.05 seconds
[0m11:47:56.122385 [debug] [Thread-2 (]: dbt_clickhouse adapter: SQL status: OK in 0.05 seconds
[0m11:47:56.129530 [debug] [Thread-3 (]: Sending event: {'category': 'dbt', 'action': 'run_model', 'label': '58555d6b-b875-4645-9b35-8afc2a1fdf36', 'context': [<snowplow_tracker.self_describing_json.SelfDescribingJson object at 0xffff8e4e53d0>]}
[0m11:47:56.129774 [debug] [Thread-4 (]: dbt_clickhouse adapter: SQL status: OK in 0.05 seconds
[0m11:47:56.130753 [debug] [Thread-1 (]: Sending event: {'category': 'dbt', 'action': 'run_model', 'label': '58555d6b-b875-4645-9b35-8afc2a1fdf36', 'context': [<snowplow_tracker.self_describing_json.SelfDescribingJson object at 0xffff8ec55700>]}
[0m11:47:56.131713 [debug] [Thread-2 (]: Sending event: {'category': 'dbt', 'action': 'run_model', 'label': '58555d6b-b875-4645-9b35-8afc2a1fdf36', 'context': [<snowplow_tracker.self_describing_json.SelfDescribingJson object at 0xffff8ec555a0>]}
[0m11:47:56.132175 [info ] [Thread-3 (]: 3 of 16 OK created sql view model `dwh`.`stg_payments` ......................... [[32mOK[0m in 0.10s]
[0m11:47:56.133107 [debug] [Thread-4 (]: Sending event: {'category': 'dbt', 'action': 'run_model', 'label': '58555d6b-b875-4645-9b35-8afc2a1fdf36', 'context': [<snowplow_tracker.self_describing_json.SelfDescribingJson object at 0xffff8c27edf0>]}
[0m11:47:56.133479 [info ] [Thread-1 (]: 1 of 16 OK created sql view model `dwh`.`stg_categories` ....................... [[32mOK[0m in 0.10s]
[0m11:47:56.133809 [info ] [Thread-2 (]: 2 of 16 OK created sql view model `dwh`.`stg_listings` ......................... [[32mOK[0m in 0.10s]
[0m11:47:56.134239 [debug] [Thread-3 (]: Finished running node model.dwh.stg_payments
[0m11:47:56.134543 [info ] [Thread-4 (]: 4 of 16 OK created sql view model `dwh`.`stg_user_activity` .................... [[32mOK[0m in 0.10s]
[0m11:47:56.134829 [debug] [Thread-1 (]: Finished running node model.dwh.stg_categories
[0m11:47:56.135113 [debug] [Thread-2 (]: Finished running node model.dwh.stg_listings
[0m11:47:56.135340 [debug] [Thread-3 (]: Began running node model.dwh.stg_users
[0m11:47:56.135633 [debug] [Thread-4 (]: Finished running node model.dwh.stg_user_activity
[0m11:47:56.135892 [debug] [Thread-1 (]: Began running node model.dwh.stg_vas_types
[0m11:47:56.136152 [debug] [Thread-2 (]: Began running node model.dwh.int_payments_success
[0m11:47:56.136435 [info ] [Thread-3 (]: 5 of 16 START sql view model `dwh`.`stg_users` ................................. [RUN]
[0m11:47:56.136790 [debug] [Thread-4 (]: Began running node model.dwh.dim_categories
[0m11:47:56.137050 [info ] [Thread-1 (]: 6 of 16 START sql view model `dwh`.`stg_vas_types` ............................. [RUN]
[0m11:47:56.137344 [info ] [Thread-2 (]: 7 of 16 START sql view model `dwh`.`int_payments_success` ...................... [RUN]
[0m11:47:56.137657 [debug] [Thread-3 (]: Re-using an available connection from the pool (formerly model.dwh.stg_payments, now model.dwh.stg_users)
[0m11:47:56.137920 [info ] [Thread-4 (]: 8 of 16 START sql table model `dwh`.`dim_categories` ........................... [RUN]
[0m11:47:56.138156 [debug] [Thread-1 (]: Re-using an available connection from the pool (formerly model.dwh.stg_categories, now model.dwh.stg_vas_types)
[0m11:47:56.138370 [debug] [Thread-2 (]: Re-using an available connection from the pool (formerly model.dwh.stg_listings, now model.dwh.int_payments_success)
[0m11:47:56.138569 [debug] [Thread-3 (]: Began compiling node model.dwh.stg_users
[0m11:47:56.138777 [debug] [Thread-4 (]: Re-using an available connection from the pool (formerly model.dwh.stg_user_activity, now model.dwh.dim_categories)
[0m11:47:56.138973 [debug] [Thread-1 (]: Began compiling node model.dwh.stg_vas_types
[0m11:47:56.139152 [debug] [Thread-2 (]: Began compiling node model.dwh.int_payments_success
[0m11:47:56.140936 [debug] [Thread-3 (]: Writing injected SQL for node "model.dwh.stg_users"
[0m11:47:56.141151 [debug] [Thread-4 (]: Began compiling node model.dwh.dim_categories
[0m11:47:56.142987 [debug] [Thread-1 (]: Writing injected SQL for node "model.dwh.stg_vas_types"
[0m11:47:56.144294 [debug] [Thread-2 (]: Writing injected SQL for node "model.dwh.int_payments_success"
[0m11:47:56.145964 [debug] [Thread-4 (]: Writing injected SQL for node "model.dwh.dim_categories"
[0m11:47:56.147079 [debug] [Thread-3 (]: Began executing node model.dwh.stg_users
[0m11:47:56.148923 [debug] [Thread-3 (]: Creating new relation stg_users
[0m11:47:56.149456 [debug] [Thread-3 (]: Writing runtime sql for node "model.dwh.stg_users"
[0m11:47:56.149625 [debug] [Thread-1 (]: Began executing node model.dwh.stg_vas_types
[0m11:47:56.150666 [debug] [Thread-1 (]: Creating new relation stg_vas_types
[0m11:47:56.151160 [debug] [Thread-1 (]: Writing runtime sql for node "model.dwh.stg_vas_types"
[0m11:47:56.151356 [debug] [Thread-2 (]: Began executing node model.dwh.int_payments_success
[0m11:47:56.151551 [debug] [Thread-4 (]: Began executing node model.dwh.dim_categories
[0m11:47:56.152811 [debug] [Thread-2 (]: Creating new relation int_payments_success
[0m11:47:56.158322 [debug] [Thread-3 (]: dbt_clickhouse adapter: On model.dwh.stg_users: /* {"app": "dbt", "dbt_version": "1.11.15", "profile_name": "dwh", "target_name": "dev", "node_id": "model.dwh.stg_users"} */


  create or replace view `dwh`.`stg_users` 
  
    
  
  
    
    
  as (
    

SELECT
    user_id,
    email,
    phone,
    status,
    registered_at,
    created_at,
    updated_at
FROM s3(
    'http://minio:9000/raw/postgres/users/*.parquet',
    'Parquet',
    'user_id Int64, email String, phone Nullable(String), status String, registered_at DateTime64(3), created_at DateTime64(3), updated_at DateTime64(3)'
)
    
  )
      
      
                    -- end_of_sql
                    
                    ...
[0m11:47:56.170345 [debug] [Thread-4 (]: Creating new relation dim_categories
[0m11:47:56.171079 [debug] [Thread-2 (]: Writing runtime sql for node "model.dwh.int_payments_success"
[0m11:47:56.171408 [debug] [Thread-1 (]: dbt_clickhouse adapter: On model.dwh.stg_vas_types: /* {"app": "dbt", "dbt_version": "1.11.15", "profile_name": "dwh", "target_name": "dev", "node_id": "model.dwh.stg_vas_types"} */


  create or replace view `dwh`.`stg_vas_types` 
  
    
  
  
    
    
  as (
    

SELECT
    vas_type_id,
    name,
    description
FROM s3(
    'http://minio:9000/raw/mysql/vas_types/*.parquet',
    'Parquet',
    'vas_type_id Int32, name String, description Nullable(String)'
)
    
  )
      
      
                    -- end_of_sql
                    
                    ...
[0m11:47:56.184431 [debug] [Thread-4 (]: dbt_clickhouse adapter: On model.dwh.dim_categories: /* {"app": "dbt", "dbt_version": "1.11.15", "profile_name": "dwh", "target_name": "dev", "node_id": "model.dwh.dim_categories"} */

        

    
        create table `dwh`.`dim_categories`
        
  
        
  engine = MergeTree()
        
      order by (tuple())
        
        
        
        
                    -- end_of_sql
                    SETTINGS replicated_deduplication_window='0'

                    
          empty
          as (
            

SELECT
    category_id,
    name AS category_name,
    parent_id
FROM `dwh`.`stg_categories`
          )
        
    ...
[0m11:47:56.185913 [debug] [Thread-2 (]: dbt_clickhouse adapter: On model.dwh.int_payments_success: /* {"app": "dbt", "dbt_version": "1.11.15", "profile_name": "dwh", "target_name": "dev", "node_id": "model.dwh.int_payments_success"} */


  create or replace view `dwh`.`int_payments_success` 
  
    
  
  
    
    
  as (
    

SELECT *
FROM `dwh`.`stg_payments`
WHERE status = 'success'
    
  )
      
      
                    -- end_of_sql
                    
                    ...
[0m11:47:56.190653 [debug] [Thread-2 (]: dbt_clickhouse adapter: SQL status: OK in 0.00 seconds
[0m11:47:56.193384 [debug] [Thread-2 (]: Sending event: {'category': 'dbt', 'action': 'run_model', 'label': '58555d6b-b875-4645-9b35-8afc2a1fdf36', 'context': [<snowplow_tracker.self_describing_json.SelfDescribingJson object at 0xffff8e40f0e0>]}
[0m11:47:56.193740 [debug] [Thread-3 (]: dbt_clickhouse adapter: SQL status: OK in 0.02 seconds
[0m11:47:56.193945 [debug] [Thread-4 (]: dbt_clickhouse adapter: SQL status: OK in 0.01 seconds
[0m11:47:56.194375 [info ] [Thread-2 (]: 7 of 16 OK created sql view model `dwh`.`int_payments_success` ................. [[32mOK[0m in 0.05s]
[0m11:47:56.195697 [debug] [Thread-3 (]: Sending event: {'category': 'dbt', 'action': 'run_model', 'label': '58555d6b-b875-4645-9b35-8afc2a1fdf36', 'context': [<snowplow_tracker.self_describing_json.SelfDescribingJson object at 0xffff8e3ff8f0>]}
[0m11:47:56.195927 [debug] [Thread-1 (]: dbt_clickhouse adapter: SQL status: OK in 0.01 seconds
[0m11:47:56.205025 [debug] [Thread-4 (]: dbt_clickhouse adapter: On model.dwh.dim_categories: /* {"app": "dbt", "dbt_version": "1.11.15", "profile_name": "dwh", "target_name": "dev", "node_id": "model.dwh.dim_categories"} */

    select name, type from system.columns where table = 'dim_categories'
    
      
        and database = 'dwh'
      
    
    order by position
  ...
[0m11:47:56.205381 [debug] [Thread-2 (]: Finished running node model.dwh.int_payments_success
[0m11:47:56.205801 [info ] [Thread-3 (]: 5 of 16 OK created sql view model `dwh`.`stg_users` ............................ [[32mOK[0m in 0.06s]
[0m11:47:56.206951 [debug] [Thread-1 (]: Sending event: {'category': 'dbt', 'action': 'run_model', 'label': '58555d6b-b875-4645-9b35-8afc2a1fdf36', 'context': [<snowplow_tracker.self_describing_json.SelfDescribingJson object at 0xffff8e3fe270>]}
[0m11:47:56.207396 [debug] [Thread-2 (]: Began running node model.dwh.int_listings_enriched
[0m11:47:56.207865 [debug] [Thread-3 (]: Finished running node model.dwh.stg_users
[0m11:47:56.208412 [info ] [Thread-1 (]: 6 of 16 OK created sql view model `dwh`.`stg_vas_types` ........................ [[32mOK[0m in 0.07s]
[0m11:47:56.208784 [info ] [Thread-2 (]: 9 of 16 START sql view model `dwh`.`int_listings_enriched` ..................... [RUN]
[0m11:47:56.209078 [debug] [Thread-3 (]: Began running node model.dwh.mart_dau
[0m11:47:56.209434 [debug] [Thread-1 (]: Finished running node model.dwh.stg_vas_types
[0m11:47:56.209727 [debug] [Thread-2 (]: Re-using an available connection from the pool (formerly model.dwh.int_payments_success, now model.dwh.int_listings_enriched)
[0m11:47:56.210027 [info ] [Thread-3 (]: 10 of 16 START sql table model `dwh`.`mart_dau` ................................ [RUN]
[0m11:47:56.210297 [debug] [Thread-1 (]: Began running node model.dwh.mart_arpu_monthly
[0m11:47:56.210614 [debug] [Thread-2 (]: Began compiling node model.dwh.int_listings_enriched
[0m11:47:56.210851 [debug] [Thread-3 (]: Re-using an available connection from the pool (formerly model.dwh.stg_users, now model.dwh.mart_dau)
[0m11:47:56.211146 [info ] [Thread-1 (]: 11 of 16 START sql table model `dwh`.`mart_arpu_monthly` ....................... [RUN]
[0m11:47:56.213328 [debug] [Thread-2 (]: Writing injected SQL for node "model.dwh.int_listings_enriched"
[0m11:47:56.213764 [debug] [Thread-4 (]: dbt_clickhouse adapter: SQL status: OK in 0.01 seconds
[0m11:47:56.213939 [debug] [Thread-3 (]: Began compiling node model.dwh.mart_dau
[0m11:47:56.214178 [debug] [Thread-1 (]: Re-using an available connection from the pool (formerly model.dwh.stg_vas_types, now model.dwh.mart_arpu_monthly)
[0m11:47:56.216219 [debug] [Thread-4 (]: Writing runtime sql for node "model.dwh.dim_categories"
[0m11:47:56.218201 [debug] [Thread-3 (]: Writing injected SQL for node "model.dwh.mart_dau"
[0m11:47:56.218473 [debug] [Thread-1 (]: Began compiling node model.dwh.mart_arpu_monthly
[0m11:47:56.218646 [debug] [Thread-2 (]: Began executing node model.dwh.int_listings_enriched
[0m11:47:56.220301 [debug] [Thread-1 (]: Writing injected SQL for node "model.dwh.mart_arpu_monthly"
[0m11:47:56.221411 [debug] [Thread-2 (]: Creating new relation int_listings_enriched
[0m11:47:56.221853 [debug] [Thread-4 (]: dbt_clickhouse adapter: On model.dwh.dim_categories: /* {"app": "dbt", "dbt_version": "1.11.15", "profile_name": "dwh", "target_name": "dev", "node_id": "model.dwh.dim_categories"} */

  
    
    
    
        


        
  

  insert into `dwh`.`dim_categories`
        ("category_id", "category_name", "parent_id")

SELECT
    category_id,
    name AS category_name,
    parent_id
FROM `dwh`.`stg_categories`
  ...
[0m11:47:56.222612 [debug] [Thread-2 (]: Writing runtime sql for node "model.dwh.int_listings_enriched"
[0m11:47:56.222974 [debug] [Thread-3 (]: Began executing node model.dwh.mart_dau
[0m11:47:56.223326 [debug] [Thread-1 (]: Began executing node model.dwh.mart_arpu_monthly
[0m11:47:56.224430 [debug] [Thread-3 (]: Creating new relation mart_dau
[0m11:47:56.225471 [debug] [Thread-1 (]: Creating new relation mart_arpu_monthly
[0m11:47:56.226305 [debug] [Thread-3 (]: dbt_clickhouse adapter: On model.dwh.mart_dau: /* {"app": "dbt", "dbt_version": "1.11.15", "profile_name": "dwh", "target_name": "dev", "node_id": "model.dwh.mart_dau"} */

        

    
        create table `dwh`.`mart_dau`
        
  
        
  engine = MergeTree()
        
      order by (tuple())
        
        
        
        
                    -- end_of_sql
                    SETTINGS replicated_deduplication_window='0'

                    
          empty
          as (
            

SELECT
    toDate(ts) AS day,
    platform,
    uniqExact(user_id) AS dau
FROM `dwh`.`stg_user_activity`
GROUP BY day, platform
ORDER BY day, platform
          )
        
    ...
[0m11:47:56.226539 [debug] [Thread-2 (]: dbt_clickhouse adapter: On model.dwh.int_listings_enriched: /* {"app": "dbt", "dbt_version": "1.11.15", "profile_name": "dwh", "target_name": "dev", "node_id": "model.dwh.int_listings_enriched"} */


  create or replace view `dwh`.`int_listings_enriched` 
  
    
  
  
    
    
  as (
    

SELECT
    l.listing_id,
    l.user_id,
    l.category_id,
    c.name AS category_name,
    l.title,
    l.price,
    l.status,
    l.platform,
    l.created_at,
    l.sold_at
FROM `dwh`.`stg_listings` l
LEFT JOIN `dwh`.`stg_categories` c ON l.category_id = c.category_id
    
  )
      
      
                    -- end_of_sql
                    
                    ...
[0m11:47:56.227435 [debug] [Thread-1 (]: dbt_clickhouse adapter: On model.dwh.mart_arpu_monthly: /* {"app": "dbt", "dbt_version": "1.11.15", "profile_name": "dwh", "target_name": "dev", "node_id": "model.dwh.mart_arpu_monthly"} */

        

    
        create table `dwh`.`mart_arpu_monthly`
        
  
        
  engine = MergeTree()
        
      order by (tuple())
        
        
        
        
                    -- end_of_sql
                    SETTINGS replicated_deduplication_window='0'

                    
          empty
          as (
            

WITH revenue AS (
    SELECT
        toStartOfMonth(payment_date) AS month,
        sum(amount) AS revenue
    FROM `dwh`.`int_payments_success`
    GROUP BY month
),
mau AS (
    SELECT
        toStartOfMonth(ts) AS month,
        uniqExact(user_id) AS active_users
    FROM `dwh`.`stg_user_activity`
    GROUP BY month
)
SELECT
    r.month,
    r.revenue,
    m.active_users,
    round(r.revenue / m.active_users, 2) AS arpu
FROM revenue r
JOIN mau m ON m.month = r.month
ORDER BY r.month
          )
        
    ...
[0m11:47:56.230876 [debug] [Thread-2 (]: dbt_clickhouse adapter: SQL status: OK in 0.00 seconds
[0m11:47:56.232157 [debug] [Thread-2 (]: Sending event: {'category': 'dbt', 'action': 'run_model', 'label': '58555d6b-b875-4645-9b35-8afc2a1fdf36', 'context': [<snowplow_tracker.self_describing_json.SelfDescribingJson object at 0xffff8c30bad0>]}
[0m11:47:56.232675 [info ] [Thread-2 (]: 9 of 16 OK created sql view model `dwh`.`int_listings_enriched` ................ [[32mOK[0m in 0.02s]
[0m11:47:56.232982 [debug] [Thread-2 (]: Finished running node model.dwh.int_listings_enriched
[0m11:47:56.233253 [debug] [Thread-2 (]: Began running node model.dwh.mart_revenue_daily
[0m11:47:56.233588 [info ] [Thread-2 (]: 12 of 16 START sql table model `dwh`.`mart_revenue_daily` ...................... [RUN]
[0m11:47:56.233858 [debug] [Thread-2 (]: Re-using an available connection from the pool (formerly model.dwh.int_listings_enriched, now model.dwh.mart_revenue_daily)
[0m11:47:56.234125 [debug] [Thread-2 (]: Began compiling node model.dwh.mart_revenue_daily
[0m11:47:56.236335 [debug] [Thread-2 (]: Writing injected SQL for node "model.dwh.mart_revenue_daily"
[0m11:47:56.236688 [debug] [Thread-3 (]: dbt_clickhouse adapter: SQL status: OK in 0.01 seconds
[0m11:47:56.238612 [debug] [Thread-3 (]: dbt_clickhouse adapter: On model.dwh.mart_dau: /* {"app": "dbt", "dbt_version": "1.11.15", "profile_name": "dwh", "target_name": "dev", "node_id": "model.dwh.mart_dau"} */

    select name, type from system.columns where table = 'mart_dau'
    
      
        and database = 'dwh'
      
    
    order by position
  ...
[0m11:47:56.239309 [debug] [Thread-2 (]: Began executing node model.dwh.mart_revenue_daily
[0m11:47:56.241628 [debug] [Thread-2 (]: Creating new relation mart_revenue_daily
[0m11:47:56.241901 [debug] [Thread-1 (]: dbt_clickhouse adapter: SQL status: OK in 0.01 seconds
[0m11:47:56.242296 [debug] [Thread-3 (]: dbt_clickhouse adapter: SQL status: OK in 0.00 seconds
[0m11:47:56.242922 [debug] [Thread-2 (]: dbt_clickhouse adapter: On model.dwh.mart_revenue_daily: /* {"app": "dbt", "dbt_version": "1.11.15", "profile_name": "dwh", "target_name": "dev", "node_id": "model.dwh.mart_revenue_daily"} */

        

    
        create table `dwh`.`mart_revenue_daily`
        
  
        
  engine = MergeTree()
        
      order by (tuple())
        
        
        
        
                    -- end_of_sql
                    SETTINGS replicated_deduplication_window='0'

                    
          empty
          as (
            

SELECT
    toDate(payment_date) AS day,
    sum(amount) AS revenue
FROM `dwh`.`int_payments_success`
GROUP BY day
ORDER BY day
          )
        
    ...
[0m11:47:56.244721 [debug] [Thread-1 (]: dbt_clickhouse adapter: On model.dwh.mart_arpu_monthly: /* {"app": "dbt", "dbt_version": "1.11.15", "profile_name": "dwh", "target_name": "dev", "node_id": "model.dwh.mart_arpu_monthly"} */

    select name, type from system.columns where table = 'mart_arpu_monthly'
    
      
        and database = 'dwh'
      
    
    order by position
  ...
[0m11:47:56.245524 [debug] [Thread-3 (]: Writing runtime sql for node "model.dwh.mart_dau"
[0m11:47:56.246852 [debug] [Thread-3 (]: dbt_clickhouse adapter: On model.dwh.mart_dau: /* {"app": "dbt", "dbt_version": "1.11.15", "profile_name": "dwh", "target_name": "dev", "node_id": "model.dwh.mart_dau"} */

  
    
    
    
        


        
  

  insert into `dwh`.`mart_dau`
        ("day", "platform", "dau")

SELECT
    toDate(ts) AS day,
    platform,
    uniqExact(user_id) AS dau
FROM `dwh`.`stg_user_activity`
GROUP BY day, platform
ORDER BY day, platform
  ...
[0m11:47:56.247831 [debug] [Thread-1 (]: dbt_clickhouse adapter: SQL status: OK in 0.00 seconds
[0m11:47:56.248645 [debug] [Thread-1 (]: Writing runtime sql for node "model.dwh.mart_arpu_monthly"
[0m11:47:56.249582 [debug] [Thread-1 (]: dbt_clickhouse adapter: On model.dwh.mart_arpu_monthly: /* {"app": "dbt", "dbt_version": "1.11.15", "profile_name": "dwh", "target_name": "dev", "node_id": "model.dwh.mart_arpu_monthly"} */

  
    
    
    
        


        
  

  insert into `dwh`.`mart_arpu_monthly`
        ("month", "revenue", "active_users", "arpu")

WITH revenue AS (
    SELECT
        toStartOfMonth(payment_date) AS month,
        sum(amount) AS revenue
    FROM `dwh`.`int_payments_success`
    GROUP BY month
),
mau AS (
    SELECT
        toStartOfMonth(ts) AS month,
        uniqExact(user_id) AS active_users
    FROM `dwh`.`stg_user_activity`
    GROUP BY month
)
SELECT
    r.month,
    r.revenue,
    m.active_users,
    round(r.revenue / m.active_users, 2) AS arpu
FROM revenue r
JOIN mau m ON m.month = r.month
ORDER BY r.month
  ...
[0m11:47:56.254034 [debug] [Thread-4 (]: dbt_clickhouse adapter: SQL status: OK in 0.03 seconds
[0m11:47:56.254398 [debug] [Thread-2 (]: dbt_clickhouse adapter: SQL status: OK in 0.01 seconds
[0m11:47:56.256124 [debug] [Thread-4 (]: Sending event: {'category': 'dbt', 'action': 'run_model', 'label': '58555d6b-b875-4645-9b35-8afc2a1fdf36', 'context': [<snowplow_tracker.self_describing_json.SelfDescribingJson object at 0xffff8e3ffb30>]}
[0m11:47:56.257865 [debug] [Thread-2 (]: dbt_clickhouse adapter: On model.dwh.mart_revenue_daily: /* {"app": "dbt", "dbt_version": "1.11.15", "profile_name": "dwh", "target_name": "dev", "node_id": "model.dwh.mart_revenue_daily"} */

    select name, type from system.columns where table = 'mart_revenue_daily'
    
      
        and database = 'dwh'
      
    
    order by position
  ...
[0m11:47:56.258372 [info ] [Thread-4 (]: 8 of 16 OK created sql table model `dwh`.`dim_categories` ...................... [[32mOK[0m in 0.12s]
[0m11:47:56.259015 [debug] [Thread-4 (]: Finished running node model.dwh.dim_categories
[0m11:47:56.259388 [debug] [Thread-4 (]: Began running node model.dwh.mart_revenue_monthly_yoy
[0m11:47:56.259659 [info ] [Thread-4 (]: 13 of 16 START sql table model `dwh`.`mart_revenue_monthly_yoy` ................ [RUN]
[0m11:47:56.260272 [debug] [Thread-2 (]: dbt_clickhouse adapter: SQL status: OK in 0.00 seconds
[0m11:47:56.260510 [debug] [Thread-4 (]: Re-using an available connection from the pool (formerly model.dwh.dim_categories, now model.dwh.mart_revenue_monthly_yoy)
[0m11:47:56.261371 [debug] [Thread-2 (]: Writing runtime sql for node "model.dwh.mart_revenue_daily"
[0m11:47:56.261652 [debug] [Thread-4 (]: Began compiling node model.dwh.mart_revenue_monthly_yoy
[0m11:47:56.265524 [debug] [Thread-4 (]: Writing injected SQL for node "model.dwh.mart_revenue_monthly_yoy"
[0m11:47:56.266475 [debug] [Thread-2 (]: dbt_clickhouse adapter: On model.dwh.mart_revenue_daily: /* {"app": "dbt", "dbt_version": "1.11.15", "profile_name": "dwh", "target_name": "dev", "node_id": "model.dwh.mart_revenue_daily"} */

  
    
    
    
        


        
  

  insert into `dwh`.`mart_revenue_daily`
        ("day", "revenue")

SELECT
    toDate(payment_date) AS day,
    sum(amount) AS revenue
FROM `dwh`.`int_payments_success`
GROUP BY day
ORDER BY day
  ...
[0m11:47:56.266963 [debug] [Thread-4 (]: Began executing node model.dwh.mart_revenue_monthly_yoy
[0m11:47:56.268690 [debug] [Thread-4 (]: Creating new relation mart_revenue_monthly_yoy
[0m11:47:56.269681 [debug] [Thread-4 (]: dbt_clickhouse adapter: On model.dwh.mart_revenue_monthly_yoy: /* {"app": "dbt", "dbt_version": "1.11.15", "profile_name": "dwh", "target_name": "dev", "node_id": "model.dwh.mart_revenue_monthly_yoy"} */

        

    
        create table `dwh`.`mart_revenue_monthly_yoy`
        
  
        
  engine = MergeTree()
        
      order by (tuple())
        
        
        
        
                    -- end_of_sql
                    SETTINGS replicated_deduplication_window='0'

                    
          empty
          as (
            

WITH monthly AS (
    SELECT
        toStartOfMonth(payment_date) AS month,
        sum(amount) AS revenue
    FROM `dwh`.`int_payments_success`
    GROUP BY month
)
SELECT
    m.month,
    m.revenue,
    p.revenue AS revenue_prev_year,
    round((m.revenue - p.revenue) / p.revenue, 4) AS yoy_growth
FROM monthly m
LEFT JOIN monthly p ON p.month = addMonths(m.month, -12)
ORDER BY m.month
          )
        
    ...
[0m11:47:56.292287 [debug] [Thread-4 (]: dbt_clickhouse adapter: SQL status: OK in 0.02 seconds
[0m11:47:56.301294 [debug] [Thread-4 (]: dbt_clickhouse adapter: On model.dwh.mart_revenue_monthly_yoy: /* {"app": "dbt", "dbt_version": "1.11.15", "profile_name": "dwh", "target_name": "dev", "node_id": "model.dwh.mart_revenue_monthly_yoy"} */

    select name, type from system.columns where table = 'mart_revenue_monthly_yoy'
    
      
        and database = 'dwh'
      
    
    order by position
  ...
[0m11:47:56.304942 [debug] [Thread-4 (]: dbt_clickhouse adapter: SQL status: OK in 0.00 seconds
[0m11:47:56.307896 [debug] [Thread-4 (]: Writing runtime sql for node "model.dwh.mart_revenue_monthly_yoy"
[0m11:47:56.309276 [debug] [Thread-4 (]: dbt_clickhouse adapter: On model.dwh.mart_revenue_monthly_yoy: /* {"app": "dbt", "dbt_version": "1.11.15", "profile_name": "dwh", "target_name": "dev", "node_id": "model.dwh.mart_revenue_monthly_yoy"} */

  
    
    
    
        


        
  

  insert into `dwh`.`mart_revenue_monthly_yoy`
        ("month", "revenue", "revenue_prev_year", "yoy_growth")

WITH monthly AS (
    SELECT
        toStartOfMonth(payment_date) AS month,
        sum(amount) AS revenue
    FROM `dwh`.`int_payments_success`
    GROUP BY month
)
SELECT
    m.month,
    m.revenue,
    p.revenue AS revenue_prev_year,
    round((m.revenue - p.revenue) / p.revenue, 4) AS yoy_growth
FROM monthly m
LEFT JOIN monthly p ON p.month = addMonths(m.month, -12)
ORDER BY m.month
  ...
[0m11:47:56.333340 [debug] [Thread-2 (]: dbt_clickhouse adapter: SQL status: OK in 0.07 seconds
[0m11:47:56.335658 [debug] [Thread-2 (]: Sending event: {'category': 'dbt', 'action': 'run_model', 'label': '58555d6b-b875-4645-9b35-8afc2a1fdf36', 'context': [<snowplow_tracker.self_describing_json.SelfDescribingJson object at 0xffff8c308ef0>]}
[0m11:47:56.337654 [info ] [Thread-2 (]: 12 of 16 OK created sql table model `dwh`.`mart_revenue_daily` ................. [[32mOK[0m in 0.10s]
[0m11:47:56.338693 [debug] [Thread-2 (]: Finished running node model.dwh.mart_revenue_daily
[0m11:47:56.339234 [debug] [Thread-2 (]: Began running node model.dwh.dim_vas_types
[0m11:47:56.339946 [info ] [Thread-2 (]: 14 of 16 START sql table model `dwh`.`dim_vas_types` ........................... [RUN]
[0m11:47:56.340952 [debug] [Thread-2 (]: Re-using an available connection from the pool (formerly model.dwh.mart_revenue_daily, now model.dwh.dim_vas_types)
[0m11:47:56.342069 [debug] [Thread-2 (]: Began compiling node model.dwh.dim_vas_types
[0m11:47:56.353081 [debug] [Thread-2 (]: Writing injected SQL for node "model.dwh.dim_vas_types"
[0m11:47:56.357476 [debug] [Thread-2 (]: Began executing node model.dwh.dim_vas_types
[0m11:47:56.363960 [debug] [Thread-2 (]: Creating new relation dim_vas_types
[0m11:47:56.375955 [debug] [Thread-2 (]: dbt_clickhouse adapter: On model.dwh.dim_vas_types: /* {"app": "dbt", "dbt_version": "1.11.15", "profile_name": "dwh", "target_name": "dev", "node_id": "model.dwh.dim_vas_types"} */

        

    
        create table `dwh`.`dim_vas_types`
        
  
        
  engine = MergeTree()
        
      order by (tuple())
        
        
        
        
                    -- end_of_sql
                    SETTINGS replicated_deduplication_window='0'

                    
          empty
          as (
            

SELECT
    vas_type_id,
    name AS vas_type_name,
    description
FROM `dwh`.`stg_vas_types`
          )
        
    ...
[0m11:47:56.401174 [debug] [Thread-2 (]: dbt_clickhouse adapter: SQL status: OK in 0.02 seconds
[0m11:47:56.404116 [debug] [Thread-2 (]: dbt_clickhouse adapter: On model.dwh.dim_vas_types: /* {"app": "dbt", "dbt_version": "1.11.15", "profile_name": "dwh", "target_name": "dev", "node_id": "model.dwh.dim_vas_types"} */

    select name, type from system.columns where table = 'dim_vas_types'
    
      
        and database = 'dwh'
      
    
    order by position
  ...
[0m11:47:56.409032 [debug] [Thread-2 (]: dbt_clickhouse adapter: SQL status: OK in 0.00 seconds
[0m11:47:56.410661 [debug] [Thread-2 (]: Writing runtime sql for node "model.dwh.dim_vas_types"
[0m11:47:56.416119 [debug] [Thread-2 (]: dbt_clickhouse adapter: On model.dwh.dim_vas_types: /* {"app": "dbt", "dbt_version": "1.11.15", "profile_name": "dwh", "target_name": "dev", "node_id": "model.dwh.dim_vas_types"} */

  
    
    
    
        


        
  

  insert into `dwh`.`dim_vas_types`
        ("vas_type_id", "vas_type_name", "description")

SELECT
    vas_type_id,
    name AS vas_type_name,
    description
FROM `dwh`.`stg_vas_types`
  ...
[0m11:47:56.420496 [debug] [Thread-4 (]: dbt_clickhouse adapter: SQL status: OK in 0.11 seconds
[0m11:47:56.423179 [debug] [Thread-4 (]: Sending event: {'category': 'dbt', 'action': 'run_model', 'label': '58555d6b-b875-4645-9b35-8afc2a1fdf36', 'context': [<snowplow_tracker.self_describing_json.SelfDescribingJson object at 0xffff8c3083b0>]}
[0m11:47:56.424898 [info ] [Thread-4 (]: 13 of 16 OK created sql table model `dwh`.`mart_revenue_monthly_yoy` ........... [[32mOK[0m in 0.16s]
[0m11:47:56.425767 [debug] [Thread-4 (]: Finished running node model.dwh.mart_revenue_monthly_yoy
[0m11:47:56.426931 [debug] [Thread-4 (]: Began running node model.dwh.mart_listings_by_category
[0m11:47:56.427537 [info ] [Thread-4 (]: 15 of 16 START sql table model `dwh`.`mart_listings_by_category` ............... [RUN]
[0m11:47:56.428212 [debug] [Thread-4 (]: Re-using an available connection from the pool (formerly model.dwh.mart_revenue_monthly_yoy, now model.dwh.mart_listings_by_category)
[0m11:47:56.428882 [debug] [Thread-4 (]: Began compiling node model.dwh.mart_listings_by_category
[0m11:47:56.431978 [debug] [Thread-4 (]: Writing injected SQL for node "model.dwh.mart_listings_by_category"
[0m11:47:56.438610 [debug] [Thread-4 (]: Began executing node model.dwh.mart_listings_by_category
[0m11:47:56.442987 [debug] [Thread-4 (]: Creating new relation mart_listings_by_category
[0m11:47:56.445075 [debug] [Thread-4 (]: dbt_clickhouse adapter: On model.dwh.mart_listings_by_category: /* {"app": "dbt", "dbt_version": "1.11.15", "profile_name": "dwh", "target_name": "dev", "node_id": "model.dwh.mart_listings_by_category"} */

        

    
        create table `dwh`.`mart_listings_by_category`
        
  
        
  engine = MergeTree()
        
      order by (tuple())
        
        
        
        
                    -- end_of_sql
                    SETTINGS replicated_deduplication_window='0'

                    
          empty
          as (
            

SELECT
    category_id,
    category_name,
    count(*) AS listing_count,
    round(avg(price), 2) AS avg_price
FROM `dwh`.`int_listings_enriched`
GROUP BY category_id, category_name
ORDER BY listing_count DESC
          )
        
    ...
[0m11:47:56.458210 [debug] [Thread-2 (]: dbt_clickhouse adapter: SQL status: OK in 0.04 seconds
[0m11:47:56.460977 [debug] [Thread-2 (]: Sending event: {'category': 'dbt', 'action': 'run_model', 'label': '58555d6b-b875-4645-9b35-8afc2a1fdf36', 'context': [<snowplow_tracker.self_describing_json.SelfDescribingJson object at 0xffff90d77b30>]}
[0m11:47:56.461855 [info ] [Thread-2 (]: 14 of 16 OK created sql table model `dwh`.`dim_vas_types` ...................... [[32mOK[0m in 0.12s]
[0m11:47:56.462444 [debug] [Thread-2 (]: Finished running node model.dwh.dim_vas_types
[0m11:47:56.463681 [debug] [Thread-2 (]: Began running node model.dwh.mart_vas
[0m11:47:56.464284 [info ] [Thread-2 (]: 16 of 16 START sql table model `dwh`.`mart_vas` ................................ [RUN]
[0m11:47:56.465206 [debug] [Thread-2 (]: Re-using an available connection from the pool (formerly model.dwh.dim_vas_types, now model.dwh.mart_vas)
[0m11:47:56.465891 [debug] [Thread-2 (]: Began compiling node model.dwh.mart_vas
[0m11:47:56.469118 [debug] [Thread-2 (]: Writing injected SQL for node "model.dwh.mart_vas"
[0m11:47:56.469439 [debug] [Thread-4 (]: dbt_clickhouse adapter: SQL status: OK in 0.02 seconds
[0m11:47:56.473221 [debug] [Thread-4 (]: dbt_clickhouse adapter: On model.dwh.mart_listings_by_category: /* {"app": "dbt", "dbt_version": "1.11.15", "profile_name": "dwh", "target_name": "dev", "node_id": "model.dwh.mart_listings_by_category"} */

    select name, type from system.columns where table = 'mart_listings_by_category'
    
      
        and database = 'dwh'
      
    
    order by position
  ...
[0m11:47:56.476419 [debug] [Thread-2 (]: Began executing node model.dwh.mart_vas
[0m11:47:56.477265 [debug] [Thread-4 (]: dbt_clickhouse adapter: SQL status: OK in 0.00 seconds
[0m11:47:56.480348 [debug] [Thread-2 (]: Creating new relation mart_vas
[0m11:47:56.484655 [debug] [Thread-4 (]: Writing runtime sql for node "model.dwh.mart_listings_by_category"
[0m11:47:56.487557 [debug] [Thread-2 (]: dbt_clickhouse adapter: On model.dwh.mart_vas: /* {"app": "dbt", "dbt_version": "1.11.15", "profile_name": "dwh", "target_name": "dev", "node_id": "model.dwh.mart_vas"} */

        

    
        create table `dwh`.`mart_vas`
        
  
        
  engine = MergeTree()
        
      order by (tuple())
        
        
        
        
                    -- end_of_sql
                    SETTINGS replicated_deduplication_window='0'

                    
          empty
          as (
            

SELECT
    v.vas_type_id,
    v.vas_type_name,
    count(*) AS purchases,
    sum(p.amount) AS revenue
FROM `dwh`.`int_payments_success` p
JOIN `dwh`.`dim_vas_types` v ON p.vas_type_id = v.vas_type_id
WHERE p.payment_type = 'vas'
GROUP BY v.vas_type_id, v.vas_type_name
ORDER BY revenue DESC
          )
        
    ...
[0m11:47:56.490492 [debug] [Thread-4 (]: dbt_clickhouse adapter: On model.dwh.mart_listings_by_category: /* {"app": "dbt", "dbt_version": "1.11.15", "profile_name": "dwh", "target_name": "dev", "node_id": "model.dwh.mart_listings_by_category"} */

  
    
    
    
        


        
  

  insert into `dwh`.`mart_listings_by_category`
        ("category_id", "category_name", "listing_count", "avg_price")

SELECT
    category_id,
    category_name,
    count(*) AS listing_count,
    round(avg(price), 2) AS avg_price
FROM `dwh`.`int_listings_enriched`
GROUP BY category_id, category_name
ORDER BY listing_count DESC
  ...
[0m11:47:56.515046 [debug] [Thread-2 (]: dbt_clickhouse adapter: SQL status: OK in 0.03 seconds
[0m11:47:56.521550 [debug] [Thread-2 (]: dbt_clickhouse adapter: On model.dwh.mart_vas: /* {"app": "dbt", "dbt_version": "1.11.15", "profile_name": "dwh", "target_name": "dev", "node_id": "model.dwh.mart_vas"} */

    select name, type from system.columns where table = 'mart_vas'
    
      
        and database = 'dwh'
      
    
    order by position
  ...
[0m11:47:56.527720 [debug] [Thread-2 (]: dbt_clickhouse adapter: SQL status: OK in 0.00 seconds
[0m11:47:56.530380 [debug] [Thread-2 (]: Writing runtime sql for node "model.dwh.mart_vas"
[0m11:47:56.535508 [debug] [Thread-2 (]: dbt_clickhouse adapter: On model.dwh.mart_vas: /* {"app": "dbt", "dbt_version": "1.11.15", "profile_name": "dwh", "target_name": "dev", "node_id": "model.dwh.mart_vas"} */

  
    
    
    
        


        
  

  insert into `dwh`.`mart_vas`
        ("v.vas_type_id", "vas_type_name", "purchases", "revenue")

SELECT
    v.vas_type_id,
    v.vas_type_name,
    count(*) AS purchases,
    sum(p.amount) AS revenue
FROM `dwh`.`int_payments_success` p
JOIN `dwh`.`dim_vas_types` v ON p.vas_type_id = v.vas_type_id
WHERE p.payment_type = 'vas'
GROUP BY v.vas_type_id, v.vas_type_name
ORDER BY revenue DESC
  ...
[0m11:47:56.636548 [debug] [Thread-4 (]: dbt_clickhouse adapter: SQL status: OK in 0.15 seconds
[0m11:47:56.643557 [debug] [Thread-4 (]: Sending event: {'category': 'dbt', 'action': 'run_model', 'label': '58555d6b-b875-4645-9b35-8afc2a1fdf36', 'context': [<snowplow_tracker.self_describing_json.SelfDescribingJson object at 0xffff8c309a30>]}
[0m11:47:56.647322 [info ] [Thread-4 (]: 15 of 16 OK created sql table model `dwh`.`mart_listings_by_category` .......... [[32mOK[0m in 0.22s]
[0m11:47:56.651030 [debug] [Thread-4 (]: Finished running node model.dwh.mart_listings_by_category
[0m11:47:56.656706 [debug] [Thread-2 (]: dbt_clickhouse adapter: SQL status: OK in 0.12 seconds
[0m11:47:56.658983 [debug] [Thread-2 (]: Sending event: {'category': 'dbt', 'action': 'run_model', 'label': '58555d6b-b875-4645-9b35-8afc2a1fdf36', 'context': [<snowplow_tracker.self_describing_json.SelfDescribingJson object at 0xffff8e3ffd70>]}
[0m11:47:56.659566 [info ] [Thread-2 (]: 16 of 16 OK created sql table model `dwh`.`mart_vas` ........................... [[32mOK[0m in 0.19s]
[0m11:47:56.660873 [debug] [Thread-2 (]: Finished running node model.dwh.mart_vas
[0m11:47:57.083464 [debug] [Thread-1 (]: dbt_clickhouse adapter: SQL status: OK in 0.83 seconds
[0m11:47:57.085544 [debug] [Thread-1 (]: Sending event: {'category': 'dbt', 'action': 'run_model', 'label': '58555d6b-b875-4645-9b35-8afc2a1fdf36', 'context': [<snowplow_tracker.self_describing_json.SelfDescribingJson object at 0xffff8c30a510>]}
[0m11:47:57.086416 [info ] [Thread-1 (]: 11 of 16 OK created sql table model `dwh`.`mart_arpu_monthly` .................. [[32mOK[0m in 0.87s]
[0m11:47:57.087054 [debug] [Thread-1 (]: Finished running node model.dwh.mart_arpu_monthly
[0m11:47:57.123572 [debug] [Thread-3 (]: dbt_clickhouse adapter: SQL status: OK in 0.88 seconds
[0m11:47:57.124953 [debug] [Thread-3 (]: Sending event: {'category': 'dbt', 'action': 'run_model', 'label': '58555d6b-b875-4645-9b35-8afc2a1fdf36', 'context': [<snowplow_tracker.self_describing_json.SelfDescribingJson object at 0xffff8c30b470>]}
[0m11:47:57.125367 [info ] [Thread-3 (]: 10 of 16 OK created sql table model `dwh`.`mart_dau` ........................... [[32mOK[0m in 0.91s]
[0m11:47:57.125691 [debug] [Thread-3 (]: Finished running node model.dwh.mart_dau
[0m11:47:57.127096 [debug] [MainThread]: Connection 'master' was properly closed.
[0m11:47:57.127334 [debug] [MainThread]: Connection 'model.dwh.mart_arpu_monthly' was left open.
[0m11:47:57.127530 [debug] [MainThread]: On model.dwh.mart_arpu_monthly: Close
[0m11:47:57.127760 [debug] [MainThread]: Connection 'model.dwh.mart_dau' was left open.
[0m11:47:57.127952 [debug] [MainThread]: On model.dwh.mart_dau: Close
[0m11:47:57.128099 [debug] [MainThread]: Connection 'model.dwh.mart_listings_by_category' was left open.
[0m11:47:57.128250 [debug] [MainThread]: On model.dwh.mart_listings_by_category: Close
[0m11:47:57.128375 [debug] [MainThread]: Connection 'model.dwh.mart_vas' was left open.
[0m11:47:57.128543 [debug] [MainThread]: On model.dwh.mart_vas: Close
[0m11:47:57.128873 [info ] [MainThread]: 
[0m11:47:57.129042 [info ] [MainThread]: Finished running 8 table models, 8 view models in 0 hours 0 minutes and 1.45 seconds (1.45s).
[0m11:47:57.131229 [debug] [MainThread]: Command end result
[0m11:47:57.153287 [debug] [MainThread]: Wrote artifact WritableManifest to /opt/airflow/dbt/target/manifest.json
[0m11:47:57.154958 [debug] [MainThread]: Wrote artifact SemanticManifest to /opt/airflow/dbt/target/semantic_manifest.json
[0m11:47:57.159057 [debug] [MainThread]: Wrote artifact RunExecutionResult to /opt/airflow/dbt/target/run_results.json
[0m11:47:57.159282 [info ] [MainThread]: 
[0m11:47:57.159459 [info ] [MainThread]: [32mCompleted successfully[0m
[0m11:47:57.159761 [info ] [MainThread]: 
[0m11:47:57.160074 [info ] [MainThread]: Done. PASS=16 WARN=0 ERROR=0 SKIP=0 NO-OP=0 TOTAL=16
[0m11:47:57.161010 [debug] [MainThread]: Resource report: {"command_name": "run", "command_success": true, "command_wall_clock_time": 1.9459172, "process_in_blocks": "53688", "process_kernel_time": 0.237248, "process_mem_max_rss": "153388", "process_out_blocks": "2816", "process_user_time": 1.468539}
[0m11:47:57.161390 [debug] [MainThread]: Command `dbt run` succeeded at 11:47:57.161319 after 1.95 seconds
[0m11:47:57.161621 [debug] [MainThread]: Sending event: {'category': 'dbt', 'action': 'invocation', 'label': 'end', 'context': [<snowplow_tracker.self_describing_json.SelfDescribingJson object at 0xffff92e97470>, <snowplow_tracker.self_describing_json.SelfDescribingJson object at 0xffff8c1e4230>, <snowplow_tracker.self_describing_json.SelfDescribingJson object at 0xffff8c1e4470>]}
[0m11:47:57.161804 [debug] [MainThread]: Flushing usage events
[0m11:47:58.129850 [debug] [MainThread]: An error was encountered while trying to flush usage events
[0m11:59:56.051671 [debug] [MainThread]: Sending event: {'category': 'dbt', 'action': 'invocation', 'label': 'start', 'context': [<snowplow_tracker.self_describing_json.SelfDescribingJson object at 0xffff8b5b3770>, <snowplow_tracker.self_describing_json.SelfDescribingJson object at 0xffff8e9aafd0>, <snowplow_tracker.self_describing_json.SelfDescribingJson object at 0xffff8a3e3d90>]}


============================== 11:59:56.054945 | 5fde5a09-def0-49e7-a08e-6cea30cdca3b ==============================
[0m11:59:56.054945 [info ] [MainThread]: Running with dbt=1.11.15
[0m11:59:56.055309 [debug] [MainThread]: running dbt with arguments {'send_anonymous_usage_stats': 'True', 'log_cache_events': 'False', 'write_json': 'True', 'use_experimental_parser': 'False', 'introspect': 'True', 'use_colors': 'True', 'partial_parse': 'True', 'log_format': 'default', 'debug': 'False', 'static_parser': 'True', 'warn_error': 'None', 'no_print': 'None', 'quiet': 'False', 'warn_error_options': 'WarnErrorOptionsV2(error=[], warn=[], silence=[])', 'profiles_dir': '/opt/airflow/dbt/profiles', 'indirect_selection': 'eager', 'cache_selected_only': 'False', 'fail_fast': 'False', 'empty': 'False', 'target_path': 'None', 'printer_width': '80', 'invocation_command': 'dbt run', 'version_check': 'True', 'log_path': '/opt/airflow/dbt/logs'}
[0m11:59:56.237883 [debug] [MainThread]: Sending event: {'category': 'dbt', 'action': 'project_id', 'label': '5fde5a09-def0-49e7-a08e-6cea30cdca3b', 'context': [<snowplow_tracker.self_describing_json.SelfDescribingJson object at 0xffff8b088b00>]}
[0m11:59:56.267203 [debug] [MainThread]: Sending event: {'category': 'dbt', 'action': 'adapter_info', 'label': '5fde5a09-def0-49e7-a08e-6cea30cdca3b', 'context': [<snowplow_tracker.self_describing_json.SelfDescribingJson object at 0xffff8a42f460>]}
[0m11:59:56.267980 [info ] [MainThread]: Registered adapter: clickhouse=1.10.2
[0m11:59:56.302053 [debug] [MainThread]: checksum: 810725a07b286a161cb6a02f5214572f3ba8aa5d584b5e37ea30d4a281c3d3a5, vars: {}, profile: , target: , version: 1.11.15
[0m11:59:56.370647 [debug] [MainThread]: Partial parsing enabled: 0 files deleted, 0 files added, 0 files changed.
[0m11:59:56.370955 [debug] [MainThread]: Nothing changed, skipping partial parsing.
[0m11:59:56.371104 [debug] [MainThread]: Partial parsing enabled, no changes found, skipping parsing
[0m11:59:56.386435 [debug] [MainThread]: Sending event: {'category': 'dbt', 'action': 'load_project', 'label': '5fde5a09-def0-49e7-a08e-6cea30cdca3b', 'context': [<snowplow_tracker.self_describing_json.SelfDescribingJson object at 0xffff89ff4450>]}
[0m11:59:56.478418 [debug] [MainThread]: Wrote artifact WritableManifest to /opt/airflow/dbt/target/manifest.json
[0m11:59:56.480172 [debug] [MainThread]: Wrote artifact SemanticManifest to /opt/airflow/dbt/target/semantic_manifest.json
[0m11:59:56.489091 [debug] [MainThread]: Sending event: {'category': 'dbt', 'action': 'resource_counts', 'label': '5fde5a09-def0-49e7-a08e-6cea30cdca3b', 'context': [<snowplow_tracker.self_describing_json.SelfDescribingJson object at 0xffff8a626b70>]}
[0m11:59:56.489549 [info ] [MainThread]: Found 16 models, 536 macros
[0m11:59:56.489875 [debug] [MainThread]: Sending event: {'category': 'dbt', 'action': 'runnable_timing', 'label': '5fde5a09-def0-49e7-a08e-6cea30cdca3b', 'context': [<snowplow_tracker.self_describing_json.SelfDescribingJson object at 0xffff89e3a890>]}
[0m11:59:56.491138 [info ] [MainThread]: 
[0m11:59:56.491485 [info ] [MainThread]: Concurrency: 4 threads (target='dev')
[0m11:59:56.491809 [info ] [MainThread]: 
[0m11:59:56.492073 [debug] [MainThread]: Acquiring new clickhouse connection 'master'
[0m11:59:56.496152 [debug] [ThreadPool]: Acquiring new clickhouse connection 'list_'
[0m11:59:56.502710 [debug] [ThreadPool]: Opening a new connection, currently in state init
[0m11:59:56.802426 [debug] [ThreadPool]: dbt_clickhouse adapter: On list_: /* {"app": "dbt", "dbt_version": "1.11.15", "profile_name": "dwh", "target_name": "dev", "connection_name": "list_"} */

    select name from system.databases
  ...
[0m11:59:56.804370 [debug] [ThreadPool]: dbt_clickhouse adapter: SQL status: OK in 0.00 seconds
[0m11:59:56.833372 [debug] [ThreadPool]: Re-using an available connection from the pool (formerly list_, now list__dwh)
[0m11:59:56.837135 [debug] [ThreadPool]: dbt_clickhouse adapter: On list__dwh: /* {"app": "dbt", "dbt_version": "1.11.15", "profile_name": "dwh", "target_name": "dev", "connection_name": "list__dwh"} */
with mv_sources as (
      -- Find all MVs and their target tables (database and name of the MV, plus the SELECT SQL)
      select
        name as mv_name,
        database as mv_database,
        any(as_select) as mv_sql,
        any(replaceRegexpOne(create_table_query, '.*TO\\s+`?([^`\\s(]+)`?\\.`?([^`\\s(]+)`?.*', '\\1.\\2')) as target_fqn
      
      from system.tables
      
      where engine = 'MaterializedView'
        and create_table_query like '%TO %'
      group by mv_name, mv_database
    )
    select
      t.name as name,
      t.database as schema,
      multiIf(
        t.engine = 'MaterializedView', 'materialized_view',
        t.engine = 'View', 'view',
        t.engine = 'Dictionary', 'dictionary',
        'table'
      ) as type,
      db.engine as db_engine,
      groupArrayIf(
        map('schema', mv_sources.mv_database, 'name', mv_sources.mv_name, 'sql', mv_sources.mv_sql),
        mv_sources.mv_name != ''
      ) as mvs_pointing_to_it,
      -- The refresh clause of a refreshable MV sits between the view name and the TO clause,
      -- e.g. CREATE MATERIALIZED VIEW db.mv REFRESH EVERY 2 MINUTE [APPEND] TO db.target ...
      max(position(substring(t.create_table_query, 1, position(t.create_table_query, ' TO ')), ' REFRESH ')) > 0 as is_refreshable,
      max(position(substring(t.create_table_query, 1, position(t.create_table_query, ' TO ')), ' APPEND')) > 0 as refreshable_append,0 as is_on_cluster
        from system.tables as t
      
        join system.databases as db on t.database = db.name
        left join mv_sources on mv_sources.target_fqn = concat(t.database, '.', t.name)
      where schema = 'dwh'
      group by name, schema, type, db_engine

  ...
[0m11:59:57.012543 [debug] [ThreadPool]: dbt_clickhouse adapter: SQL status: OK in 0.17 seconds
[0m11:59:57.013614 [debug] [MainThread]: Sending event: {'category': 'dbt', 'action': 'runnable_timing', 'label': '5fde5a09-def0-49e7-a08e-6cea30cdca3b', 'context': [<snowplow_tracker.self_describing_json.SelfDescribingJson object at 0xffff88495980>]}
[0m11:59:57.016041 [debug] [Thread-3 (]: Began running node model.dwh.stg_payments
[0m11:59:57.016287 [debug] [Thread-2 (]: Began running node model.dwh.stg_listings
[0m11:59:57.016495 [debug] [Thread-4 (]: Began running node model.dwh.stg_user_activity
[0m11:59:57.016694 [debug] [Thread-1 (]: Began running node model.dwh.stg_categories
[0m11:59:57.016979 [info ] [Thread-3 (]: 3 of 16 START sql view model `dwh`.`stg_payments` .............................. [RUN]
[0m11:59:57.017319 [info ] [Thread-2 (]: 2 of 16 START sql view model `dwh`.`stg_listings` .............................. [RUN]
[0m11:59:57.017725 [info ] [Thread-4 (]: 4 of 16 START sql view model `dwh`.`stg_user_activity` ......................... [RUN]
[0m11:59:57.018034 [info ] [Thread-1 (]: 1 of 16 START sql view model `dwh`.`stg_categories` ............................ [RUN]
[0m11:59:57.018431 [debug] [Thread-3 (]: Acquiring new clickhouse connection 'model.dwh.stg_payments'
[0m11:59:57.018739 [debug] [Thread-2 (]: Acquiring new clickhouse connection 'model.dwh.stg_listings'
[0m11:59:57.019016 [debug] [Thread-4 (]: Acquiring new clickhouse connection 'model.dwh.stg_user_activity'
[0m11:59:57.019229 [debug] [Thread-1 (]: Re-using an available connection from the pool (formerly list__dwh, now model.dwh.stg_categories)
[0m11:59:57.019453 [debug] [Thread-3 (]: Began compiling node model.dwh.stg_payments
[0m11:59:57.019649 [debug] [Thread-2 (]: Began compiling node model.dwh.stg_listings
[0m11:59:57.019855 [debug] [Thread-4 (]: Began compiling node model.dwh.stg_user_activity
[0m11:59:57.020063 [debug] [Thread-1 (]: Began compiling node model.dwh.stg_categories
[0m11:59:57.024592 [debug] [Thread-3 (]: Writing injected SQL for node "model.dwh.stg_payments"
[0m11:59:57.026604 [debug] [Thread-2 (]: Writing injected SQL for node "model.dwh.stg_listings"
[0m11:59:57.028687 [debug] [Thread-4 (]: Writing injected SQL for node "model.dwh.stg_user_activity"
[0m11:59:57.030174 [debug] [Thread-1 (]: Writing injected SQL for node "model.dwh.stg_categories"
[0m11:59:57.031977 [debug] [Thread-4 (]: Began executing node model.dwh.stg_user_activity
[0m11:59:57.032173 [debug] [Thread-3 (]: Began executing node model.dwh.stg_payments
[0m11:59:57.032344 [debug] [Thread-1 (]: Began executing node model.dwh.stg_categories
[0m11:59:57.032530 [debug] [Thread-2 (]: Began executing node model.dwh.stg_listings
[0m11:59:57.040472 [debug] [Thread-4 (]: Creating new relation stg_user_activity
[0m11:59:57.041643 [debug] [Thread-3 (]: Creating new relation stg_payments
[0m11:59:57.042590 [debug] [Thread-1 (]: Creating new relation stg_categories
[0m11:59:57.043847 [debug] [Thread-2 (]: Creating new relation stg_listings
[0m11:59:57.050336 [debug] [Thread-4 (]: Opening a new connection, currently in state init
[0m11:59:57.051002 [debug] [Thread-3 (]: Opening a new connection, currently in state init
[0m11:59:57.051533 [debug] [Thread-1 (]: Writing runtime sql for node "model.dwh.stg_categories"
[0m11:59:57.052025 [debug] [Thread-2 (]: Opening a new connection, currently in state init
[0m11:59:57.059155 [debug] [Thread-1 (]: dbt_clickhouse adapter: On model.dwh.stg_categories: /* {"app": "dbt", "dbt_version": "1.11.15", "profile_name": "dwh", "target_name": "dev", "node_id": "model.dwh.stg_categories"} */


  create or replace view `dwh`.`stg_categories` 
  
    
  
  
    
    
  as (
    

SELECT
    category_id,
    name,
    parent_id
FROM s3(
    'http://minio:9000/raw/mysql/categories/*.parquet',
    'Parquet',
    'category_id Int32, name String, parent_id Nullable(Int32)'
)
    
  )
      
      
                    -- end_of_sql
                    
                    ...
[0m11:59:57.059533 [debug] [Thread-3 (]: Writing runtime sql for node "model.dwh.stg_payments"
[0m11:59:57.060380 [debug] [Thread-2 (]: Writing runtime sql for node "model.dwh.stg_listings"
[0m11:59:57.061333 [debug] [Thread-4 (]: Writing runtime sql for node "model.dwh.stg_user_activity"
[0m11:59:57.061898 [debug] [Thread-3 (]: dbt_clickhouse adapter: On model.dwh.stg_payments: /* {"app": "dbt", "dbt_version": "1.11.15", "profile_name": "dwh", "target_name": "dev", "node_id": "model.dwh.stg_payments"} */


  create or replace view `dwh`.`stg_payments` 
  
    
  
  
    
    
  as (
    

SELECT
    payment_id,
    user_id,
    listing_id,
    vas_type_id,
    amount,
    payment_type,
    status,
    payment_date
FROM s3(
    'http://minio:9000/raw/postgres/payments/*.parquet',
    'Parquet',
    'payment_id Int64, user_id Int64, listing_id Nullable(Int64), vas_type_id Nullable(Int32), amount Float64, payment_type String, status String, payment_date DateTime64(3)'
)
    
  )
      
      
                    -- end_of_sql
                    
                    ...
[0m11:59:57.062471 [debug] [Thread-2 (]: dbt_clickhouse adapter: On model.dwh.stg_listings: /* {"app": "dbt", "dbt_version": "1.11.15", "profile_name": "dwh", "target_name": "dev", "node_id": "model.dwh.stg_listings"} */


  create or replace view `dwh`.`stg_listings` 
  
    
  
  
    
    
  as (
    

SELECT
    listing_id,
    user_id,
    category_id,
    title,
    description,
    price,
    status,
    platform,
    created_at,
    activated_at,
    sold_at,
    deactivated_at,
    updated_at
FROM s3(
    'http://minio:9000/raw/postgres/listings/*.parquet',
    'Parquet',
    'listing_id Int64, user_id Int64, category_id Int32, title String, description Nullable(String), price Float64, status String, platform String, created_at DateTime64(3), activated_at Nullable(DateTime64(3)), sold_at Nullable(DateTime64(3)), deactivated_at Nullable(DateTime64(3)), updated_at DateTime64(3)'
)
    
  )
      
      
                    -- end_of_sql
                    
                    ...
[0m11:59:57.062729 [debug] [Thread-4 (]: dbt_clickhouse adapter: On model.dwh.stg_user_activity: /* {"app": "dbt", "dbt_version": "1.11.15", "profile_name": "dwh", "target_name": "dev", "node_id": "model.dwh.stg_user_activity"} */


  create or replace view `dwh`.`stg_user_activity` 
  
    
  
  
    
    
  as (
    

SELECT
    event_id,
    user_id,
    event_type,
    platform,
    listing_id,
    session_id,
    ts
FROM s3(
    'http://minio:9000/raw/kafka/user_activity/*.parquet',
    'Parquet',
    'event_id String, user_id Int64, event_type String, platform String, listing_id Nullable(Int64), session_id String, ts DateTime64(3)'
)
    
  )
      
      
                    -- end_of_sql
                    
                    ...
[0m11:59:57.103675 [debug] [Thread-2 (]: dbt_clickhouse adapter: SQL status: OK in 0.04 seconds
[0m11:59:57.104181 [debug] [Thread-3 (]: dbt_clickhouse adapter: SQL status: OK in 0.04 seconds
[0m11:59:57.109666 [debug] [Thread-1 (]: dbt_clickhouse adapter: SQL status: OK in 0.05 seconds
[0m11:59:57.118569 [debug] [Thread-2 (]: Sending event: {'category': 'dbt', 'action': 'run_model', 'label': '5fde5a09-def0-49e7-a08e-6cea30cdca3b', 'context': [<snowplow_tracker.self_describing_json.SelfDescribingJson object at 0xffff88248d10>]}
[0m11:59:57.119690 [debug] [Thread-3 (]: Sending event: {'category': 'dbt', 'action': 'run_model', 'label': '5fde5a09-def0-49e7-a08e-6cea30cdca3b', 'context': [<snowplow_tracker.self_describing_json.SelfDescribingJson object at 0xffff884b14f0>]}
[0m11:59:57.119918 [debug] [Thread-4 (]: dbt_clickhouse adapter: SQL status: OK in 0.06 seconds
[0m11:59:57.120936 [debug] [Thread-1 (]: Sending event: {'category': 'dbt', 'action': 'run_model', 'label': '5fde5a09-def0-49e7-a08e-6cea30cdca3b', 'context': [<snowplow_tracker.self_describing_json.SelfDescribingJson object at 0xffff884b1650>]}
[0m11:59:57.121339 [info ] [Thread-2 (]: 2 of 16 OK created sql view model `dwh`.`stg_listings` ......................... [[32mOK[0m in 0.10s]
[0m11:59:57.121784 [info ] [Thread-3 (]: 3 of 16 OK created sql view model `dwh`.`stg_payments` ......................... [[32mOK[0m in 0.10s]
[0m11:59:57.123115 [debug] [Thread-4 (]: Sending event: {'category': 'dbt', 'action': 'run_model', 'label': '5fde5a09-def0-49e7-a08e-6cea30cdca3b', 'context': [<snowplow_tracker.self_describing_json.SelfDescribingJson object at 0xffff882cb770>]}
[0m11:59:57.123532 [info ] [Thread-1 (]: 1 of 16 OK created sql view model `dwh`.`stg_categories` ....................... [[32mOK[0m in 0.10s]
[0m11:59:57.123818 [debug] [Thread-2 (]: Finished running node model.dwh.stg_listings
[0m11:59:57.124098 [debug] [Thread-3 (]: Finished running node model.dwh.stg_payments
[0m11:59:57.124490 [info ] [Thread-4 (]: 4 of 16 OK created sql view model `dwh`.`stg_user_activity` .................... [[32mOK[0m in 0.10s]
[0m11:59:57.124871 [debug] [Thread-1 (]: Finished running node model.dwh.stg_categories
[0m11:59:57.125205 [debug] [Thread-2 (]: Began running node model.dwh.stg_users
[0m11:59:57.125571 [debug] [Thread-3 (]: Began running node model.dwh.stg_vas_types
[0m11:59:57.125897 [debug] [Thread-4 (]: Finished running node model.dwh.stg_user_activity
[0m11:59:57.126216 [debug] [Thread-1 (]: Began running node model.dwh.int_payments_success
[0m11:59:57.126569 [info ] [Thread-2 (]: 5 of 16 START sql view model `dwh`.`stg_users` ................................. [RUN]
[0m11:59:57.126884 [info ] [Thread-3 (]: 6 of 16 START sql view model `dwh`.`stg_vas_types` ............................. [RUN]
[0m11:59:57.127754 [debug] [Thread-4 (]: Began running node model.dwh.dim_categories
[0m11:59:57.128095 [info ] [Thread-1 (]: 7 of 16 START sql view model `dwh`.`int_payments_success` ...................... [RUN]
[0m11:59:57.128506 [debug] [Thread-2 (]: Re-using an available connection from the pool (formerly model.dwh.stg_listings, now model.dwh.stg_users)
[0m11:59:57.128733 [debug] [Thread-3 (]: Re-using an available connection from the pool (formerly model.dwh.stg_payments, now model.dwh.stg_vas_types)
[0m11:59:57.129010 [info ] [Thread-4 (]: 8 of 16 START sql table model `dwh`.`dim_categories` ........................... [RUN]
[0m11:59:57.129223 [debug] [Thread-1 (]: Re-using an available connection from the pool (formerly model.dwh.stg_categories, now model.dwh.int_payments_success)
[0m11:59:57.129440 [debug] [Thread-2 (]: Began compiling node model.dwh.stg_users
[0m11:59:57.129647 [debug] [Thread-3 (]: Began compiling node model.dwh.stg_vas_types
[0m11:59:57.129879 [debug] [Thread-4 (]: Re-using an available connection from the pool (formerly model.dwh.stg_user_activity, now model.dwh.dim_categories)
[0m11:59:57.130104 [debug] [Thread-1 (]: Began compiling node model.dwh.int_payments_success
[0m11:59:57.132083 [debug] [Thread-2 (]: Writing injected SQL for node "model.dwh.stg_users"
[0m11:59:57.134150 [debug] [Thread-3 (]: Writing injected SQL for node "model.dwh.stg_vas_types"
[0m11:59:57.134374 [debug] [Thread-4 (]: Began compiling node model.dwh.dim_categories
[0m11:59:57.135752 [debug] [Thread-1 (]: Writing injected SQL for node "model.dwh.int_payments_success"
[0m11:59:57.137401 [debug] [Thread-4 (]: Writing injected SQL for node "model.dwh.dim_categories"
[0m11:59:57.137924 [debug] [Thread-2 (]: Began executing node model.dwh.stg_users
[0m11:59:57.139347 [debug] [Thread-2 (]: Creating new relation stg_users
[0m11:59:57.139542 [debug] [Thread-3 (]: Began executing node model.dwh.stg_vas_types
[0m11:59:57.139955 [debug] [Thread-2 (]: Writing runtime sql for node "model.dwh.stg_users"
[0m11:59:57.140912 [debug] [Thread-3 (]: Creating new relation stg_vas_types
[0m11:59:57.141286 [debug] [Thread-4 (]: Began executing node model.dwh.dim_categories
[0m11:59:57.141446 [debug] [Thread-1 (]: Began executing node model.dwh.int_payments_success
[0m11:59:57.141882 [debug] [Thread-3 (]: Writing runtime sql for node "model.dwh.stg_vas_types"
[0m11:59:57.147468 [debug] [Thread-2 (]: dbt_clickhouse adapter: On model.dwh.stg_users: /* {"app": "dbt", "dbt_version": "1.11.15", "profile_name": "dwh", "target_name": "dev", "node_id": "model.dwh.stg_users"} */


  create or replace view `dwh`.`stg_users` 
  
    
  
  
    
    
  as (
    

SELECT
    user_id,
    email,
    phone,
    status,
    registered_at,
    created_at,
    updated_at
FROM s3(
    'http://minio:9000/raw/postgres/users/*.parquet',
    'Parquet',
    'user_id Int64, email String, phone Nullable(String), status String, registered_at DateTime64(3), created_at DateTime64(3), updated_at DateTime64(3)'
)
    
  )
      
      
                    -- end_of_sql
                    
                    ...
[0m11:59:57.148981 [debug] [Thread-1 (]: Creating new relation int_payments_success
[0m11:59:57.160743 [debug] [Thread-4 (]: Creating new relation dim_categories
[0m11:59:57.161733 [debug] [Thread-1 (]: Writing runtime sql for node "model.dwh.int_payments_success"
[0m11:59:57.174657 [debug] [Thread-4 (]: dbt_clickhouse adapter: On model.dwh.dim_categories: /* {"app": "dbt", "dbt_version": "1.11.15", "profile_name": "dwh", "target_name": "dev", "node_id": "model.dwh.dim_categories"} */

        

    
        create table `dwh`.`dim_categories`
        
  
        
  engine = MergeTree()
        
      order by (tuple())
        
        
        
        
                    -- end_of_sql
                    SETTINGS replicated_deduplication_window='0'

                    
          empty
          as (
            

SELECT
    category_id,
    name AS category_name,
    parent_id
FROM `dwh`.`stg_categories`
          )
        
    ...
[0m11:59:57.174895 [debug] [Thread-2 (]: dbt_clickhouse adapter: SQL status: OK in 0.01 seconds
[0m11:59:57.175298 [debug] [Thread-3 (]: dbt_clickhouse adapter: On model.dwh.stg_vas_types: /* {"app": "dbt", "dbt_version": "1.11.15", "profile_name": "dwh", "target_name": "dev", "node_id": "model.dwh.stg_vas_types"} */


  create or replace view `dwh`.`stg_vas_types` 
  
    
  
  
    
    
  as (
    

SELECT
    vas_type_id,
    name,
    description
FROM s3(
    'http://minio:9000/raw/mysql/vas_types/*.parquet',
    'Parquet',
    'vas_type_id Int32, name String, description Nullable(String)'
)
    
  )
      
      
                    -- end_of_sql
                    
                    ...
[0m11:59:57.177015 [debug] [Thread-2 (]: Sending event: {'category': 'dbt', 'action': 'run_model', 'label': '5fde5a09-def0-49e7-a08e-6cea30cdca3b', 'context': [<snowplow_tracker.self_describing_json.SelfDescribingJson object at 0xffff88172dd0>]}
[0m11:59:57.177830 [info ] [Thread-2 (]: 5 of 16 OK created sql view model `dwh`.`stg_users` ............................ [[32mOK[0m in 0.05s]
[0m11:59:57.178462 [debug] [Thread-1 (]: dbt_clickhouse adapter: On model.dwh.int_payments_success: /* {"app": "dbt", "dbt_version": "1.11.15", "profile_name": "dwh", "target_name": "dev", "node_id": "model.dwh.int_payments_success"} */


  create or replace view `dwh`.`int_payments_success` 
  
    
  
  
    
    
  as (
    

SELECT *
FROM `dwh`.`stg_payments`
WHERE status = 'success'
    
  )
      
      
                    -- end_of_sql
                    
                    ...
[0m11:59:57.178866 [debug] [Thread-2 (]: Finished running node model.dwh.stg_users
[0m11:59:57.179449 [debug] [Thread-2 (]: Began running node model.dwh.int_listings_enriched
[0m11:59:57.179960 [info ] [Thread-2 (]: 9 of 16 START sql view model `dwh`.`int_listings_enriched` ..................... [RUN]
[0m11:59:57.180620 [debug] [Thread-2 (]: Re-using an available connection from the pool (formerly model.dwh.stg_users, now model.dwh.int_listings_enriched)
[0m11:59:57.180903 [debug] [Thread-4 (]: dbt_clickhouse adapter: SQL status: OK in 0.01 seconds
[0m11:59:57.181104 [debug] [Thread-2 (]: Began compiling node model.dwh.int_listings_enriched
[0m11:59:57.190352 [debug] [Thread-4 (]: dbt_clickhouse adapter: On model.dwh.dim_categories: /* {"app": "dbt", "dbt_version": "1.11.15", "profile_name": "dwh", "target_name": "dev", "node_id": "model.dwh.dim_categories"} */

    select name, type from system.columns where table = 'dim_categories'
    
      
        and database = 'dwh'
      
    
    order by position
  ...
[0m11:59:57.190609 [debug] [Thread-1 (]: dbt_clickhouse adapter: SQL status: OK in 0.01 seconds
[0m11:59:57.190820 [debug] [Thread-3 (]: dbt_clickhouse adapter: SQL status: OK in 0.01 seconds
[0m11:59:57.192462 [debug] [Thread-2 (]: Writing injected SQL for node "model.dwh.int_listings_enriched"
[0m11:59:57.193549 [debug] [Thread-1 (]: Sending event: {'category': 'dbt', 'action': 'run_model', 'label': '5fde5a09-def0-49e7-a08e-6cea30cdca3b', 'context': [<snowplow_tracker.self_describing_json.SelfDescribingJson object at 0xffff8809f050>]}
[0m11:59:57.194430 [debug] [Thread-3 (]: Sending event: {'category': 'dbt', 'action': 'run_model', 'label': '5fde5a09-def0-49e7-a08e-6cea30cdca3b', 'context': [<snowplow_tracker.self_describing_json.SelfDescribingJson object at 0xffff8809d490>]}
[0m11:59:57.195448 [info ] [Thread-1 (]: 7 of 16 OK created sql view model `dwh`.`int_payments_success` ................. [[32mOK[0m in 0.06s]
[0m11:59:57.195804 [info ] [Thread-3 (]: 6 of 16 OK created sql view model `dwh`.`stg_vas_types` ........................ [[32mOK[0m in 0.07s]
[0m11:59:57.196262 [debug] [Thread-1 (]: Finished running node model.dwh.int_payments_success
[0m11:59:57.196547 [debug] [Thread-3 (]: Finished running node model.dwh.stg_vas_types
[0m11:59:57.196734 [debug] [Thread-2 (]: Began executing node model.dwh.int_listings_enriched
[0m11:59:57.196924 [debug] [Thread-1 (]: Began running node model.dwh.mart_dau
[0m11:59:57.198594 [debug] [Thread-2 (]: Creating new relation int_listings_enriched
[0m11:59:57.199073 [debug] [Thread-4 (]: dbt_clickhouse adapter: SQL status: OK in 0.01 seconds
[0m11:59:57.199283 [debug] [Thread-3 (]: Began running node model.dwh.dim_vas_types
[0m11:59:57.199525 [info ] [Thread-1 (]: 10 of 16 START sql table model `dwh`.`mart_dau` ................................ [RUN]
[0m11:59:57.200011 [debug] [Thread-2 (]: Writing runtime sql for node "model.dwh.int_listings_enriched"
[0m11:59:57.201807 [debug] [Thread-4 (]: Writing runtime sql for node "model.dwh.dim_categories"
[0m11:59:57.202103 [info ] [Thread-3 (]: 11 of 16 START sql table model `dwh`.`dim_vas_types` ........................... [RUN]
[0m11:59:57.202355 [debug] [Thread-1 (]: Re-using an available connection from the pool (formerly model.dwh.int_payments_success, now model.dwh.mart_dau)
[0m11:59:57.202979 [debug] [Thread-3 (]: Re-using an available connection from the pool (formerly model.dwh.stg_vas_types, now model.dwh.dim_vas_types)
[0m11:59:57.203249 [debug] [Thread-1 (]: Began compiling node model.dwh.mart_dau
[0m11:59:57.203525 [debug] [Thread-3 (]: Began compiling node model.dwh.dim_vas_types
[0m11:59:57.203748 [debug] [Thread-2 (]: dbt_clickhouse adapter: On model.dwh.int_listings_enriched: /* {"app": "dbt", "dbt_version": "1.11.15", "profile_name": "dwh", "target_name": "dev", "node_id": "model.dwh.int_listings_enriched"} */


  create or replace view `dwh`.`int_listings_enriched` 
  
    
  
  
    
    
  as (
    

SELECT
    l.listing_id,
    l.user_id,
    l.category_id,
    c.name AS category_name,
    l.title,
    l.price,
    l.status,
    l.platform,
    l.created_at,
    l.sold_at
FROM `dwh`.`stg_listings` l
LEFT JOIN `dwh`.`stg_categories` c ON l.category_id = c.category_id
    
  )
      
      
                    -- end_of_sql
                    
                    ...
[0m11:59:57.205110 [debug] [Thread-1 (]: Writing injected SQL for node "model.dwh.mart_dau"
[0m11:59:57.206981 [debug] [Thread-3 (]: Writing injected SQL for node "model.dwh.dim_vas_types"
[0m11:59:57.207244 [debug] [Thread-4 (]: dbt_clickhouse adapter: On model.dwh.dim_categories: /* {"app": "dbt", "dbt_version": "1.11.15", "profile_name": "dwh", "target_name": "dev", "node_id": "model.dwh.dim_categories"} */

  
    
    
    
        


        
  

  insert into `dwh`.`dim_categories`
        ("category_id", "category_name", "parent_id")

SELECT
    category_id,
    name AS category_name,
    parent_id
FROM `dwh`.`stg_categories`
  ...
[0m11:59:57.208435 [debug] [Thread-3 (]: Began executing node model.dwh.dim_vas_types
[0m11:59:57.208603 [debug] [Thread-1 (]: Began executing node model.dwh.mart_dau
[0m11:59:57.210026 [debug] [Thread-3 (]: Creating new relation dim_vas_types
[0m11:59:57.210236 [debug] [Thread-2 (]: dbt_clickhouse adapter: SQL status: OK in 0.00 seconds
[0m11:59:57.211301 [debug] [Thread-1 (]: Creating new relation mart_dau
[0m11:59:57.212312 [debug] [Thread-3 (]: dbt_clickhouse adapter: On model.dwh.dim_vas_types: /* {"app": "dbt", "dbt_version": "1.11.15", "profile_name": "dwh", "target_name": "dev", "node_id": "model.dwh.dim_vas_types"} */

        

    
        create table `dwh`.`dim_vas_types`
        
  
        
  engine = MergeTree()
        
      order by (tuple())
        
        
        
        
                    -- end_of_sql
                    SETTINGS replicated_deduplication_window='0'

                    
          empty
          as (
            

SELECT
    vas_type_id,
    name AS vas_type_name,
    description
FROM `dwh`.`stg_vas_types`
          )
        
    ...
[0m11:59:57.213486 [debug] [Thread-2 (]: Sending event: {'category': 'dbt', 'action': 'run_model', 'label': '5fde5a09-def0-49e7-a08e-6cea30cdca3b', 'context': [<snowplow_tracker.self_describing_json.SelfDescribingJson object at 0xffff8809c830>]}
[0m11:59:57.214204 [debug] [Thread-1 (]: dbt_clickhouse adapter: On model.dwh.mart_dau: /* {"app": "dbt", "dbt_version": "1.11.15", "profile_name": "dwh", "target_name": "dev", "node_id": "model.dwh.mart_dau"} */

        

    
        create table `dwh`.`mart_dau`
        
  
        
  engine = MergeTree()
        
      order by (tuple())
        
        
        
        
                    -- end_of_sql
                    SETTINGS replicated_deduplication_window='0'

                    
          empty
          as (
            

SELECT
    toDate(ts) AS day,
    platform,
    uniqExact(user_id) AS dau
FROM `dwh`.`stg_user_activity`
GROUP BY day, platform
ORDER BY day, platform
          )
        
    ...
[0m11:59:57.214721 [info ] [Thread-2 (]: 9 of 16 OK created sql view model `dwh`.`int_listings_enriched` ................ [[32mOK[0m in 0.03s]
[0m11:59:57.215548 [debug] [Thread-2 (]: Finished running node model.dwh.int_listings_enriched
[0m11:59:57.215811 [debug] [Thread-2 (]: Began running node model.dwh.mart_arpu_monthly
[0m11:59:57.216129 [info ] [Thread-2 (]: 12 of 16 START sql table model `dwh`.`mart_arpu_monthly` ....................... [RUN]
[0m11:59:57.216439 [debug] [Thread-2 (]: Re-using an available connection from the pool (formerly model.dwh.int_listings_enriched, now model.dwh.mart_arpu_monthly)
[0m11:59:57.216665 [debug] [Thread-2 (]: Began compiling node model.dwh.mart_arpu_monthly
[0m11:59:57.218592 [debug] [Thread-2 (]: Writing injected SQL for node "model.dwh.mart_arpu_monthly"
[0m11:59:57.219804 [debug] [Thread-2 (]: Began executing node model.dwh.mart_arpu_monthly
[0m11:59:57.222200 [debug] [Thread-2 (]: Creating new relation mart_arpu_monthly
[0m11:59:57.223471 [debug] [Thread-2 (]: dbt_clickhouse adapter: On model.dwh.mart_arpu_monthly: /* {"app": "dbt", "dbt_version": "1.11.15", "profile_name": "dwh", "target_name": "dev", "node_id": "model.dwh.mart_arpu_monthly"} */

        

    
        create table `dwh`.`mart_arpu_monthly`
        
  
        
  engine = MergeTree()
        
      order by (tuple())
        
        
        
        
                    -- end_of_sql
                    SETTINGS replicated_deduplication_window='0'

                    
          empty
          as (
            

WITH revenue AS (
    SELECT
        toStartOfMonth(payment_date) AS month,
        sum(amount) AS revenue
    FROM `dwh`.`int_payments_success`
    GROUP BY month
),
mau AS (
    SELECT
        toStartOfMonth(ts) AS month,
        uniqExact(user_id) AS active_users
    FROM `dwh`.`stg_user_activity`
    GROUP BY month
)
SELECT
    r.month,
    r.revenue,
    m.active_users,
    round(r.revenue / m.active_users, 2) AS arpu
FROM revenue r
JOIN mau m ON m.month = r.month
ORDER BY r.month
          )
        
    ...
[0m11:59:57.223796 [debug] [Thread-3 (]: dbt_clickhouse adapter: SQL status: OK in 0.01 seconds
[0m11:59:57.225806 [debug] [Thread-3 (]: dbt_clickhouse adapter: On model.dwh.dim_vas_types: /* {"app": "dbt", "dbt_version": "1.11.15", "profile_name": "dwh", "target_name": "dev", "node_id": "model.dwh.dim_vas_types"} */

    select name, type from system.columns where table = 'dim_vas_types'
    
      
        and database = 'dwh'
      
    
    order by position
  ...
[0m11:59:57.226181 [debug] [Thread-1 (]: dbt_clickhouse adapter: SQL status: OK in 0.01 seconds
[0m11:59:57.228764 [debug] [Thread-1 (]: dbt_clickhouse adapter: On model.dwh.mart_dau: /* {"app": "dbt", "dbt_version": "1.11.15", "profile_name": "dwh", "target_name": "dev", "node_id": "model.dwh.mart_dau"} */

    select name, type from system.columns where table = 'mart_dau'
    
      
        and database = 'dwh'
      
    
    order by position
  ...
[0m11:59:57.229230 [debug] [Thread-3 (]: dbt_clickhouse adapter: SQL status: OK in 0.00 seconds
[0m11:59:57.230226 [debug] [Thread-3 (]: Writing runtime sql for node "model.dwh.dim_vas_types"
[0m11:59:57.231519 [debug] [Thread-3 (]: dbt_clickhouse adapter: On model.dwh.dim_vas_types: /* {"app": "dbt", "dbt_version": "1.11.15", "profile_name": "dwh", "target_name": "dev", "node_id": "model.dwh.dim_vas_types"} */

  
    
    
    
        


        
  

  insert into `dwh`.`dim_vas_types`
        ("vas_type_id", "vas_type_name", "description")

SELECT
    vas_type_id,
    name AS vas_type_name,
    description
FROM `dwh`.`stg_vas_types`
  ...
[0m11:59:57.232090 [debug] [Thread-1 (]: dbt_clickhouse adapter: SQL status: OK in 0.00 seconds
[0m11:59:57.233106 [debug] [Thread-1 (]: Writing runtime sql for node "model.dwh.mart_dau"
[0m11:59:57.234275 [debug] [Thread-1 (]: dbt_clickhouse adapter: On model.dwh.mart_dau: /* {"app": "dbt", "dbt_version": "1.11.15", "profile_name": "dwh", "target_name": "dev", "node_id": "model.dwh.mart_dau"} */

  
    
    
    
        


        
  

  insert into `dwh`.`mart_dau`
        ("day", "platform", "dau")

SELECT
    toDate(ts) AS day,
    platform,
    uniqExact(user_id) AS dau
FROM `dwh`.`stg_user_activity`
GROUP BY day, platform
ORDER BY day, platform
  ...
[0m11:59:57.241986 [debug] [Thread-2 (]: dbt_clickhouse adapter: SQL status: OK in 0.02 seconds
[0m11:59:57.244401 [debug] [Thread-2 (]: dbt_clickhouse adapter: On model.dwh.mart_arpu_monthly: /* {"app": "dbt", "dbt_version": "1.11.15", "profile_name": "dwh", "target_name": "dev", "node_id": "model.dwh.mart_arpu_monthly"} */

    select name, type from system.columns where table = 'mart_arpu_monthly'
    
      
        and database = 'dwh'
      
    
    order by position
  ...
[0m11:59:57.245111 [debug] [Thread-4 (]: dbt_clickhouse adapter: SQL status: OK in 0.04 seconds
[0m11:59:57.246561 [debug] [Thread-4 (]: Sending event: {'category': 'dbt', 'action': 'run_model', 'label': '5fde5a09-def0-49e7-a08e-6cea30cdca3b', 'context': [<snowplow_tracker.self_describing_json.SelfDescribingJson object at 0xffff8809c410>]}
[0m11:59:57.247243 [info ] [Thread-4 (]: 8 of 16 OK created sql table model `dwh`.`dim_categories` ...................... [[32mOK[0m in 0.12s]
[0m11:59:57.247964 [debug] [Thread-4 (]: Finished running node model.dwh.dim_categories
[0m11:59:57.248377 [debug] [Thread-4 (]: Began running node model.dwh.mart_revenue_daily
[0m11:59:57.248903 [info ] [Thread-4 (]: 13 of 16 START sql table model `dwh`.`mart_revenue_daily` ...................... [RUN]
[0m11:59:57.249415 [debug] [Thread-2 (]: dbt_clickhouse adapter: SQL status: OK in 0.00 seconds
[0m11:59:57.250001 [debug] [Thread-4 (]: Re-using an available connection from the pool (formerly model.dwh.dim_categories, now model.dwh.mart_revenue_daily)
[0m11:59:57.251193 [debug] [Thread-2 (]: Writing runtime sql for node "model.dwh.mart_arpu_monthly"
[0m11:59:57.251672 [debug] [Thread-3 (]: dbt_clickhouse adapter: SQL status: OK in 0.02 seconds
[0m11:59:57.251920 [debug] [Thread-4 (]: Began compiling node model.dwh.mart_revenue_daily
[0m11:59:57.253132 [debug] [Thread-3 (]: Sending event: {'category': 'dbt', 'action': 'run_model', 'label': '5fde5a09-def0-49e7-a08e-6cea30cdca3b', 'context': [<snowplow_tracker.self_describing_json.SelfDescribingJson object at 0xffff8809e930>]}
[0m11:59:57.256374 [debug] [Thread-4 (]: Writing injected SQL for node "model.dwh.mart_revenue_daily"
[0m11:59:57.256944 [info ] [Thread-3 (]: 11 of 16 OK created sql table model `dwh`.`dim_vas_types` ...................... [[32mOK[0m in 0.05s]
[0m11:59:57.257563 [debug] [Thread-2 (]: dbt_clickhouse adapter: On model.dwh.mart_arpu_monthly: /* {"app": "dbt", "dbt_version": "1.11.15", "profile_name": "dwh", "target_name": "dev", "node_id": "model.dwh.mart_arpu_monthly"} */

  
    
    
    
        


        
  

  insert into `dwh`.`mart_arpu_monthly`
        ("month", "revenue", "active_users", "arpu")

WITH revenue AS (
    SELECT
        toStartOfMonth(payment_date) AS month,
        sum(amount) AS revenue
    FROM `dwh`.`int_payments_success`
    GROUP BY month
),
mau AS (
    SELECT
        toStartOfMonth(ts) AS month,
        uniqExact(user_id) AS active_users
    FROM `dwh`.`stg_user_activity`
    GROUP BY month
)
SELECT
    r.month,
    r.revenue,
    m.active_users,
    round(r.revenue / m.active_users, 2) AS arpu
FROM revenue r
JOIN mau m ON m.month = r.month
ORDER BY r.month
  ...
[0m11:59:57.257950 [debug] [Thread-3 (]: Finished running node model.dwh.dim_vas_types
[0m11:59:57.258322 [debug] [Thread-3 (]: Began running node model.dwh.mart_revenue_monthly_yoy
[0m11:59:57.258669 [info ] [Thread-3 (]: 14 of 16 START sql table model `dwh`.`mart_revenue_monthly_yoy` ................ [RUN]
[0m11:59:57.259138 [debug] [Thread-4 (]: Began executing node model.dwh.mart_revenue_daily
[0m11:59:57.259373 [debug] [Thread-3 (]: Re-using an available connection from the pool (formerly model.dwh.dim_vas_types, now model.dwh.mart_revenue_monthly_yoy)
[0m11:59:57.261093 [debug] [Thread-4 (]: Creating new relation mart_revenue_daily
[0m11:59:57.261560 [debug] [Thread-3 (]: Began compiling node model.dwh.mart_revenue_monthly_yoy
[0m11:59:57.264444 [debug] [Thread-4 (]: dbt_clickhouse adapter: On model.dwh.mart_revenue_daily: /* {"app": "dbt", "dbt_version": "1.11.15", "profile_name": "dwh", "target_name": "dev", "node_id": "model.dwh.mart_revenue_daily"} */

        

    
        create table `dwh`.`mart_revenue_daily`
        
  
        
  engine = MergeTree()
        
      order by (tuple())
        
        
        
        
                    -- end_of_sql
                    SETTINGS replicated_deduplication_window='0'

                    
          empty
          as (
            

SELECT
    toDate(payment_date) AS day,
    sum(amount) AS revenue
FROM `dwh`.`int_payments_success`
GROUP BY day
ORDER BY day
          )
        
    ...
[0m11:59:57.271405 [debug] [Thread-3 (]: Writing injected SQL for node "model.dwh.mart_revenue_monthly_yoy"
[0m11:59:57.275790 [debug] [Thread-3 (]: Began executing node model.dwh.mart_revenue_monthly_yoy
[0m11:59:57.278003 [debug] [Thread-3 (]: Creating new relation mart_revenue_monthly_yoy
[0m11:59:57.290941 [debug] [Thread-3 (]: dbt_clickhouse adapter: On model.dwh.mart_revenue_monthly_yoy: /* {"app": "dbt", "dbt_version": "1.11.15", "profile_name": "dwh", "target_name": "dev", "node_id": "model.dwh.mart_revenue_monthly_yoy"} */

        

    
        create table `dwh`.`mart_revenue_monthly_yoy`
        
  
        
  engine = MergeTree()
        
      order by (tuple())
        
        
        
        
                    -- end_of_sql
                    SETTINGS replicated_deduplication_window='0'

                    
          empty
          as (
            

WITH monthly AS (
    SELECT
        toStartOfMonth(payment_date) AS month,
        sum(amount) AS revenue
    FROM `dwh`.`int_payments_success`
    GROUP BY month
)
SELECT
    m.month,
    m.revenue,
    p.revenue AS revenue_prev_year,
    round((m.revenue - p.revenue) / p.revenue, 4) AS yoy_growth
FROM monthly m
LEFT JOIN monthly p ON p.month = addMonths(m.month, -12)
ORDER BY m.month
          )
        
    ...
[0m11:59:57.291423 [debug] [Thread-4 (]: dbt_clickhouse adapter: SQL status: OK in 0.02 seconds
[0m11:59:57.293723 [debug] [Thread-4 (]: dbt_clickhouse adapter: On model.dwh.mart_revenue_daily: /* {"app": "dbt", "dbt_version": "1.11.15", "profile_name": "dwh", "target_name": "dev", "node_id": "model.dwh.mart_revenue_daily"} */

    select name, type from system.columns where table = 'mart_revenue_daily'
    
      
        and database = 'dwh'
      
    
    order by position
  ...
[0m11:59:57.297153 [debug] [Thread-4 (]: dbt_clickhouse adapter: SQL status: OK in 0.00 seconds
[0m11:59:57.298379 [debug] [Thread-4 (]: Writing runtime sql for node "model.dwh.mart_revenue_daily"
[0m11:59:57.299343 [debug] [Thread-4 (]: dbt_clickhouse adapter: On model.dwh.mart_revenue_daily: /* {"app": "dbt", "dbt_version": "1.11.15", "profile_name": "dwh", "target_name": "dev", "node_id": "model.dwh.mart_revenue_daily"} */

  
    
    
    
        


        
  

  insert into `dwh`.`mart_revenue_daily`
        ("day", "revenue")

SELECT
    toDate(payment_date) AS day,
    sum(amount) AS revenue
FROM `dwh`.`int_payments_success`
GROUP BY day
ORDER BY day
  ...
[0m11:59:57.309331 [debug] [Thread-3 (]: dbt_clickhouse adapter: SQL status: OK in 0.02 seconds
[0m11:59:57.312054 [debug] [Thread-3 (]: dbt_clickhouse adapter: On model.dwh.mart_revenue_monthly_yoy: /* {"app": "dbt", "dbt_version": "1.11.15", "profile_name": "dwh", "target_name": "dev", "node_id": "model.dwh.mart_revenue_monthly_yoy"} */

    select name, type from system.columns where table = 'mart_revenue_monthly_yoy'
    
      
        and database = 'dwh'
      
    
    order by position
  ...
[0m11:59:57.316348 [debug] [Thread-3 (]: dbt_clickhouse adapter: SQL status: OK in 0.00 seconds
[0m11:59:57.320694 [debug] [Thread-3 (]: Writing runtime sql for node "model.dwh.mart_revenue_monthly_yoy"
[0m11:59:57.323426 [debug] [Thread-3 (]: dbt_clickhouse adapter: On model.dwh.mart_revenue_monthly_yoy: /* {"app": "dbt", "dbt_version": "1.11.15", "profile_name": "dwh", "target_name": "dev", "node_id": "model.dwh.mart_revenue_monthly_yoy"} */

  
    
    
    
        


        
  

  insert into `dwh`.`mart_revenue_monthly_yoy`
        ("month", "revenue", "revenue_prev_year", "yoy_growth")

WITH monthly AS (
    SELECT
        toStartOfMonth(payment_date) AS month,
        sum(amount) AS revenue
    FROM `dwh`.`int_payments_success`
    GROUP BY month
)
SELECT
    m.month,
    m.revenue,
    p.revenue AS revenue_prev_year,
    round((m.revenue - p.revenue) / p.revenue, 4) AS yoy_growth
FROM monthly m
LEFT JOIN monthly p ON p.month = addMonths(m.month, -12)
ORDER BY m.month
  ...
[0m11:59:57.405018 [debug] [Thread-4 (]: dbt_clickhouse adapter: SQL status: OK in 0.11 seconds
[0m11:59:57.409990 [debug] [Thread-4 (]: Sending event: {'category': 'dbt', 'action': 'run_model', 'label': '5fde5a09-def0-49e7-a08e-6cea30cdca3b', 'context': [<snowplow_tracker.self_describing_json.SelfDescribingJson object at 0xffff88189790>]}
[0m11:59:57.411686 [info ] [Thread-4 (]: 13 of 16 OK created sql table model `dwh`.`mart_revenue_daily` ................. [[32mOK[0m in 0.16s]
[0m11:59:57.412609 [debug] [Thread-4 (]: Finished running node model.dwh.mart_revenue_daily
[0m11:59:57.413386 [debug] [Thread-4 (]: Began running node model.dwh.mart_listings_by_category
[0m11:59:57.413899 [info ] [Thread-4 (]: 15 of 16 START sql table model `dwh`.`mart_listings_by_category` ............... [RUN]
[0m11:59:57.414798 [debug] [Thread-4 (]: Re-using an available connection from the pool (formerly model.dwh.mart_revenue_daily, now model.dwh.mart_listings_by_category)
[0m11:59:57.415763 [debug] [Thread-4 (]: Began compiling node model.dwh.mart_listings_by_category
[0m11:59:57.428156 [debug] [Thread-4 (]: Writing injected SQL for node "model.dwh.mart_listings_by_category"
[0m11:59:57.434375 [debug] [Thread-4 (]: Began executing node model.dwh.mart_listings_by_category
[0m11:59:57.439118 [debug] [Thread-4 (]: Creating new relation mart_listings_by_category
[0m11:59:57.441706 [debug] [Thread-4 (]: dbt_clickhouse adapter: On model.dwh.mart_listings_by_category: /* {"app": "dbt", "dbt_version": "1.11.15", "profile_name": "dwh", "target_name": "dev", "node_id": "model.dwh.mart_listings_by_category"} */

        

    
        create table `dwh`.`mart_listings_by_category`
        
  
        
  engine = MergeTree()
        
      order by (tuple())
        
        
        
        
                    -- end_of_sql
                    SETTINGS replicated_deduplication_window='0'

                    
          empty
          as (
            

SELECT
    category_id,
    category_name,
    count(*) AS listing_count,
    round(avg(price), 2) AS avg_price
FROM `dwh`.`int_listings_enriched`
GROUP BY category_id, category_name
ORDER BY listing_count DESC
          )
        
    ...
[0m11:59:57.487119 [debug] [Thread-4 (]: dbt_clickhouse adapter: SQL status: OK in 0.04 seconds
[0m11:59:57.494672 [debug] [Thread-4 (]: dbt_clickhouse adapter: On model.dwh.mart_listings_by_category: /* {"app": "dbt", "dbt_version": "1.11.15", "profile_name": "dwh", "target_name": "dev", "node_id": "model.dwh.mart_listings_by_category"} */

    select name, type from system.columns where table = 'mart_listings_by_category'
    
      
        and database = 'dwh'
      
    
    order by position
  ...
[0m11:59:57.502028 [debug] [Thread-4 (]: dbt_clickhouse adapter: SQL status: OK in 0.00 seconds
[0m11:59:57.510305 [debug] [Thread-4 (]: Writing runtime sql for node "model.dwh.mart_listings_by_category"
[0m11:59:57.512695 [debug] [Thread-4 (]: dbt_clickhouse adapter: On model.dwh.mart_listings_by_category: /* {"app": "dbt", "dbt_version": "1.11.15", "profile_name": "dwh", "target_name": "dev", "node_id": "model.dwh.mart_listings_by_category"} */

  
    
    
    
        


        
  

  insert into `dwh`.`mart_listings_by_category`
        ("category_id", "category_name", "listing_count", "avg_price")

SELECT
    category_id,
    category_name,
    count(*) AS listing_count,
    round(avg(price), 2) AS avg_price
FROM `dwh`.`int_listings_enriched`
GROUP BY category_id, category_name
ORDER BY listing_count DESC
  ...
[0m11:59:57.513501 [debug] [Thread-3 (]: dbt_clickhouse adapter: SQL status: OK in 0.19 seconds
[0m11:59:57.515313 [debug] [Thread-3 (]: Sending event: {'category': 'dbt', 'action': 'run_model', 'label': '5fde5a09-def0-49e7-a08e-6cea30cdca3b', 'context': [<snowplow_tracker.self_describing_json.SelfDescribingJson object at 0xffff8809c650>]}
[0m11:59:57.516443 [info ] [Thread-3 (]: 14 of 16 OK created sql table model `dwh`.`mart_revenue_monthly_yoy` ........... [[32mOK[0m in 0.26s]
[0m11:59:57.517544 [debug] [Thread-3 (]: Finished running node model.dwh.mart_revenue_monthly_yoy
[0m11:59:57.518427 [debug] [Thread-3 (]: Began running node model.dwh.mart_vas
[0m11:59:57.520209 [info ] [Thread-3 (]: 16 of 16 START sql table model `dwh`.`mart_vas` ................................ [RUN]
[0m11:59:57.521632 [debug] [Thread-3 (]: Re-using an available connection from the pool (formerly model.dwh.mart_revenue_monthly_yoy, now model.dwh.mart_vas)
[0m11:59:57.521989 [debug] [Thread-3 (]: Began compiling node model.dwh.mart_vas
[0m11:59:57.525404 [debug] [Thread-3 (]: Writing injected SQL for node "model.dwh.mart_vas"
[0m11:59:57.532049 [debug] [Thread-3 (]: Began executing node model.dwh.mart_vas
[0m11:59:57.534601 [debug] [Thread-3 (]: Creating new relation mart_vas
[0m11:59:57.536788 [debug] [Thread-3 (]: dbt_clickhouse adapter: On model.dwh.mart_vas: /* {"app": "dbt", "dbt_version": "1.11.15", "profile_name": "dwh", "target_name": "dev", "node_id": "model.dwh.mart_vas"} */

        

    
        create table `dwh`.`mart_vas`
        
  
        
  engine = MergeTree()
        
      order by (tuple())
        
        
        
        
                    -- end_of_sql
                    SETTINGS replicated_deduplication_window='0'

                    
          empty
          as (
            

SELECT
    v.vas_type_id,
    v.vas_type_name,
    count(*) AS purchases,
    sum(p.amount) AS revenue
FROM `dwh`.`int_payments_success` p
JOIN `dwh`.`dim_vas_types` v ON p.vas_type_id = v.vas_type_id
WHERE p.payment_type = 'vas'
GROUP BY v.vas_type_id, v.vas_type_name
ORDER BY revenue DESC
          )
        
    ...
[0m11:59:57.562910 [debug] [Thread-3 (]: dbt_clickhouse adapter: SQL status: OK in 0.03 seconds
[0m11:59:57.565253 [debug] [Thread-3 (]: dbt_clickhouse adapter: On model.dwh.mart_vas: /* {"app": "dbt", "dbt_version": "1.11.15", "profile_name": "dwh", "target_name": "dev", "node_id": "model.dwh.mart_vas"} */

    select name, type from system.columns where table = 'mart_vas'
    
      
        and database = 'dwh'
      
    
    order by position
  ...
[0m11:59:57.569113 [debug] [Thread-3 (]: dbt_clickhouse adapter: SQL status: OK in 0.00 seconds
[0m11:59:57.571211 [debug] [Thread-3 (]: Writing runtime sql for node "model.dwh.mart_vas"
[0m11:59:57.576501 [debug] [Thread-3 (]: dbt_clickhouse adapter: On model.dwh.mart_vas: /* {"app": "dbt", "dbt_version": "1.11.15", "profile_name": "dwh", "target_name": "dev", "node_id": "model.dwh.mart_vas"} */

  
    
    
    
        


        
  

  insert into `dwh`.`mart_vas`
        ("v.vas_type_id", "vas_type_name", "purchases", "revenue")

SELECT
    v.vas_type_id,
    v.vas_type_name,
    count(*) AS purchases,
    sum(p.amount) AS revenue
FROM `dwh`.`int_payments_success` p
JOIN `dwh`.`dim_vas_types` v ON p.vas_type_id = v.vas_type_id
WHERE p.payment_type = 'vas'
GROUP BY v.vas_type_id, v.vas_type_name
ORDER BY revenue DESC
  ...
[0m11:59:57.707022 [debug] [Thread-4 (]: dbt_clickhouse adapter: SQL status: OK in 0.19 seconds
[0m11:59:57.709369 [debug] [Thread-4 (]: Sending event: {'category': 'dbt', 'action': 'run_model', 'label': '5fde5a09-def0-49e7-a08e-6cea30cdca3b', 'context': [<snowplow_tracker.self_describing_json.SelfDescribingJson object at 0xffff8809fef0>]}
[0m11:59:57.709960 [info ] [Thread-4 (]: 15 of 16 OK created sql table model `dwh`.`mart_listings_by_category` .......... [[32mOK[0m in 0.29s]
[0m11:59:57.710875 [debug] [Thread-4 (]: Finished running node model.dwh.mart_listings_by_category
[0m11:59:57.736700 [debug] [Thread-3 (]: dbt_clickhouse adapter: SQL status: OK in 0.16 seconds
[0m11:59:57.739195 [debug] [Thread-3 (]: Sending event: {'category': 'dbt', 'action': 'run_model', 'label': '5fde5a09-def0-49e7-a08e-6cea30cdca3b', 'context': [<snowplow_tracker.self_describing_json.SelfDescribingJson object at 0xffff80a008f0>]}
[0m11:59:57.740091 [info ] [Thread-3 (]: 16 of 16 OK created sql table model `dwh`.`mart_vas` ........................... [[32mOK[0m in 0.22s]
[0m11:59:57.740985 [debug] [Thread-3 (]: Finished running node model.dwh.mart_vas
[0m11:59:58.119615 [debug] [Thread-2 (]: dbt_clickhouse adapter: SQL status: OK in 0.86 seconds
[0m11:59:58.121229 [debug] [Thread-2 (]: Sending event: {'category': 'dbt', 'action': 'run_model', 'label': '5fde5a09-def0-49e7-a08e-6cea30cdca3b', 'context': [<snowplow_tracker.self_describing_json.SelfDescribingJson object at 0xffff8809ec90>]}
[0m11:59:58.121692 [info ] [Thread-2 (]: 12 of 16 OK created sql table model `dwh`.`mart_arpu_monthly` .................. [[32mOK[0m in 0.90s]
[0m11:59:58.122238 [debug] [Thread-2 (]: Finished running node model.dwh.mart_arpu_monthly
[0m12:00:17.335934 [debug] [Thread-1 (]: dbt_clickhouse adapter: Error running SQL: /* {"app": "dbt", "dbt_version": "1.11.15", "profile_name": "dwh", "target_name": "dev", "node_id": "model.dwh.mart_dau"} */

  
    
    
    
        


        
  

  insert into `dwh`.`mart_dau`
        ("day", "platform", "dau")

SELECT
    toDate(ts) AS day,
    platform,
    uniqExact(user_id) AS dau
FROM `dwh`.`stg_user_activity`
GROUP BY day, platform
ORDER BY day, platform
  
[0m12:00:17.387498 [debug] [Thread-1 (]: Runtime Error in model mart_dau (models/marts/mart_dau.sql)
  ClickHouse exception:  Unexpected EOF while reading bytes
[0m12:00:17.389068 [debug] [Thread-1 (]: Sending event: {'category': 'dbt', 'action': 'run_model', 'label': '5fde5a09-def0-49e7-a08e-6cea30cdca3b', 'context': [<snowplow_tracker.self_describing_json.SelfDescribingJson object at 0xffff8825be90>]}
[0m12:00:17.390640 [error] [Thread-1 (]: 10 of 16 ERROR creating sql table model `dwh`.`mart_dau` ....................... [[31mERROR[0m in 20.19s]
[0m12:00:17.391256 [debug] [Thread-1 (]: Finished running node model.dwh.mart_dau
[0m12:00:17.392125 [debug] [Thread-7 (]: Marking all children of 'model.dwh.mart_dau' to be skipped because of status 'error'.  Reason: Runtime Error in model mart_dau (models/marts/mart_dau.sql)
  ClickHouse exception:  Unexpected EOF while reading bytes.
[0m12:00:17.397008 [debug] [MainThread]: Connection 'master' was properly closed.
[0m12:00:17.397357 [debug] [MainThread]: Connection 'model.dwh.mart_dau' was left open.
[0m12:00:17.397596 [debug] [MainThread]: On model.dwh.mart_dau: Close
[0m12:00:17.397769 [debug] [MainThread]: Connection 'model.dwh.mart_vas' was left open.
[0m12:00:17.397952 [debug] [MainThread]: On model.dwh.mart_vas: Close
[0m12:00:17.398285 [debug] [MainThread]: Connection 'model.dwh.mart_arpu_monthly' was left open.
[0m12:00:17.398474 [debug] [MainThread]: On model.dwh.mart_arpu_monthly: Close
[0m12:00:17.398652 [debug] [MainThread]: Connection 'model.dwh.mart_listings_by_category' was left open.
[0m12:00:17.398775 [debug] [MainThread]: On model.dwh.mart_listings_by_category: Close
[0m12:00:17.399309 [info ] [MainThread]: 
[0m12:00:17.399574 [info ] [MainThread]: Finished running 8 table models, 8 view models in 0 hours 0 minutes and 20.91 seconds (20.91s).
[0m12:00:17.401699 [debug] [MainThread]: Command end result
[0m12:00:17.452287 [debug] [MainThread]: Wrote artifact WritableManifest to /opt/airflow/dbt/target/manifest.json
[0m12:00:17.457961 [debug] [MainThread]: Wrote artifact SemanticManifest to /opt/airflow/dbt/target/semantic_manifest.json
[0m12:00:17.466823 [debug] [MainThread]: Wrote artifact RunExecutionResult to /opt/airflow/dbt/target/run_results.json
[0m12:00:17.467178 [info ] [MainThread]: 
[0m12:00:17.467407 [info ] [MainThread]: [31mCompleted with 1 error, 0 partial successes, and 0 warnings:[0m
[0m12:00:17.467825 [info ] [MainThread]: 
[0m12:00:17.468330 [error] [MainThread]: [31mFailure in model mart_dau (models/marts/mart_dau.sql)[0m
[0m12:00:17.468910 [error] [MainThread]:   Runtime Error in model mart_dau (models/marts/mart_dau.sql)
  ClickHouse exception:  Unexpected EOF while reading bytes
[0m12:00:17.469339 [info ] [MainThread]: 
[0m12:00:17.469690 [info ] [MainThread]:   compiled code at target/compiled/dwh/models/marts/mart_dau.sql
[0m12:00:17.470194 [info ] [MainThread]: 
[0m12:00:17.470636 [info ] [MainThread]: Done. PASS=15 WARN=0 ERROR=1 SKIP=0 NO-OP=0 TOTAL=16
[0m12:00:17.473214 [debug] [MainThread]: Resource report: {"command_name": "run", "command_success": false, "command_wall_clock_time": 21.454187, "process_in_blocks": "59984", "process_kernel_time": 0.366952, "process_mem_max_rss": "151648", "process_out_blocks": "2817", "process_user_time": 1.545221}
[0m12:00:17.473884 [debug] [MainThread]: Command `dbt run` failed at 12:00:17.473815 after 21.46 seconds
[0m12:00:17.474287 [debug] [MainThread]: Sending event: {'category': 'dbt', 'action': 'invocation', 'label': 'end', 'context': [<snowplow_tracker.self_describing_json.SelfDescribingJson object at 0xffff8b552690>, <snowplow_tracker.self_describing_json.SelfDescribingJson object at 0xffff80a77d70>, <snowplow_tracker.self_describing_json.SelfDescribingJson object at 0xffff80a77770>]}
[0m12:00:17.474513 [debug] [MainThread]: Flushing usage events
[0m12:00:23.098730 [debug] [MainThread]: An error was encountered while trying to flush usage events
[0m12:05:50.678423 [debug] [MainThread]: Sending event: {'category': 'dbt', 'action': 'invocation', 'label': 'start', 'context': [<snowplow_tracker.self_describing_json.SelfDescribingJson object at 0xffff93e63770>, <snowplow_tracker.self_describing_json.SelfDescribingJson object at 0xffff9727afd0>, <snowplow_tracker.self_describing_json.SelfDescribingJson object at 0xffff92c97d90>]}


============================== 12:05:50.682358 | 892a509a-bda7-4320-a43b-28e7140add64 ==============================
[0m12:05:50.682358 [info ] [MainThread]: Running with dbt=1.11.15
[0m12:05:50.682885 [debug] [MainThread]: running dbt with arguments {'introspect': 'True', 'cache_selected_only': 'False', 'use_experimental_parser': 'False', 'log_cache_events': 'False', 'write_json': 'True', 'invocation_command': 'dbt run', 'debug': 'False', 'use_colors': 'True', 'quiet': 'False', 'partial_parse': 'True', 'log_format': 'default', 'indirect_selection': 'eager', 'warn_error_options': 'WarnErrorOptionsV2(error=[], warn=[], silence=[])', 'printer_width': '80', 'send_anonymous_usage_stats': 'True', 'static_parser': 'True', 'version_check': 'True', 'fail_fast': 'False', 'empty': 'False', 'warn_error': 'None', 'log_path': '/opt/airflow/dbt/logs', 'target_path': 'None', 'profiles_dir': '/opt/airflow/dbt/profiles', 'no_print': 'None'}
[0m12:05:50.916219 [debug] [MainThread]: Sending event: {'category': 'dbt', 'action': 'project_id', 'label': '892a509a-bda7-4320-a43b-28e7140add64', 'context': [<snowplow_tracker.self_describing_json.SelfDescribingJson object at 0xffff9393cb00>]}
[0m12:05:50.950909 [debug] [MainThread]: Sending event: {'category': 'dbt', 'action': 'adapter_info', 'label': '892a509a-bda7-4320-a43b-28e7140add64', 'context': [<snowplow_tracker.self_describing_json.SelfDescribingJson object at 0xffff92ce7460>]}
[0m12:05:50.951795 [info ] [MainThread]: Registered adapter: clickhouse=1.10.2
[0m12:05:50.994317 [debug] [MainThread]: checksum: 810725a07b286a161cb6a02f5214572f3ba8aa5d584b5e37ea30d4a281c3d3a5, vars: {}, profile: , target: , version: 1.11.15
[0m12:05:51.073953 [debug] [MainThread]: Partial parsing enabled: 0 files deleted, 0 files added, 0 files changed.
[0m12:05:51.074302 [debug] [MainThread]: Nothing changed, skipping partial parsing.
[0m12:05:51.074457 [debug] [MainThread]: Partial parsing enabled, no changes found, skipping parsing
[0m12:05:51.091160 [debug] [MainThread]: Sending event: {'category': 'dbt', 'action': 'load_project', 'label': '892a509a-bda7-4320-a43b-28e7140add64', 'context': [<snowplow_tracker.self_describing_json.SelfDescribingJson object at 0xffff928ac450>]}
[0m12:05:51.190015 [debug] [MainThread]: Wrote artifact WritableManifest to /opt/airflow/dbt/target/manifest.json
[0m12:05:51.191845 [debug] [MainThread]: Wrote artifact SemanticManifest to /opt/airflow/dbt/target/semantic_manifest.json
[0m12:05:51.201392 [debug] [MainThread]: Sending event: {'category': 'dbt', 'action': 'resource_counts', 'label': '892a509a-bda7-4320-a43b-28e7140add64', 'context': [<snowplow_tracker.self_describing_json.SelfDescribingJson object at 0xffff92edab70>]}
[0m12:05:51.201918 [info ] [MainThread]: Found 16 models, 536 macros
[0m12:05:51.202133 [debug] [MainThread]: Sending event: {'category': 'dbt', 'action': 'runnable_timing', 'label': '892a509a-bda7-4320-a43b-28e7140add64', 'context': [<snowplow_tracker.self_describing_json.SelfDescribingJson object at 0xffff926ee890>]}
[0m12:05:51.203821 [info ] [MainThread]: 
[0m12:05:51.204144 [info ] [MainThread]: Concurrency: 4 threads (target='dev')
[0m12:05:51.204637 [info ] [MainThread]: 
[0m12:05:51.205017 [debug] [MainThread]: Acquiring new clickhouse connection 'master'
[0m12:05:51.209533 [debug] [ThreadPool]: Acquiring new clickhouse connection 'list_'
[0m12:05:51.216050 [debug] [ThreadPool]: Opening a new connection, currently in state init
[0m12:05:51.408980 [debug] [ThreadPool]: dbt_clickhouse adapter: Got a retryable error when attempting to open a clickhouse connection.
1 attempts remaining. Retrying in 1 seconds.
Error:
Code: 210. Name or service not known (clickhouse:9000)
[0m12:05:52.429183 [debug] [ThreadPool]: dbt_clickhouse adapter: Error running SQL: macro list_schemas
[0m12:05:52.431744 [debug] [MainThread]: Connection 'master' was properly closed.
[0m12:05:52.432467 [debug] [MainThread]: Connection 'list_' was left open.
[0m12:05:52.433234 [debug] [MainThread]: On list_: No close available on handle
[0m12:05:52.433933 [info ] [MainThread]: 
[0m12:05:52.434627 [info ] [MainThread]: Finished running  in 0 hours 0 minutes and 1.23 seconds (1.23s).
[0m12:05:52.435537 [error] [MainThread]: Encountered an error:
Database Error
  Code: 210. Name or service not known (clickhouse:9000)
[0m12:05:52.436732 [debug] [MainThread]: Resource report: {"command_name": "run", "command_success": false, "command_wall_clock_time": 1.7971036, "process_in_blocks": "57400", "process_kernel_time": 0.234187, "process_mem_max_rss": "140796", "process_out_blocks": "1351", "process_user_time": 1.448532}
[0m12:05:52.437656 [debug] [MainThread]: Command `dbt run` failed at 12:05:52.437387 after 1.80 seconds
[0m12:05:52.438087 [debug] [MainThread]: Sending event: {'category': 'dbt', 'action': 'invocation', 'label': 'end', 'context': [<snowplow_tracker.self_describing_json.SelfDescribingJson object at 0xffff90d75640>, <snowplow_tracker.self_describing_json.SelfDescribingJson object at 0xffff92c40290>, <snowplow_tracker.self_describing_json.SelfDescribingJson object at 0xffff92743ad0>]}
[0m12:05:52.438407 [debug] [MainThread]: Flushing usage events
[0m12:05:53.239618 [debug] [MainThread]: An error was encountered while trying to flush usage events
[0m12:07:57.837053 [debug] [MainThread]: Sending event: {'category': 'dbt', 'action': 'invocation', 'label': 'start', 'context': [<snowplow_tracker.self_describing_json.SelfDescribingJson object at 0xffff90bdf770>, <snowplow_tracker.self_describing_json.SelfDescribingJson object at 0xffff93fdafd0>, <snowplow_tracker.self_describing_json.SelfDescribingJson object at 0xffff8fa13d90>]}


============================== 12:07:57.839846 | fc2da0b6-0c38-4f0d-b622-5bd32db0cb87 ==============================
[0m12:07:57.839846 [info ] [MainThread]: Running with dbt=1.11.15
[0m12:07:57.840199 [debug] [MainThread]: running dbt with arguments {'fail_fast': 'False', 'static_parser': 'True', 'use_experimental_parser': 'False', 'use_colors': 'True', 'profiles_dir': '/opt/airflow/dbt/profiles', 'introspect': 'True', 'cache_selected_only': 'False', 'log_path': '/opt/airflow/dbt/logs', 'printer_width': '80', 'version_check': 'True', 'warn_error': 'None', 'log_format': 'default', 'partial_parse': 'True', 'write_json': 'True', 'empty': 'False', 'target_path': 'None', 'log_cache_events': 'False', 'send_anonymous_usage_stats': 'True', 'debug': 'False', 'quiet': 'False', 'warn_error_options': 'WarnErrorOptionsV2(error=[], warn=[], silence=[])', 'no_print': 'None', 'indirect_selection': 'eager', 'invocation_command': 'dbt run'}
[0m12:07:57.938259 [debug] [MainThread]: Sending event: {'category': 'dbt', 'action': 'project_id', 'label': 'fc2da0b6-0c38-4f0d-b622-5bd32db0cb87', 'context': [<snowplow_tracker.self_describing_json.SelfDescribingJson object at 0xffff906b8b00>]}
[0m12:07:57.969038 [debug] [MainThread]: Sending event: {'category': 'dbt', 'action': 'adapter_info', 'label': 'fc2da0b6-0c38-4f0d-b622-5bd32db0cb87', 'context': [<snowplow_tracker.self_describing_json.SelfDescribingJson object at 0xffff8fa63460>]}
[0m12:07:57.969656 [info ] [MainThread]: Registered adapter: clickhouse=1.10.2
[0m12:07:58.000675 [debug] [MainThread]: checksum: 810725a07b286a161cb6a02f5214572f3ba8aa5d584b5e37ea30d4a281c3d3a5, vars: {}, profile: , target: , version: 1.11.15
[0m12:07:58.058089 [debug] [MainThread]: Partial parsing enabled: 0 files deleted, 0 files added, 0 files changed.
[0m12:07:58.058366 [debug] [MainThread]: Nothing changed, skipping partial parsing.
[0m12:07:58.058496 [debug] [MainThread]: Partial parsing enabled, no changes found, skipping parsing
[0m12:07:58.074534 [debug] [MainThread]: Sending event: {'category': 'dbt', 'action': 'load_project', 'label': 'fc2da0b6-0c38-4f0d-b622-5bd32db0cb87', 'context': [<snowplow_tracker.self_describing_json.SelfDescribingJson object at 0xffff8f628450>]}
[0m12:07:58.154626 [debug] [MainThread]: Wrote artifact WritableManifest to /opt/airflow/dbt/target/manifest.json
[0m12:07:58.155956 [debug] [MainThread]: Wrote artifact SemanticManifest to /opt/airflow/dbt/target/semantic_manifest.json
[0m12:07:58.161830 [debug] [MainThread]: Sending event: {'category': 'dbt', 'action': 'resource_counts', 'label': 'fc2da0b6-0c38-4f0d-b622-5bd32db0cb87', 'context': [<snowplow_tracker.self_describing_json.SelfDescribingJson object at 0xffff8fc56b70>]}
[0m12:07:58.162068 [info ] [MainThread]: Found 16 models, 536 macros
[0m12:07:58.162212 [debug] [MainThread]: Sending event: {'category': 'dbt', 'action': 'runnable_timing', 'label': 'fc2da0b6-0c38-4f0d-b622-5bd32db0cb87', 'context': [<snowplow_tracker.self_describing_json.SelfDescribingJson object at 0xffff8f46a890>]}
[0m12:07:58.163466 [info ] [MainThread]: 
[0m12:07:58.163759 [info ] [MainThread]: Concurrency: 4 threads (target='dev')
[0m12:07:58.164085 [info ] [MainThread]: 
[0m12:07:58.164412 [debug] [MainThread]: Acquiring new clickhouse connection 'master'
[0m12:07:58.168634 [debug] [ThreadPool]: Acquiring new clickhouse connection 'list_'
[0m12:07:58.174307 [debug] [ThreadPool]: Opening a new connection, currently in state init
[0m12:07:58.284115 [debug] [ThreadPool]: dbt_clickhouse adapter: On list_: /* {"app": "dbt", "dbt_version": "1.11.15", "profile_name": "dwh", "target_name": "dev", "connection_name": "list_"} */

    select name from system.databases
  ...
[0m12:07:58.285349 [debug] [ThreadPool]: dbt_clickhouse adapter: SQL status: OK in 0.00 seconds
[0m12:07:58.314698 [debug] [ThreadPool]: Re-using an available connection from the pool (formerly list_, now list__dwh)
[0m12:07:58.318189 [debug] [ThreadPool]: dbt_clickhouse adapter: On list__dwh: /* {"app": "dbt", "dbt_version": "1.11.15", "profile_name": "dwh", "target_name": "dev", "connection_name": "list__dwh"} */
with mv_sources as (
      -- Find all MVs and their target tables (database and name of the MV, plus the SELECT SQL)
      select
        name as mv_name,
        database as mv_database,
        any(as_select) as mv_sql,
        any(replaceRegexpOne(create_table_query, '.*TO\\s+`?([^`\\s(]+)`?\\.`?([^`\\s(]+)`?.*', '\\1.\\2')) as target_fqn
      
      from system.tables
      
      where engine = 'MaterializedView'
        and create_table_query like '%TO %'
      group by mv_name, mv_database
    )
    select
      t.name as name,
      t.database as schema,
      multiIf(
        t.engine = 'MaterializedView', 'materialized_view',
        t.engine = 'View', 'view',
        t.engine = 'Dictionary', 'dictionary',
        'table'
      ) as type,
      db.engine as db_engine,
      groupArrayIf(
        map('schema', mv_sources.mv_database, 'name', mv_sources.mv_name, 'sql', mv_sources.mv_sql),
        mv_sources.mv_name != ''
      ) as mvs_pointing_to_it,
      -- The refresh clause of a refreshable MV sits between the view name and the TO clause,
      -- e.g. CREATE MATERIALIZED VIEW db.mv REFRESH EVERY 2 MINUTE [APPEND] TO db.target ...
      max(position(substring(t.create_table_query, 1, position(t.create_table_query, ' TO ')), ' REFRESH ')) > 0 as is_refreshable,
      max(position(substring(t.create_table_query, 1, position(t.create_table_query, ' TO ')), ' APPEND')) > 0 as refreshable_append,0 as is_on_cluster
        from system.tables as t
      
        join system.databases as db on t.database = db.name
        left join mv_sources on mv_sources.target_fqn = concat(t.database, '.', t.name)
      where schema = 'dwh'
      group by name, schema, type, db_engine

  ...
[0m12:07:58.352829 [debug] [ThreadPool]: dbt_clickhouse adapter: SQL status: OK in 0.03 seconds
[0m12:07:58.354999 [debug] [MainThread]: Sending event: {'category': 'dbt', 'action': 'runnable_timing', 'label': 'fc2da0b6-0c38-4f0d-b622-5bd32db0cb87', 'context': [<snowplow_tracker.self_describing_json.SelfDescribingJson object at 0xffff8d365b20>]}
[0m12:07:58.358406 [debug] [Thread-4 (]: Began running node model.dwh.stg_user_activity
[0m12:07:58.358820 [debug] [Thread-1 (]: Began running node model.dwh.stg_categories
[0m12:07:58.359111 [debug] [Thread-3 (]: Began running node model.dwh.stg_payments
[0m12:07:58.359374 [debug] [Thread-2 (]: Began running node model.dwh.stg_listings
[0m12:07:58.359755 [info ] [Thread-4 (]: 4 of 16 START sql view model `dwh`.`stg_user_activity` ......................... [RUN]
[0m12:07:58.360312 [info ] [Thread-1 (]: 1 of 16 START sql view model `dwh`.`stg_categories` ............................ [RUN]
[0m12:07:58.360738 [info ] [Thread-3 (]: 3 of 16 START sql view model `dwh`.`stg_payments` .............................. [RUN]
[0m12:07:58.361191 [info ] [Thread-2 (]: 2 of 16 START sql view model `dwh`.`stg_listings` .............................. [RUN]
[0m12:07:58.361828 [debug] [Thread-4 (]: Acquiring new clickhouse connection 'model.dwh.stg_user_activity'
[0m12:07:58.362173 [debug] [Thread-1 (]: Re-using an available connection from the pool (formerly list__dwh, now model.dwh.stg_categories)
[0m12:07:58.362589 [debug] [Thread-3 (]: Acquiring new clickhouse connection 'model.dwh.stg_payments'
[0m12:07:58.362965 [debug] [Thread-2 (]: Acquiring new clickhouse connection 'model.dwh.stg_listings'
[0m12:07:58.363297 [debug] [Thread-4 (]: Began compiling node model.dwh.stg_user_activity
[0m12:07:58.363566 [debug] [Thread-1 (]: Began compiling node model.dwh.stg_categories
[0m12:07:58.363814 [debug] [Thread-3 (]: Began compiling node model.dwh.stg_payments
[0m12:07:58.364072 [debug] [Thread-2 (]: Began compiling node model.dwh.stg_listings
[0m12:07:58.369618 [debug] [Thread-4 (]: Writing injected SQL for node "model.dwh.stg_user_activity"
[0m12:07:58.371183 [debug] [Thread-1 (]: Writing injected SQL for node "model.dwh.stg_categories"
[0m12:07:58.373123 [debug] [Thread-3 (]: Writing injected SQL for node "model.dwh.stg_payments"
[0m12:07:58.374888 [debug] [Thread-2 (]: Writing injected SQL for node "model.dwh.stg_listings"
[0m12:07:58.376696 [debug] [Thread-4 (]: Began executing node model.dwh.stg_user_activity
[0m12:07:58.376919 [debug] [Thread-1 (]: Began executing node model.dwh.stg_categories
[0m12:07:58.377065 [debug] [Thread-3 (]: Began executing node model.dwh.stg_payments
[0m12:07:58.384762 [debug] [Thread-4 (]: Relation stg_user_activity already exists, replacing it
[0m12:07:58.385933 [debug] [Thread-1 (]: Relation stg_categories already exists, replacing it
[0m12:07:58.386102 [debug] [Thread-2 (]: Began executing node model.dwh.stg_listings
[0m12:07:58.387259 [debug] [Thread-3 (]: Relation stg_payments already exists, replacing it
[0m12:07:58.392813 [debug] [Thread-4 (]: Model mvs to replace ['stg_user_activity_mv']
[0m12:07:58.393039 [debug] [Thread-1 (]: Model mvs to replace ['stg_categories_mv']
[0m12:07:58.394133 [debug] [Thread-2 (]: Relation stg_listings already exists, replacing it
[0m12:07:58.394397 [debug] [Thread-3 (]: Model mvs to replace ['stg_payments_mv']
[0m12:07:58.395516 [debug] [Thread-4 (]: Opening a new connection, currently in state init
[0m12:07:58.395840 [debug] [Thread-1 (]: dbt_clickhouse adapter: On model.dwh.stg_categories: /* {"app": "dbt", "dbt_version": "1.11.15", "profile_name": "dwh", "target_name": "dev", "node_id": "model.dwh.stg_categories"} */

    
    select name
    from system.tables
    where engine = 'MaterializedView'
      and extract(create_table_query, 'TO\\s+([^\\s(]+)') = 'dwh.stg_categories'
  
  ...
[0m12:07:58.396113 [debug] [Thread-2 (]: Model mvs to replace ['stg_listings_mv']
[0m12:07:58.396374 [debug] [Thread-3 (]: Opening a new connection, currently in state init
[0m12:07:58.397010 [debug] [Thread-2 (]: Opening a new connection, currently in state init
[0m12:07:58.402908 [debug] [Thread-4 (]: dbt_clickhouse adapter: On model.dwh.stg_user_activity: /* {"app": "dbt", "dbt_version": "1.11.15", "profile_name": "dwh", "target_name": "dev", "node_id": "model.dwh.stg_user_activity"} */

    
    select name
    from system.tables
    where engine = 'MaterializedView'
      and extract(create_table_query, 'TO\\s+([^\\s(]+)') = 'dwh.stg_user_activity'
  
  ...
[0m12:07:58.403312 [debug] [Thread-2 (]: dbt_clickhouse adapter: On model.dwh.stg_listings: /* {"app": "dbt", "dbt_version": "1.11.15", "profile_name": "dwh", "target_name": "dev", "node_id": "model.dwh.stg_listings"} */

    
    select name
    from system.tables
    where engine = 'MaterializedView'
      and extract(create_table_query, 'TO\\s+([^\\s(]+)') = 'dwh.stg_listings'
  
  ...
[0m12:07:58.403643 [debug] [Thread-3 (]: dbt_clickhouse adapter: On model.dwh.stg_payments: /* {"app": "dbt", "dbt_version": "1.11.15", "profile_name": "dwh", "target_name": "dev", "node_id": "model.dwh.stg_payments"} */

    
    select name
    from system.tables
    where engine = 'MaterializedView'
      and extract(create_table_query, 'TO\\s+([^\\s(]+)') = 'dwh.stg_payments'
  
  ...
[0m12:07:58.422567 [debug] [Thread-1 (]: dbt_clickhouse adapter: SQL status: OK in 0.03 seconds
[0m12:07:58.422958 [debug] [Thread-2 (]: dbt_clickhouse adapter: SQL status: OK in 0.02 seconds
[0m12:07:58.423267 [debug] [Thread-3 (]: dbt_clickhouse adapter: SQL status: OK in 0.02 seconds
[0m12:07:58.423951 [debug] [Thread-1 (]: Current mvs found in ClickHouse are: 
[0m12:07:58.424271 [debug] [Thread-4 (]: dbt_clickhouse adapter: SQL status: OK in 0.02 seconds
[0m12:07:58.424939 [debug] [Thread-2 (]: Current mvs found in ClickHouse are: 
[0m12:07:58.425566 [debug] [Thread-3 (]: Current mvs found in ClickHouse are: 
[0m12:07:58.435356 [debug] [Thread-1 (]: Writing runtime sql for node "model.dwh.stg_categories"
[0m12:07:58.436065 [debug] [Thread-4 (]: Current mvs found in ClickHouse are: 
[0m12:07:58.436673 [debug] [Thread-2 (]: Writing runtime sql for node "model.dwh.stg_listings"
[0m12:07:58.437230 [debug] [Thread-3 (]: Writing runtime sql for node "model.dwh.stg_payments"
[0m12:07:58.437958 [debug] [Thread-4 (]: Writing runtime sql for node "model.dwh.stg_user_activity"
[0m12:07:58.439288 [debug] [Thread-3 (]: dbt_clickhouse adapter: On model.dwh.stg_payments: /* {"app": "dbt", "dbt_version": "1.11.15", "profile_name": "dwh", "target_name": "dev", "node_id": "model.dwh.stg_payments"} */


  create or replace view `dwh`.`stg_payments` 
  
    
  
  
    
    
  as (
    

SELECT
    payment_id,
    user_id,
    listing_id,
    vas_type_id,
    amount,
    payment_type,
    status,
    payment_date
FROM s3(
    'http://minio:9000/raw/postgres/payments/*.parquet',
    'Parquet',
    'payment_id Int64, user_id Int64, listing_id Nullable(Int64), vas_type_id Nullable(Int32), amount Float64, payment_type String, status String, payment_date DateTime64(3)'
)
    
  )
      
      
                    -- end_of_sql
                    
                    ...
[0m12:07:58.439484 [debug] [Thread-1 (]: dbt_clickhouse adapter: On model.dwh.stg_categories: /* {"app": "dbt", "dbt_version": "1.11.15", "profile_name": "dwh", "target_name": "dev", "node_id": "model.dwh.stg_categories"} */


  create or replace view `dwh`.`stg_categories` 
  
    
  
  
    
    
  as (
    

SELECT
    category_id,
    name,
    parent_id
FROM s3(
    'http://minio:9000/raw/mysql/categories/*.parquet',
    'Parquet',
    'category_id Int32, name String, parent_id Nullable(Int32)'
)
    
  )
      
      
                    -- end_of_sql
                    
                    ...
[0m12:07:58.439754 [debug] [Thread-2 (]: dbt_clickhouse adapter: On model.dwh.stg_listings: /* {"app": "dbt", "dbt_version": "1.11.15", "profile_name": "dwh", "target_name": "dev", "node_id": "model.dwh.stg_listings"} */


  create or replace view `dwh`.`stg_listings` 
  
    
  
  
    
    
  as (
    

SELECT
    listing_id,
    user_id,
    category_id,
    title,
    description,
    price,
    status,
    platform,
    created_at,
    activated_at,
    sold_at,
    deactivated_at,
    updated_at
FROM s3(
    'http://minio:9000/raw/postgres/listings/*.parquet',
    'Parquet',
    'listing_id Int64, user_id Int64, category_id Int32, title String, description Nullable(String), price Float64, status String, platform String, created_at DateTime64(3), activated_at Nullable(DateTime64(3)), sold_at Nullable(DateTime64(3)), deactivated_at Nullable(DateTime64(3)), updated_at DateTime64(3)'
)
    
  )
      
      
                    -- end_of_sql
                    
                    ...
[0m12:07:58.440345 [debug] [Thread-4 (]: dbt_clickhouse adapter: On model.dwh.stg_user_activity: /* {"app": "dbt", "dbt_version": "1.11.15", "profile_name": "dwh", "target_name": "dev", "node_id": "model.dwh.stg_user_activity"} */


  create or replace view `dwh`.`stg_user_activity` 
  
    
  
  
    
    
  as (
    

SELECT
    event_id,
    user_id,
    event_type,
    platform,
    listing_id,
    session_id,
    ts
FROM s3(
    'http://minio:9000/raw/kafka/user_activity/*.parquet',
    'Parquet',
    'event_id String, user_id Int64, event_type String, platform String, listing_id Nullable(Int64), session_id String, ts DateTime64(3)'
)
    
  )
      
      
                    -- end_of_sql
                    
                    ...
[0m12:07:58.479599 [debug] [Thread-3 (]: dbt_clickhouse adapter: SQL status: OK in 0.04 seconds
[0m12:07:58.480028 [debug] [Thread-2 (]: dbt_clickhouse adapter: SQL status: OK in 0.04 seconds
[0m12:07:58.485676 [debug] [Thread-1 (]: dbt_clickhouse adapter: SQL status: OK in 0.05 seconds
[0m12:07:58.491933 [debug] [Thread-4 (]: dbt_clickhouse adapter: SQL status: OK in 0.05 seconds
[0m12:07:58.493430 [debug] [Thread-3 (]: Sending event: {'category': 'dbt', 'action': 'run_model', 'label': 'fc2da0b6-0c38-4f0d-b622-5bd32db0cb87', 'context': [<snowplow_tracker.self_describing_json.SelfDescribingJson object at 0xffff8d371190>]}
[0m12:07:58.494449 [debug] [Thread-2 (]: Sending event: {'category': 'dbt', 'action': 'run_model', 'label': 'fc2da0b6-0c38-4f0d-b622-5bd32db0cb87', 'context': [<snowplow_tracker.self_describing_json.SelfDescribingJson object at 0xffff8dae1bd0>]}
[0m12:07:58.495460 [debug] [Thread-1 (]: Sending event: {'category': 'dbt', 'action': 'run_model', 'label': 'fc2da0b6-0c38-4f0d-b622-5bd32db0cb87', 'context': [<snowplow_tracker.self_describing_json.SelfDescribingJson object at 0xffff8dae1b20>]}
[0m12:07:58.496313 [debug] [Thread-4 (]: Sending event: {'category': 'dbt', 'action': 'run_model', 'label': 'fc2da0b6-0c38-4f0d-b622-5bd32db0cb87', 'context': [<snowplow_tracker.self_describing_json.SelfDescribingJson object at 0xffff8fa20410>]}
[0m12:07:58.496697 [info ] [Thread-3 (]: 3 of 16 OK created sql view model `dwh`.`stg_payments` ......................... [[32mOK[0m in 0.13s]
[0m12:07:58.497164 [info ] [Thread-2 (]: 2 of 16 OK created sql view model `dwh`.`stg_listings` ......................... [[32mOK[0m in 0.13s]
[0m12:07:58.497664 [info ] [Thread-1 (]: 1 of 16 OK created sql view model `dwh`.`stg_categories` ....................... [[32mOK[0m in 0.13s]
[0m12:07:58.498134 [info ] [Thread-4 (]: 4 of 16 OK created sql view model `dwh`.`stg_user_activity` .................... [[32mOK[0m in 0.13s]
[0m12:07:58.498495 [debug] [Thread-3 (]: Finished running node model.dwh.stg_payments
[0m12:07:58.498812 [debug] [Thread-2 (]: Finished running node model.dwh.stg_listings
[0m12:07:58.499108 [debug] [Thread-1 (]: Finished running node model.dwh.stg_categories
[0m12:07:58.499384 [debug] [Thread-4 (]: Finished running node model.dwh.stg_user_activity
[0m12:07:58.499623 [debug] [Thread-3 (]: Began running node model.dwh.stg_users
[0m12:07:58.499975 [debug] [Thread-2 (]: Began running node model.dwh.stg_vas_types
[0m12:07:58.500202 [debug] [Thread-1 (]: Began running node model.dwh.int_payments_success
[0m12:07:58.500609 [debug] [Thread-4 (]: Began running node model.dwh.dim_categories
[0m12:07:58.501045 [info ] [Thread-3 (]: 5 of 16 START sql view model `dwh`.`stg_users` ................................. [RUN]
[0m12:07:58.501361 [info ] [Thread-2 (]: 6 of 16 START sql view model `dwh`.`stg_vas_types` ............................. [RUN]
[0m12:07:58.501741 [info ] [Thread-1 (]: 7 of 16 START sql view model `dwh`.`int_payments_success` ...................... [RUN]
[0m12:07:58.502233 [info ] [Thread-4 (]: 8 of 16 START sql table model `dwh`.`dim_categories` ........................... [RUN]
[0m12:07:58.502533 [debug] [Thread-3 (]: Re-using an available connection from the pool (formerly model.dwh.stg_payments, now model.dwh.stg_users)
[0m12:07:58.502818 [debug] [Thread-2 (]: Re-using an available connection from the pool (formerly model.dwh.stg_listings, now model.dwh.stg_vas_types)
[0m12:07:58.503056 [debug] [Thread-1 (]: Re-using an available connection from the pool (formerly model.dwh.stg_categories, now model.dwh.int_payments_success)
[0m12:07:58.503307 [debug] [Thread-4 (]: Re-using an available connection from the pool (formerly model.dwh.stg_user_activity, now model.dwh.dim_categories)
[0m12:07:58.503573 [debug] [Thread-3 (]: Began compiling node model.dwh.stg_users
[0m12:07:58.503792 [debug] [Thread-2 (]: Began compiling node model.dwh.stg_vas_types
[0m12:07:58.504019 [debug] [Thread-1 (]: Began compiling node model.dwh.int_payments_success
[0m12:07:58.504228 [debug] [Thread-4 (]: Began compiling node model.dwh.dim_categories
[0m12:07:58.506628 [debug] [Thread-3 (]: Writing injected SQL for node "model.dwh.stg_users"
[0m12:07:58.508608 [debug] [Thread-2 (]: Writing injected SQL for node "model.dwh.stg_vas_types"
[0m12:07:58.510387 [debug] [Thread-1 (]: Writing injected SQL for node "model.dwh.int_payments_success"
[0m12:07:58.511773 [debug] [Thread-4 (]: Writing injected SQL for node "model.dwh.dim_categories"
[0m12:07:58.513257 [debug] [Thread-3 (]: Began executing node model.dwh.stg_users
[0m12:07:58.513442 [debug] [Thread-2 (]: Began executing node model.dwh.stg_vas_types
[0m12:07:58.514384 [debug] [Thread-3 (]: Relation stg_users already exists, replacing it
[0m12:07:58.514835 [debug] [Thread-1 (]: Began executing node model.dwh.int_payments_success
[0m12:07:58.515944 [debug] [Thread-2 (]: Relation stg_vas_types already exists, replacing it
[0m12:07:58.516103 [debug] [Thread-4 (]: Began executing node model.dwh.dim_categories
[0m12:07:58.516335 [debug] [Thread-3 (]: Model mvs to replace ['stg_users_mv']
[0m12:07:58.517301 [debug] [Thread-1 (]: Relation int_payments_success already exists, replacing it
[0m12:07:58.517569 [debug] [Thread-2 (]: Model mvs to replace ['stg_vas_types_mv']
[0m12:07:58.531598 [debug] [Thread-3 (]: dbt_clickhouse adapter: On model.dwh.stg_users: /* {"app": "dbt", "dbt_version": "1.11.15", "profile_name": "dwh", "target_name": "dev", "node_id": "model.dwh.stg_users"} */

    
    select name
    from system.tables
    where engine = 'MaterializedView'
      and extract(create_table_query, 'TO\\s+([^\\s(]+)') = 'dwh.stg_users'
  
  ...
[0m12:07:58.543631 [debug] [Thread-1 (]: Model mvs to replace ['int_payments_success_mv']
[0m12:07:58.550205 [debug] [Thread-4 (]: dbt_clickhouse adapter: On model.dwh.dim_categories: /* {"app": "dbt", "dbt_version": "1.11.15", "profile_name": "dwh", "target_name": "dev", "node_id": "model.dwh.dim_categories"} */

        

    
        create table `dwh`.`dim_categories__dbt_backup`
        
  
        
  engine = MergeTree()
        
      order by (tuple())
        
        
        
        
                    -- end_of_sql
                    SETTINGS replicated_deduplication_window='0'

                    
          empty
          as (
            

SELECT
    category_id,
    name AS category_name,
    parent_id
FROM `dwh`.`stg_categories`
          )
        
    ...
[0m12:07:58.550576 [debug] [Thread-2 (]: dbt_clickhouse adapter: On model.dwh.stg_vas_types: /* {"app": "dbt", "dbt_version": "1.11.15", "profile_name": "dwh", "target_name": "dev", "node_id": "model.dwh.stg_vas_types"} */

    
    select name
    from system.tables
    where engine = 'MaterializedView'
      and extract(create_table_query, 'TO\\s+([^\\s(]+)') = 'dwh.stg_vas_types'
  
  ...
[0m12:07:58.551059 [debug] [Thread-1 (]: dbt_clickhouse adapter: On model.dwh.int_payments_success: /* {"app": "dbt", "dbt_version": "1.11.15", "profile_name": "dwh", "target_name": "dev", "node_id": "model.dwh.int_payments_success"} */

    
    select name
    from system.tables
    where engine = 'MaterializedView'
      and extract(create_table_query, 'TO\\s+([^\\s(]+)') = 'dwh.int_payments_success'
  
  ...
[0m12:07:58.553413 [debug] [Thread-2 (]: dbt_clickhouse adapter: SQL status: OK in 0.00 seconds
[0m12:07:58.553764 [debug] [Thread-1 (]: dbt_clickhouse adapter: SQL status: OK in 0.00 seconds
[0m12:07:58.554205 [debug] [Thread-3 (]: dbt_clickhouse adapter: SQL status: OK in 0.00 seconds
[0m12:07:58.555036 [debug] [Thread-2 (]: Current mvs found in ClickHouse are: 
[0m12:07:58.555797 [debug] [Thread-1 (]: Current mvs found in ClickHouse are: 
[0m12:07:58.556662 [debug] [Thread-3 (]: Current mvs found in ClickHouse are: 
[0m12:07:58.557312 [debug] [Thread-2 (]: Writing runtime sql for node "model.dwh.stg_vas_types"
[0m12:07:58.557497 [debug] [Thread-4 (]: dbt_clickhouse adapter: SQL status: OK in 0.01 seconds
[0m12:07:58.557949 [debug] [Thread-1 (]: Writing runtime sql for node "model.dwh.int_payments_success"
[0m12:07:58.558402 [debug] [Thread-3 (]: Writing runtime sql for node "model.dwh.stg_users"
[0m12:07:58.566430 [debug] [Thread-4 (]: dbt_clickhouse adapter: On model.dwh.dim_categories: /* {"app": "dbt", "dbt_version": "1.11.15", "profile_name": "dwh", "target_name": "dev", "node_id": "model.dwh.dim_categories"} */

    select name, type from system.columns where table = 'dim_categories__dbt_backup'
    
      
        and database = 'dwh'
      
    
    order by position
  ...
[0m12:07:58.567355 [debug] [Thread-2 (]: dbt_clickhouse adapter: On model.dwh.stg_vas_types: /* {"app": "dbt", "dbt_version": "1.11.15", "profile_name": "dwh", "target_name": "dev", "node_id": "model.dwh.stg_vas_types"} */


  create or replace view `dwh`.`stg_vas_types` 
  
    
  
  
    
    
  as (
    

SELECT
    vas_type_id,
    name,
    description
FROM s3(
    'http://minio:9000/raw/mysql/vas_types/*.parquet',
    'Parquet',
    'vas_type_id Int32, name String, description Nullable(String)'
)
    
  )
      
      
                    -- end_of_sql
                    
                    ...
[0m12:07:58.570679 [debug] [Thread-3 (]: dbt_clickhouse adapter: On model.dwh.stg_users: /* {"app": "dbt", "dbt_version": "1.11.15", "profile_name": "dwh", "target_name": "dev", "node_id": "model.dwh.stg_users"} */


  create or replace view `dwh`.`stg_users` 
  
    
  
  
    
    
  as (
    

SELECT
    user_id,
    email,
    phone,
    status,
    registered_at,
    created_at,
    updated_at
FROM s3(
    'http://minio:9000/raw/postgres/users/*.parquet',
    'Parquet',
    'user_id Int64, email String, phone Nullable(String), status String, registered_at DateTime64(3), created_at DateTime64(3), updated_at DateTime64(3)'
)
    
  )
      
      
                    -- end_of_sql
                    
                    ...
[0m12:07:58.570927 [debug] [Thread-1 (]: dbt_clickhouse adapter: On model.dwh.int_payments_success: /* {"app": "dbt", "dbt_version": "1.11.15", "profile_name": "dwh", "target_name": "dev", "node_id": "model.dwh.int_payments_success"} */


  create or replace view `dwh`.`int_payments_success` 
  
    
  
  
    
    
  as (
    

SELECT *
FROM `dwh`.`stg_payments`
WHERE status = 'success'
    
  )
      
      
                    -- end_of_sql
                    
                    ...
[0m12:07:58.572569 [debug] [Thread-4 (]: dbt_clickhouse adapter: SQL status: OK in 0.01 seconds
[0m12:07:58.575088 [debug] [Thread-4 (]: Writing runtime sql for node "model.dwh.dim_categories"
[0m12:07:58.575346 [debug] [Thread-1 (]: dbt_clickhouse adapter: SQL status: OK in 0.00 seconds
[0m12:07:58.576624 [debug] [Thread-1 (]: Sending event: {'category': 'dbt', 'action': 'run_model', 'label': 'fc2da0b6-0c38-4f0d-b622-5bd32db0cb87', 'context': [<snowplow_tracker.self_describing_json.SelfDescribingJson object at 0xffff8d27c0c0>]}
[0m12:07:58.577015 [info ] [Thread-1 (]: 7 of 16 OK created sql view model `dwh`.`int_payments_success` ................. [[32mOK[0m in 0.07s]
[0m12:07:58.578562 [debug] [Thread-1 (]: Finished running node model.dwh.int_payments_success
[0m12:07:58.578976 [debug] [Thread-3 (]: dbt_clickhouse adapter: SQL status: OK in 0.01 seconds
[0m12:07:58.579162 [debug] [Thread-2 (]: dbt_clickhouse adapter: SQL status: OK in 0.01 seconds
[0m12:07:58.579450 [debug] [Thread-1 (]: Began running node model.dwh.int_listings_enriched
[0m12:07:58.579732 [debug] [Thread-4 (]: dbt_clickhouse adapter: On model.dwh.dim_categories: /* {"app": "dbt", "dbt_version": "1.11.15", "profile_name": "dwh", "target_name": "dev", "node_id": "model.dwh.dim_categories"} */

  
    
    
    
        


        
  

  insert into `dwh`.`dim_categories__dbt_backup`
        ("category_id", "category_name", "parent_id")

SELECT
    category_id,
    name AS category_name,
    parent_id
FROM `dwh`.`stg_categories`
  ...
[0m12:07:58.580777 [debug] [Thread-3 (]: Sending event: {'category': 'dbt', 'action': 'run_model', 'label': 'fc2da0b6-0c38-4f0d-b622-5bd32db0cb87', 'context': [<snowplow_tracker.self_describing_json.SelfDescribingJson object at 0xffff8d28af90>]}
[0m12:07:58.581612 [debug] [Thread-2 (]: Sending event: {'category': 'dbt', 'action': 'run_model', 'label': 'fc2da0b6-0c38-4f0d-b622-5bd32db0cb87', 'context': [<snowplow_tracker.self_describing_json.SelfDescribingJson object at 0xffff8d28b7d0>]}
[0m12:07:58.582028 [info ] [Thread-1 (]: 9 of 16 START sql view model `dwh`.`int_listings_enriched` ..................... [RUN]
[0m12:07:58.582915 [info ] [Thread-3 (]: 5 of 16 OK created sql view model `dwh`.`stg_users` ............................ [[32mOK[0m in 0.08s]
[0m12:07:58.583552 [info ] [Thread-2 (]: 6 of 16 OK created sql view model `dwh`.`stg_vas_types` ........................ [[32mOK[0m in 0.08s]
[0m12:07:58.583979 [debug] [Thread-1 (]: Re-using an available connection from the pool (formerly model.dwh.int_payments_success, now model.dwh.int_listings_enriched)
[0m12:07:58.584444 [debug] [Thread-3 (]: Finished running node model.dwh.stg_users
[0m12:07:58.584802 [debug] [Thread-2 (]: Finished running node model.dwh.stg_vas_types
[0m12:07:58.585048 [debug] [Thread-1 (]: Began compiling node model.dwh.int_listings_enriched
[0m12:07:58.585314 [debug] [Thread-3 (]: Began running node model.dwh.mart_dau
[0m12:07:58.585694 [debug] [Thread-2 (]: Began running node model.dwh.mart_arpu_monthly
[0m12:07:58.587763 [debug] [Thread-1 (]: Writing injected SQL for node "model.dwh.int_listings_enriched"
[0m12:07:58.588111 [info ] [Thread-3 (]: 10 of 16 START sql table model `dwh`.`mart_dau` ................................ [RUN]
[0m12:07:58.588474 [info ] [Thread-2 (]: 11 of 16 START sql table model `dwh`.`mart_arpu_monthly` ....................... [RUN]
[0m12:07:58.589219 [debug] [Thread-3 (]: Re-using an available connection from the pool (formerly model.dwh.stg_users, now model.dwh.mart_dau)
[0m12:07:58.589557 [debug] [Thread-2 (]: Re-using an available connection from the pool (formerly model.dwh.stg_vas_types, now model.dwh.mart_arpu_monthly)
[0m12:07:58.589948 [debug] [Thread-3 (]: Began compiling node model.dwh.mart_dau
[0m12:07:58.590251 [debug] [Thread-1 (]: Began executing node model.dwh.int_listings_enriched
[0m12:07:58.590452 [debug] [Thread-2 (]: Began compiling node model.dwh.mart_arpu_monthly
[0m12:07:58.592865 [debug] [Thread-3 (]: Writing injected SQL for node "model.dwh.mart_dau"
[0m12:07:58.594158 [debug] [Thread-1 (]: Relation int_listings_enriched already exists, replacing it
[0m12:07:58.595854 [debug] [Thread-2 (]: Writing injected SQL for node "model.dwh.mart_arpu_monthly"
[0m12:07:58.596419 [debug] [Thread-1 (]: Model mvs to replace ['int_listings_enriched_mv']
[0m12:07:58.597104 [debug] [Thread-1 (]: dbt_clickhouse adapter: On model.dwh.int_listings_enriched: /* {"app": "dbt", "dbt_version": "1.11.15", "profile_name": "dwh", "target_name": "dev", "node_id": "model.dwh.int_listings_enriched"} */

    
    select name
    from system.tables
    where engine = 'MaterializedView'
      and extract(create_table_query, 'TO\\s+([^\\s(]+)') = 'dwh.int_listings_enriched'
  
  ...
[0m12:07:58.597425 [debug] [Thread-3 (]: Began executing node model.dwh.mart_dau
[0m12:07:58.599384 [debug] [Thread-3 (]: dbt_clickhouse adapter: On model.dwh.mart_dau: /* {"app": "dbt", "dbt_version": "1.11.15", "profile_name": "dwh", "target_name": "dev", "node_id": "model.dwh.mart_dau"} */

        

    
        create table `dwh`.`mart_dau__dbt_backup`
        
  
        
  engine = MergeTree()
        
      order by (tuple())
        
        
        
        
                    -- end_of_sql
                    SETTINGS replicated_deduplication_window='0'

                    
          empty
          as (
            

SELECT
    toDate(ts) AS day,
    platform,
    uniqExact(user_id) AS dau
FROM `dwh`.`stg_user_activity`
GROUP BY day, platform
ORDER BY day, platform
          )
        
    ...
[0m12:07:58.599804 [debug] [Thread-2 (]: Began executing node model.dwh.mart_arpu_monthly
[0m12:07:58.602250 [debug] [Thread-2 (]: dbt_clickhouse adapter: On model.dwh.mart_arpu_monthly: /* {"app": "dbt", "dbt_version": "1.11.15", "profile_name": "dwh", "target_name": "dev", "node_id": "model.dwh.mart_arpu_monthly"} */

        

    
        create table `dwh`.`mart_arpu_monthly__dbt_backup`
        
  
        
  engine = MergeTree()
        
      order by (tuple())
        
        
        
        
                    -- end_of_sql
                    SETTINGS replicated_deduplication_window='0'

                    
          empty
          as (
            

WITH revenue AS (
    SELECT
        toStartOfMonth(payment_date) AS month,
        sum(amount) AS revenue
    FROM `dwh`.`int_payments_success`
    GROUP BY month
),
mau AS (
    SELECT
        toStartOfMonth(ts) AS month,
        uniqExact(user_id) AS active_users
    FROM `dwh`.`stg_user_activity`
    GROUP BY month
)
SELECT
    r.month,
    r.revenue,
    m.active_users,
    round(r.revenue / m.active_users, 2) AS arpu
FROM revenue r
JOIN mau m ON m.month = r.month
ORDER BY r.month
          )
        
    ...
[0m12:07:58.602711 [debug] [Thread-1 (]: dbt_clickhouse adapter: SQL status: OK in 0.01 seconds
[0m12:07:58.603811 [debug] [Thread-1 (]: Current mvs found in ClickHouse are: 
[0m12:07:58.604582 [debug] [Thread-1 (]: Writing runtime sql for node "model.dwh.int_listings_enriched"
[0m12:07:58.605109 [debug] [Thread-4 (]: dbt_clickhouse adapter: SQL status: OK in 0.02 seconds
[0m12:07:58.608179 [debug] [Thread-4 (]: dbt_clickhouse adapter: On model.dwh.dim_categories: /* {"app": "dbt", "dbt_version": "1.11.15", "profile_name": "dwh", "target_name": "dev", "node_id": "model.dwh.dim_categories"} */
EXCHANGE TABLES `dwh`.`dim_categories__dbt_backup` AND `dwh`.`dim_categories` 
  
  ...
[0m12:07:58.608454 [debug] [Thread-3 (]: dbt_clickhouse adapter: SQL status: OK in 0.01 seconds
[0m12:07:58.610204 [debug] [Thread-3 (]: dbt_clickhouse adapter: On model.dwh.mart_dau: /* {"app": "dbt", "dbt_version": "1.11.15", "profile_name": "dwh", "target_name": "dev", "node_id": "model.dwh.mart_dau"} */

    select name, type from system.columns where table = 'mart_dau__dbt_backup'
    
      
        and database = 'dwh'
      
    
    order by position
  ...
[0m12:07:58.611163 [debug] [Thread-1 (]: dbt_clickhouse adapter: On model.dwh.int_listings_enriched: /* {"app": "dbt", "dbt_version": "1.11.15", "profile_name": "dwh", "target_name": "dev", "node_id": "model.dwh.int_listings_enriched"} */


  create or replace view `dwh`.`int_listings_enriched` 
  
    
  
  
    
    
  as (
    

SELECT
    l.listing_id,
    l.user_id,
    l.category_id,
    c.name AS category_name,
    l.title,
    l.price,
    l.status,
    l.platform,
    l.created_at,
    l.sold_at
FROM `dwh`.`stg_listings` l
LEFT JOIN `dwh`.`stg_categories` c ON l.category_id = c.category_id
    
  )
      
      
                    -- end_of_sql
                    
                    ...
[0m12:07:58.612367 [debug] [Thread-4 (]: dbt_clickhouse adapter: SQL status: OK in 0.00 seconds
[0m12:07:58.616204 [debug] [Thread-4 (]: dbt_clickhouse adapter: On model.dwh.dim_categories: /* {"app": "dbt", "dbt_version": "1.11.15", "profile_name": "dwh", "target_name": "dev", "node_id": "model.dwh.dim_categories"} */
drop table if exists `dwh`.`dim_categories__dbt_backup` 
  ...
[0m12:07:58.616441 [debug] [Thread-1 (]: dbt_clickhouse adapter: SQL status: OK in 0.00 seconds
[0m12:07:58.616624 [debug] [Thread-2 (]: dbt_clickhouse adapter: SQL status: OK in 0.01 seconds
[0m12:07:58.617039 [debug] [Thread-3 (]: dbt_clickhouse adapter: SQL status: OK in 0.01 seconds
[0m12:07:58.618098 [debug] [Thread-1 (]: Sending event: {'category': 'dbt', 'action': 'run_model', 'label': 'fc2da0b6-0c38-4f0d-b622-5bd32db0cb87', 'context': [<snowplow_tracker.self_describing_json.SelfDescribingJson object at 0xffff8c1671d0>]}
[0m12:07:58.619593 [debug] [Thread-2 (]: dbt_clickhouse adapter: On model.dwh.mart_arpu_monthly: /* {"app": "dbt", "dbt_version": "1.11.15", "profile_name": "dwh", "target_name": "dev", "node_id": "model.dwh.mart_arpu_monthly"} */

    select name, type from system.columns where table = 'mart_arpu_monthly__dbt_backup'
    
      
        and database = 'dwh'
      
    
    order by position
  ...
[0m12:07:58.619784 [debug] [Thread-4 (]: dbt_clickhouse adapter: SQL status: OK in 0.00 seconds
[0m12:07:58.620504 [debug] [Thread-3 (]: Writing runtime sql for node "model.dwh.mart_dau"
[0m12:07:58.620891 [info ] [Thread-1 (]: 9 of 16 OK created sql view model `dwh`.`int_listings_enriched` ................ [[32mOK[0m in 0.03s]
[0m12:07:58.622005 [debug] [Thread-4 (]: Sending event: {'category': 'dbt', 'action': 'run_model', 'label': 'fc2da0b6-0c38-4f0d-b622-5bd32db0cb87', 'context': [<snowplow_tracker.self_describing_json.SelfDescribingJson object at 0xffff8c164290>]}
[0m12:07:58.622622 [debug] [Thread-1 (]: Finished running node model.dwh.int_listings_enriched
[0m12:07:58.623141 [info ] [Thread-4 (]: 8 of 16 OK created sql table model `dwh`.`dim_categories` ...................... [[32mOK[0m in 0.12s]
[0m12:07:58.623486 [debug] [Thread-2 (]: dbt_clickhouse adapter: SQL status: OK in 0.00 seconds
[0m12:07:58.623706 [debug] [Thread-1 (]: Began running node model.dwh.mart_revenue_daily
[0m12:07:58.624082 [debug] [Thread-4 (]: Finished running node model.dwh.dim_categories
[0m12:07:58.624945 [debug] [Thread-2 (]: Writing runtime sql for node "model.dwh.mart_arpu_monthly"
[0m12:07:58.625157 [debug] [Thread-3 (]: dbt_clickhouse adapter: On model.dwh.mart_dau: /* {"app": "dbt", "dbt_version": "1.11.15", "profile_name": "dwh", "target_name": "dev", "node_id": "model.dwh.mart_dau"} */

  
    
    
    
        


        
  

  insert into `dwh`.`mart_dau__dbt_backup`
        ("day", "platform", "dau")

SELECT
    toDate(ts) AS day,
    platform,
    uniqExact(user_id) AS dau
FROM `dwh`.`stg_user_activity`
GROUP BY day, platform
ORDER BY day, platform
  ...
[0m12:07:58.625394 [info ] [Thread-1 (]: 12 of 16 START sql table model `dwh`.`mart_revenue_daily` ...................... [RUN]
[0m12:07:58.625641 [debug] [Thread-4 (]: Began running node model.dwh.mart_revenue_monthly_yoy
[0m12:07:58.626132 [debug] [Thread-1 (]: Re-using an available connection from the pool (formerly model.dwh.int_listings_enriched, now model.dwh.mart_revenue_daily)
[0m12:07:58.626411 [info ] [Thread-4 (]: 13 of 16 START sql table model `dwh`.`mart_revenue_monthly_yoy` ................ [RUN]
[0m12:07:58.626827 [debug] [Thread-1 (]: Began compiling node model.dwh.mart_revenue_daily
[0m12:07:58.627051 [debug] [Thread-2 (]: dbt_clickhouse adapter: On model.dwh.mart_arpu_monthly: /* {"app": "dbt", "dbt_version": "1.11.15", "profile_name": "dwh", "target_name": "dev", "node_id": "model.dwh.mart_arpu_monthly"} */

  
    
    
    
        


        
  

  insert into `dwh`.`mart_arpu_monthly__dbt_backup`
        ("month", "revenue", "active_users", "arpu")

WITH revenue AS (
    SELECT
        toStartOfMonth(payment_date) AS month,
        sum(amount) AS revenue
    FROM `dwh`.`int_payments_success`
    GROUP BY month
),
mau AS (
    SELECT
        toStartOfMonth(ts) AS month,
        uniqExact(user_id) AS active_users
    FROM `dwh`.`stg_user_activity`
    GROUP BY month
)
SELECT
    r.month,
    r.revenue,
    m.active_users,
    round(r.revenue / m.active_users, 2) AS arpu
FROM revenue r
JOIN mau m ON m.month = r.month
ORDER BY r.month
  ...
[0m12:07:58.627236 [debug] [Thread-4 (]: Re-using an available connection from the pool (formerly model.dwh.dim_categories, now model.dwh.mart_revenue_monthly_yoy)
[0m12:07:58.629131 [debug] [Thread-1 (]: Writing injected SQL for node "model.dwh.mart_revenue_daily"
[0m12:07:58.629587 [debug] [Thread-4 (]: Began compiling node model.dwh.mart_revenue_monthly_yoy
[0m12:07:58.632251 [debug] [Thread-4 (]: Writing injected SQL for node "model.dwh.mart_revenue_monthly_yoy"
[0m12:07:58.633235 [debug] [Thread-1 (]: Began executing node model.dwh.mart_revenue_daily
[0m12:07:58.638446 [debug] [Thread-1 (]: dbt_clickhouse adapter: On model.dwh.mart_revenue_daily: /* {"app": "dbt", "dbt_version": "1.11.15", "profile_name": "dwh", "target_name": "dev", "node_id": "model.dwh.mart_revenue_daily"} */

        

    
        create table `dwh`.`mart_revenue_daily__dbt_backup`
        
  
        
  engine = MergeTree()
        
      order by (tuple())
        
        
        
        
                    -- end_of_sql
                    SETTINGS replicated_deduplication_window='0'

                    
          empty
          as (
            

SELECT
    toDate(payment_date) AS day,
    sum(amount) AS revenue
FROM `dwh`.`int_payments_success`
GROUP BY day
ORDER BY day
          )
        
    ...
[0m12:07:58.639295 [debug] [Thread-4 (]: Began executing node model.dwh.mart_revenue_monthly_yoy
[0m12:07:58.642700 [debug] [Thread-4 (]: dbt_clickhouse adapter: On model.dwh.mart_revenue_monthly_yoy: /* {"app": "dbt", "dbt_version": "1.11.15", "profile_name": "dwh", "target_name": "dev", "node_id": "model.dwh.mart_revenue_monthly_yoy"} */

        

    
        create table `dwh`.`mart_revenue_monthly_yoy__dbt_backup`
        
  
        
  engine = MergeTree()
        
      order by (tuple())
        
        
        
        
                    -- end_of_sql
                    SETTINGS replicated_deduplication_window='0'

                    
          empty
          as (
            

WITH monthly AS (
    SELECT
        toStartOfMonth(payment_date) AS month,
        sum(amount) AS revenue
    FROM `dwh`.`int_payments_success`
    GROUP BY month
)
SELECT
    m.month,
    m.revenue,
    p.revenue AS revenue_prev_year,
    round((m.revenue - p.revenue) / p.revenue, 4) AS yoy_growth
FROM monthly m
LEFT JOIN monthly p ON p.month = addMonths(m.month, -12)
ORDER BY m.month
          )
        
    ...
[0m12:07:58.643348 [debug] [Thread-1 (]: dbt_clickhouse adapter: SQL status: OK in 0.00 seconds
[0m12:07:58.644866 [debug] [Thread-1 (]: dbt_clickhouse adapter: On model.dwh.mart_revenue_daily: /* {"app": "dbt", "dbt_version": "1.11.15", "profile_name": "dwh", "target_name": "dev", "node_id": "model.dwh.mart_revenue_daily"} */

    select name, type from system.columns where table = 'mart_revenue_daily__dbt_backup'
    
      
        and database = 'dwh'
      
    
    order by position
  ...
[0m12:07:58.646981 [debug] [Thread-1 (]: dbt_clickhouse adapter: SQL status: OK in 0.00 seconds
[0m12:07:58.647971 [debug] [Thread-1 (]: Writing runtime sql for node "model.dwh.mart_revenue_daily"
[0m12:07:58.648740 [debug] [Thread-1 (]: dbt_clickhouse adapter: On model.dwh.mart_revenue_daily: /* {"app": "dbt", "dbt_version": "1.11.15", "profile_name": "dwh", "target_name": "dev", "node_id": "model.dwh.mart_revenue_daily"} */

  
    
    
    
        


        
  

  insert into `dwh`.`mart_revenue_daily__dbt_backup`
        ("day", "revenue")

SELECT
    toDate(payment_date) AS day,
    sum(amount) AS revenue
FROM `dwh`.`int_payments_success`
GROUP BY day
ORDER BY day
  ...
[0m12:07:58.651770 [debug] [Thread-4 (]: dbt_clickhouse adapter: SQL status: OK in 0.01 seconds
[0m12:07:58.653925 [debug] [Thread-4 (]: dbt_clickhouse adapter: On model.dwh.mart_revenue_monthly_yoy: /* {"app": "dbt", "dbt_version": "1.11.15", "profile_name": "dwh", "target_name": "dev", "node_id": "model.dwh.mart_revenue_monthly_yoy"} */

    select name, type from system.columns where table = 'mart_revenue_monthly_yoy__dbt_backup'
    
      
        and database = 'dwh'
      
    
    order by position
  ...
[0m12:07:58.657862 [debug] [Thread-4 (]: dbt_clickhouse adapter: SQL status: OK in 0.00 seconds
[0m12:07:58.665143 [debug] [Thread-4 (]: Writing runtime sql for node "model.dwh.mart_revenue_monthly_yoy"
[0m12:07:58.667847 [debug] [Thread-4 (]: dbt_clickhouse adapter: On model.dwh.mart_revenue_monthly_yoy: /* {"app": "dbt", "dbt_version": "1.11.15", "profile_name": "dwh", "target_name": "dev", "node_id": "model.dwh.mart_revenue_monthly_yoy"} */

  
    
    
    
        


        
  

  insert into `dwh`.`mart_revenue_monthly_yoy__dbt_backup`
        ("month", "revenue", "revenue_prev_year", "yoy_growth")

WITH monthly AS (
    SELECT
        toStartOfMonth(payment_date) AS month,
        sum(amount) AS revenue
    FROM `dwh`.`int_payments_success`
    GROUP BY month
)
SELECT
    m.month,
    m.revenue,
    p.revenue AS revenue_prev_year,
    round((m.revenue - p.revenue) / p.revenue, 4) AS yoy_growth
FROM monthly m
LEFT JOIN monthly p ON p.month = addMonths(m.month, -12)
ORDER BY m.month
  ...
[0m12:07:58.726815 [debug] [Thread-1 (]: dbt_clickhouse adapter: SQL status: OK in 0.08 seconds
[0m12:07:58.728075 [debug] [Thread-1 (]: dbt_clickhouse adapter: On model.dwh.mart_revenue_daily: /* {"app": "dbt", "dbt_version": "1.11.15", "profile_name": "dwh", "target_name": "dev", "node_id": "model.dwh.mart_revenue_daily"} */
EXCHANGE TABLES `dwh`.`mart_revenue_daily__dbt_backup` AND `dwh`.`mart_revenue_daily` 
  
  ...
[0m12:07:58.736565 [debug] [Thread-1 (]: dbt_clickhouse adapter: SQL status: OK in 0.01 seconds
[0m12:07:58.746624 [debug] [Thread-1 (]: dbt_clickhouse adapter: On model.dwh.mart_revenue_daily: /* {"app": "dbt", "dbt_version": "1.11.15", "profile_name": "dwh", "target_name": "dev", "node_id": "model.dwh.mart_revenue_daily"} */
drop table if exists `dwh`.`mart_revenue_daily__dbt_backup` 
  ...
[0m12:07:58.751704 [debug] [Thread-1 (]: dbt_clickhouse adapter: SQL status: OK in 0.00 seconds
[0m12:07:58.753763 [debug] [Thread-1 (]: Sending event: {'category': 'dbt', 'action': 'run_model', 'label': 'fc2da0b6-0c38-4f0d-b622-5bd32db0cb87', 'context': [<snowplow_tracker.self_describing_json.SelfDescribingJson object at 0xffff8d28ae10>]}
[0m12:07:58.754802 [info ] [Thread-1 (]: 12 of 16 OK created sql table model `dwh`.`mart_revenue_daily` ................. [[32mOK[0m in 0.13s]
[0m12:07:58.755694 [debug] [Thread-1 (]: Finished running node model.dwh.mart_revenue_daily
[0m12:07:58.757872 [debug] [Thread-1 (]: Began running node model.dwh.dim_vas_types
[0m12:07:58.758804 [info ] [Thread-1 (]: 14 of 16 START sql table model `dwh`.`dim_vas_types` ........................... [RUN]
[0m12:07:58.760840 [debug] [Thread-1 (]: Re-using an available connection from the pool (formerly model.dwh.mart_revenue_daily, now model.dwh.dim_vas_types)
[0m12:07:58.762701 [debug] [Thread-1 (]: Began compiling node model.dwh.dim_vas_types
[0m12:07:58.767657 [debug] [Thread-1 (]: Writing injected SQL for node "model.dwh.dim_vas_types"
[0m12:07:58.771602 [debug] [Thread-1 (]: Began executing node model.dwh.dim_vas_types
[0m12:07:58.775153 [debug] [Thread-1 (]: dbt_clickhouse adapter: On model.dwh.dim_vas_types: /* {"app": "dbt", "dbt_version": "1.11.15", "profile_name": "dwh", "target_name": "dev", "node_id": "model.dwh.dim_vas_types"} */

        

    
        create table `dwh`.`dim_vas_types__dbt_backup`
        
  
        
  engine = MergeTree()
        
      order by (tuple())
        
        
        
        
                    -- end_of_sql
                    SETTINGS replicated_deduplication_window='0'

                    
          empty
          as (
            

SELECT
    vas_type_id,
    name AS vas_type_name,
    description
FROM `dwh`.`stg_vas_types`
          )
        
    ...
[0m12:07:58.801412 [debug] [Thread-1 (]: dbt_clickhouse adapter: SQL status: OK in 0.03 seconds
[0m12:07:58.806514 [debug] [Thread-1 (]: dbt_clickhouse adapter: On model.dwh.dim_vas_types: /* {"app": "dbt", "dbt_version": "1.11.15", "profile_name": "dwh", "target_name": "dev", "node_id": "model.dwh.dim_vas_types"} */

    select name, type from system.columns where table = 'dim_vas_types__dbt_backup'
    
      
        and database = 'dwh'
      
    
    order by position
  ...
[0m12:07:58.811160 [debug] [Thread-1 (]: dbt_clickhouse adapter: SQL status: OK in 0.00 seconds
[0m12:07:58.816442 [debug] [Thread-1 (]: Writing runtime sql for node "model.dwh.dim_vas_types"
[0m12:07:58.820677 [debug] [Thread-1 (]: dbt_clickhouse adapter: On model.dwh.dim_vas_types: /* {"app": "dbt", "dbt_version": "1.11.15", "profile_name": "dwh", "target_name": "dev", "node_id": "model.dwh.dim_vas_types"} */

  
    
    
    
        


        
  

  insert into `dwh`.`dim_vas_types__dbt_backup`
        ("vas_type_id", "vas_type_name", "description")

SELECT
    vas_type_id,
    name AS vas_type_name,
    description
FROM `dwh`.`stg_vas_types`
  ...
[0m12:07:58.821744 [debug] [Thread-4 (]: dbt_clickhouse adapter: SQL status: OK in 0.15 seconds
[0m12:07:58.823122 [debug] [Thread-4 (]: dbt_clickhouse adapter: On model.dwh.mart_revenue_monthly_yoy: /* {"app": "dbt", "dbt_version": "1.11.15", "profile_name": "dwh", "target_name": "dev", "node_id": "model.dwh.mart_revenue_monthly_yoy"} */
EXCHANGE TABLES `dwh`.`mart_revenue_monthly_yoy__dbt_backup` AND `dwh`.`mart_revenue_monthly_yoy` 
  
  ...
[0m12:07:58.835552 [debug] [Thread-4 (]: dbt_clickhouse adapter: SQL status: OK in 0.01 seconds
[0m12:07:58.841035 [debug] [Thread-4 (]: dbt_clickhouse adapter: On model.dwh.mart_revenue_monthly_yoy: /* {"app": "dbt", "dbt_version": "1.11.15", "profile_name": "dwh", "target_name": "dev", "node_id": "model.dwh.mart_revenue_monthly_yoy"} */
drop table if exists `dwh`.`mart_revenue_monthly_yoy__dbt_backup` 
  ...
[0m12:07:58.845372 [debug] [Thread-4 (]: dbt_clickhouse adapter: SQL status: OK in 0.00 seconds
[0m12:07:58.849796 [debug] [Thread-4 (]: Sending event: {'category': 'dbt', 'action': 'run_model', 'label': 'fc2da0b6-0c38-4f0d-b622-5bd32db0cb87', 'context': [<snowplow_tracker.self_describing_json.SelfDescribingJson object at 0xffff8d289c10>]}
[0m12:07:58.851080 [info ] [Thread-4 (]: 13 of 16 OK created sql table model `dwh`.`mart_revenue_monthly_yoy` ........... [[32mOK[0m in 0.22s]
[0m12:07:58.854065 [debug] [Thread-4 (]: Finished running node model.dwh.mart_revenue_monthly_yoy
[0m12:07:58.856162 [debug] [Thread-4 (]: Began running node model.dwh.mart_listings_by_category
[0m12:07:58.863110 [info ] [Thread-4 (]: 15 of 16 START sql table model `dwh`.`mart_listings_by_category` ............... [RUN]
[0m12:07:58.866980 [debug] [Thread-4 (]: Re-using an available connection from the pool (formerly model.dwh.mart_revenue_monthly_yoy, now model.dwh.mart_listings_by_category)
[0m12:07:58.869759 [debug] [Thread-4 (]: Began compiling node model.dwh.mart_listings_by_category
[0m12:07:58.876838 [debug] [Thread-4 (]: Writing injected SQL for node "model.dwh.mart_listings_by_category"
[0m12:07:58.878183 [debug] [Thread-1 (]: dbt_clickhouse adapter: SQL status: OK in 0.06 seconds
[0m12:07:58.881635 [debug] [Thread-1 (]: dbt_clickhouse adapter: On model.dwh.dim_vas_types: /* {"app": "dbt", "dbt_version": "1.11.15", "profile_name": "dwh", "target_name": "dev", "node_id": "model.dwh.dim_vas_types"} */
EXCHANGE TABLES `dwh`.`dim_vas_types__dbt_backup` AND `dwh`.`dim_vas_types` 
  
  ...
[0m12:07:58.883280 [debug] [Thread-4 (]: Began executing node model.dwh.mart_listings_by_category
[0m12:07:58.890470 [debug] [Thread-4 (]: dbt_clickhouse adapter: On model.dwh.mart_listings_by_category: /* {"app": "dbt", "dbt_version": "1.11.15", "profile_name": "dwh", "target_name": "dev", "node_id": "model.dwh.mart_listings_by_category"} */

        

    
        create table `dwh`.`mart_listings_by_category__dbt_backup`
        
  
        
  engine = MergeTree()
        
      order by (tuple())
        
        
        
        
                    -- end_of_sql
                    SETTINGS replicated_deduplication_window='0'

                    
          empty
          as (
            

SELECT
    category_id,
    category_name,
    count(*) AS listing_count,
    round(avg(price), 2) AS avg_price
FROM `dwh`.`int_listings_enriched`
GROUP BY category_id, category_name
ORDER BY listing_count DESC
          )
        
    ...
[0m12:07:58.901218 [debug] [Thread-1 (]: dbt_clickhouse adapter: SQL status: OK in 0.02 seconds
[0m12:07:58.904961 [debug] [Thread-1 (]: dbt_clickhouse adapter: On model.dwh.dim_vas_types: /* {"app": "dbt", "dbt_version": "1.11.15", "profile_name": "dwh", "target_name": "dev", "node_id": "model.dwh.dim_vas_types"} */
drop table if exists `dwh`.`dim_vas_types__dbt_backup` 
  ...
[0m12:07:58.909930 [debug] [Thread-1 (]: dbt_clickhouse adapter: Error running SQL: /* {"app": "dbt", "dbt_version": "1.11.15", "profile_name": "dwh", "target_name": "dev", "node_id": "model.dwh.dim_vas_types"} */
drop table if exists `dwh`.`dim_vas_types__dbt_backup` 
  
[0m12:07:58.911987 [debug] [Thread-1 (]: dbt_clickhouse adapter: Error running SQL: macro drop_relation
[0m12:07:58.921479 [debug] [Thread-4 (]: dbt_clickhouse adapter: SQL status: OK in 0.03 seconds
[0m12:07:58.922256 [debug] [Thread-1 (]: Database Error in model dim_vas_types (models/marts/dim_vas_types.sql)
  Code: 236.
  DB::Exception: The server is shutting down due to a fatal error. Stack trace:
  
  0. DB::Exception::Exception(DB::Exception::MessageMasked&&, int, bool) @ 0x00000000137733d0
  1. DB::Exception::Exception(String&&, int, String, bool) @ 0x000000000e3f9d18
  2. DB::Exception::Exception(PreformattedMessage&&, int) @ 0x000000000e3f958c
  3. DB::Exception::Exception<>(int, FormatStringHelperImpl<>) @ 0x0000000013771a14
  4. DB::executeQuery(std::basic_string_view<char, std::char_traits<char>>, std::shared_ptr<DB::Context>, DB::QueryFlags, DB::QueryProcessingStage::Enum) @ 0x00000000181a9e04
  5. DB::TCPHandler::runImpl() @ 0x00000000196ca2f8
  6. DB::TCPHandler::run() @ 0x00000000196e9748
  7. Poco::Net::TCPServerConnection::start() @ 0x000000001e86cad8
  8. Poco::Net::TCPServerDispatcher::run() @ 0x000000001e86d0e4
  9. Poco::PooledThread::run() @ 0x000000001e82c0f8
  10. Poco::ThreadImpl::runnableEntry(void*) @ 0x000000001e82a2f0
  11. ? @ 0x00000000000803c8
  12. ? @ 0x00000000000e9edc
  compiled code at target/run/dwh/models/marts/dim_vas_types.sql
[0m12:07:58.924813 [debug] [Thread-4 (]: dbt_clickhouse adapter: On model.dwh.mart_listings_by_category: /* {"app": "dbt", "dbt_version": "1.11.15", "profile_name": "dwh", "target_name": "dev", "node_id": "model.dwh.mart_listings_by_category"} */

    select name, type from system.columns where table = 'mart_listings_by_category__dbt_backup'
    
      
        and database = 'dwh'
      
    
    order by position
  ...
[0m12:07:58.925413 [debug] [Thread-1 (]: Sending event: {'category': 'dbt', 'action': 'run_model', 'label': 'fc2da0b6-0c38-4f0d-b622-5bd32db0cb87', 'context': [<snowplow_tracker.self_describing_json.SelfDescribingJson object at 0xffff8c1a0d10>]}
[0m12:07:58.926121 [error] [Thread-1 (]: 14 of 16 ERROR creating sql table model `dwh`.`dim_vas_types` .................. [[31mERROR[0m in 0.16s]
[0m12:07:58.926834 [debug] [Thread-1 (]: Finished running node model.dwh.dim_vas_types
[0m12:07:58.927163 [debug] [Thread-4 (]: dbt_clickhouse adapter: Error running SQL: /* {"app": "dbt", "dbt_version": "1.11.15", "profile_name": "dwh", "target_name": "dev", "node_id": "model.dwh.mart_listings_by_category"} */

    select name, type from system.columns where table = 'mart_listings_by_category__dbt_backup'
    
      
        and database = 'dwh'
      
    
    order by position
  
[0m12:07:58.927592 [debug] [Thread-7 (]: Marking all children of 'model.dwh.dim_vas_types' to be skipped because of status 'error'.  Reason: Database Error in model dim_vas_types (models/marts/dim_vas_types.sql)
  Code: 236.
  DB::Exception: The server is shutting down due to a fatal error. Stack trace:
  
  0. DB::Exception::Exception(DB::Exception::MessageMasked&&, int, bool) @ 0x00000000137733d0
  1. DB::Exception::Exception(String&&, int, String, bool) @ 0x000000000e3f9d18
  2. DB::Exception::Exception(PreformattedMessage&&, int) @ 0x000000000e3f958c
  3. DB::Exception::Exception<>(int, FormatStringHelperImpl<>) @ 0x0000000013771a14
  4. DB::executeQuery(std::basic_string_view<char, std::char_traits<char>>, std::shared_ptr<DB::Context>, DB::QueryFlags, DB::QueryProcessingStage::Enum) @ 0x00000000181a9e04
  5. DB::TCPHandler::runImpl() @ 0x00000000196ca2f8
  6. DB::TCPHandler::run() @ 0x00000000196e9748
  7. Poco::Net::TCPServerConnection::start() @ 0x000000001e86cad8
  8. Poco::Net::TCPServerDispatcher::run() @ 0x000000001e86d0e4
  9. Poco::PooledThread::run() @ 0x000000001e82c0f8
  10. Poco::ThreadImpl::runnableEntry(void*) @ 0x000000001e82a2f0
  11. ? @ 0x00000000000803c8
  12. ? @ 0x00000000000e9edc
  compiled code at target/run/dwh/models/marts/dim_vas_types.sql.
[0m12:07:58.928023 [debug] [Thread-4 (]: dbt_clickhouse adapter: Error running SQL: macro get_columns_in_relation
[0m12:07:58.929140 [debug] [Thread-1 (]: Began running node model.dwh.mart_vas
[0m12:07:58.933531 [info ] [Thread-1 (]: 16 of 16 SKIP relation dwh.mart_vas ............................................ [[33mSKIP[0m]
[0m12:07:58.939610 [debug] [Thread-1 (]: Finished running node model.dwh.mart_vas
[0m12:07:58.940885 [debug] [Thread-4 (]: Database Error in model mart_listings_by_category (models/marts/mart_listings_by_category.sql)
  Code: 236.
  DB::Exception: The server is shutting down due to a fatal error. Stack trace:
  
  0. DB::Exception::Exception(DB::Exception::MessageMasked&&, int, bool) @ 0x00000000137733d0
  1. DB::Exception::Exception(String&&, int, String, bool) @ 0x000000000e3f9d18
  2. DB::Exception::Exception(PreformattedMessage&&, int) @ 0x000000000e3f958c
  3. DB::Exception::Exception<>(int, FormatStringHelperImpl<>) @ 0x0000000013771a14
  4. DB::executeQuery(std::basic_string_view<char, std::char_traits<char>>, std::shared_ptr<DB::Context>, DB::QueryFlags, DB::QueryProcessingStage::Enum) @ 0x00000000181a9e04
  5. DB::TCPHandler::runImpl() @ 0x00000000196ca2f8
  6. DB::TCPHandler::run() @ 0x00000000196e9748
  7. Poco::Net::TCPServerConnection::start() @ 0x000000001e86cad8
  8. Poco::Net::TCPServerDispatcher::run() @ 0x000000001e86d0e4
  9. Poco::PooledThread::run() @ 0x000000001e82c0f8
  10. Poco::ThreadImpl::runnableEntry(void*) @ 0x000000001e82a2f0
  11. ? @ 0x00000000000803c8
  12. ? @ 0x00000000000e9edc
[0m12:07:58.941735 [debug] [Thread-4 (]: Sending event: {'category': 'dbt', 'action': 'run_model', 'label': 'fc2da0b6-0c38-4f0d-b622-5bd32db0cb87', 'context': [<snowplow_tracker.self_describing_json.SelfDescribingJson object at 0xffff8d28b7d0>]}
[0m12:07:58.942374 [error] [Thread-4 (]: 15 of 16 ERROR creating sql table model `dwh`.`mart_listings_by_category` ...... [[31mERROR[0m in 0.08s]
[0m12:07:58.942937 [debug] [Thread-4 (]: Finished running node model.dwh.mart_listings_by_category
[0m12:07:58.943474 [debug] [Thread-7 (]: Marking all children of 'model.dwh.mart_listings_by_category' to be skipped because of status 'error'.  Reason: Database Error in model mart_listings_by_category (models/marts/mart_listings_by_category.sql)
  Code: 236.
  DB::Exception: The server is shutting down due to a fatal error. Stack trace:
  
  0. DB::Exception::Exception(DB::Exception::MessageMasked&&, int, bool) @ 0x00000000137733d0
  1. DB::Exception::Exception(String&&, int, String, bool) @ 0x000000000e3f9d18
  2. DB::Exception::Exception(PreformattedMessage&&, int) @ 0x000000000e3f958c
  3. DB::Exception::Exception<>(int, FormatStringHelperImpl<>) @ 0x0000000013771a14
  4. DB::executeQuery(std::basic_string_view<char, std::char_traits<char>>, std::shared_ptr<DB::Context>, DB::QueryFlags, DB::QueryProcessingStage::Enum) @ 0x00000000181a9e04
  5. DB::TCPHandler::runImpl() @ 0x00000000196ca2f8
  6. DB::TCPHandler::run() @ 0x00000000196e9748
  7. Poco::Net::TCPServerConnection::start() @ 0x000000001e86cad8
  8. Poco::Net::TCPServerDispatcher::run() @ 0x000000001e86d0e4
  9. Poco::PooledThread::run() @ 0x000000001e82c0f8
  10. Poco::ThreadImpl::runnableEntry(void*) @ 0x000000001e82a2f0
  11. ? @ 0x00000000000803c8
  12. ? @ 0x00000000000e9edc.
[0m12:07:59.404500 [debug] [Thread-2 (]: dbt_clickhouse adapter: SQL status: OK in 0.77 seconds
[0m12:07:59.406504 [debug] [Thread-2 (]: dbt_clickhouse adapter: On model.dwh.mart_arpu_monthly: /* {"app": "dbt", "dbt_version": "1.11.15", "profile_name": "dwh", "target_name": "dev", "node_id": "model.dwh.mart_arpu_monthly"} */
EXCHANGE TABLES `dwh`.`mart_arpu_monthly__dbt_backup` AND `dwh`.`mart_arpu_monthly` 
  
  ...
[0m12:07:59.407482 [debug] [Thread-2 (]: dbt_clickhouse adapter: Error running SQL: /* {"app": "dbt", "dbt_version": "1.11.15", "profile_name": "dwh", "target_name": "dev", "node_id": "model.dwh.mart_arpu_monthly"} */
EXCHANGE TABLES `dwh`.`mart_arpu_monthly__dbt_backup` AND `dwh`.`mart_arpu_monthly` 
  
  
[0m12:07:59.411141 [debug] [Thread-2 (]: Database Error in model mart_arpu_monthly (models/marts/mart_arpu_monthly.sql)
  Code: 236.
  DB::Exception: The server is shutting down due to a fatal error. Stack trace:
  
  0. DB::Exception::Exception(DB::Exception::MessageMasked&&, int, bool) @ 0x00000000137733d0
  1. DB::Exception::Exception(String&&, int, String, bool) @ 0x000000000e3f9d18
  2. DB::Exception::Exception(PreformattedMessage&&, int) @ 0x000000000e3f958c
  3. DB::Exception::Exception<>(int, FormatStringHelperImpl<>) @ 0x0000000013771a14
  4. DB::executeQuery(std::basic_string_view<char, std::char_traits<char>>, std::shared_ptr<DB::Context>, DB::QueryFlags, DB::QueryProcessingStage::Enum) @ 0x00000000181a9e04
  5. DB::TCPHandler::runImpl() @ 0x00000000196ca2f8
  6. DB::TCPHandler::run() @ 0x00000000196e9748
  7. Poco::Net::TCPServerConnection::start() @ 0x000000001e86cad8
  8. Poco::Net::TCPServerDispatcher::run() @ 0x000000001e86d0e4
  9. Poco::PooledThread::run() @ 0x000000001e82c0f8
  10. Poco::ThreadImpl::runnableEntry(void*) @ 0x000000001e82a2f0
  11. ? @ 0x00000000000803c8
  12. ? @ 0x00000000000e9edc
  compiled code at target/run/dwh/models/marts/mart_arpu_monthly.sql
[0m12:07:59.411676 [debug] [Thread-2 (]: Sending event: {'category': 'dbt', 'action': 'run_model', 'label': 'fc2da0b6-0c38-4f0d-b622-5bd32db0cb87', 'context': [<snowplow_tracker.self_describing_json.SelfDescribingJson object at 0xffff8c0dd490>]}
[0m12:07:59.412187 [error] [Thread-2 (]: 11 of 16 ERROR creating sql table model `dwh`.`mart_arpu_monthly` .............. [[31mERROR[0m in 0.82s]
[0m12:07:59.413210 [debug] [Thread-2 (]: Finished running node model.dwh.mart_arpu_monthly
[0m12:07:59.413804 [debug] [Thread-7 (]: Marking all children of 'model.dwh.mart_arpu_monthly' to be skipped because of status 'error'.  Reason: Database Error in model mart_arpu_monthly (models/marts/mart_arpu_monthly.sql)
  Code: 236.
  DB::Exception: The server is shutting down due to a fatal error. Stack trace:
  
  0. DB::Exception::Exception(DB::Exception::MessageMasked&&, int, bool) @ 0x00000000137733d0
  1. DB::Exception::Exception(String&&, int, String, bool) @ 0x000000000e3f9d18
  2. DB::Exception::Exception(PreformattedMessage&&, int) @ 0x000000000e3f958c
  3. DB::Exception::Exception<>(int, FormatStringHelperImpl<>) @ 0x0000000013771a14
  4. DB::executeQuery(std::basic_string_view<char, std::char_traits<char>>, std::shared_ptr<DB::Context>, DB::QueryFlags, DB::QueryProcessingStage::Enum) @ 0x00000000181a9e04
  5. DB::TCPHandler::runImpl() @ 0x00000000196ca2f8
  6. DB::TCPHandler::run() @ 0x00000000196e9748
  7. Poco::Net::TCPServerConnection::start() @ 0x000000001e86cad8
  8. Poco::Net::TCPServerDispatcher::run() @ 0x000000001e86d0e4
  9. Poco::PooledThread::run() @ 0x000000001e82c0f8
  10. Poco::ThreadImpl::runnableEntry(void*) @ 0x000000001e82a2f0
  11. ? @ 0x00000000000803c8
  12. ? @ 0x00000000000e9edc
  compiled code at target/run/dwh/models/marts/mart_arpu_monthly.sql.
[0m12:08:13.146312 [debug] [Thread-3 (]: dbt_clickhouse adapter: Error running SQL: /* {"app": "dbt", "dbt_version": "1.11.15", "profile_name": "dwh", "target_name": "dev", "node_id": "model.dwh.mart_dau"} */

  
    
    
    
        


        
  

  insert into `dwh`.`mart_dau__dbt_backup`
        ("day", "platform", "dau")

SELECT
    toDate(ts) AS day,
    platform,
    uniqExact(user_id) AS dau
FROM `dwh`.`stg_user_activity`
GROUP BY day, platform
ORDER BY day, platform
  
[0m12:08:13.157365 [debug] [Thread-3 (]: Runtime Error in model mart_dau (models/marts/mart_dau.sql)
  ClickHouse exception:  Unexpected EOF while reading bytes
[0m12:08:13.158795 [debug] [Thread-3 (]: Sending event: {'category': 'dbt', 'action': 'run_model', 'label': 'fc2da0b6-0c38-4f0d-b622-5bd32db0cb87', 'context': [<snowplow_tracker.self_describing_json.SelfDescribingJson object at 0xffff7dee09b0>]}
[0m12:08:13.160756 [error] [Thread-3 (]: 10 of 16 ERROR creating sql table model `dwh`.`mart_dau` ....................... [[31mERROR[0m in 14.57s]
[0m12:08:13.161748 [debug] [Thread-3 (]: Finished running node model.dwh.mart_dau
[0m12:08:13.162648 [debug] [Thread-7 (]: Marking all children of 'model.dwh.mart_dau' to be skipped because of status 'error'.  Reason: Runtime Error in model mart_dau (models/marts/mart_dau.sql)
  ClickHouse exception:  Unexpected EOF while reading bytes.
[0m12:08:13.167091 [debug] [MainThread]: Connection 'master' was properly closed.
[0m12:08:13.167486 [debug] [MainThread]: Connection 'model.dwh.dim_vas_types' was left open.
[0m12:08:13.167795 [debug] [MainThread]: On model.dwh.dim_vas_types: Close
[0m12:08:13.167990 [debug] [MainThread]: Connection 'model.dwh.mart_listings_by_category' was left open.
[0m12:08:13.168319 [debug] [MainThread]: On model.dwh.mart_listings_by_category: Close
[0m12:08:13.168580 [debug] [MainThread]: Connection 'model.dwh.mart_dau' was left open.
[0m12:08:13.168833 [debug] [MainThread]: On model.dwh.mart_dau: Close
[0m12:08:13.168991 [debug] [MainThread]: Connection 'model.dwh.mart_arpu_monthly' was left open.
[0m12:08:13.169108 [debug] [MainThread]: On model.dwh.mart_arpu_monthly: Close
[0m12:08:13.169808 [info ] [MainThread]: 
[0m12:08:13.170239 [info ] [MainThread]: Finished running 8 table models, 8 view models in 0 hours 0 minutes and 15.01 seconds (15.01s).
[0m12:08:13.172288 [debug] [MainThread]: Command end result
[0m12:08:13.203641 [debug] [MainThread]: Wrote artifact WritableManifest to /opt/airflow/dbt/target/manifest.json
[0m12:08:13.207743 [debug] [MainThread]: Wrote artifact SemanticManifest to /opt/airflow/dbt/target/semantic_manifest.json
[0m12:08:13.215181 [debug] [MainThread]: Wrote artifact RunExecutionResult to /opt/airflow/dbt/target/run_results.json
[0m12:08:13.215469 [info ] [MainThread]: 
[0m12:08:13.216043 [info ] [MainThread]: [31mCompleted with 4 errors, 0 partial successes, and 0 warnings:[0m
[0m12:08:13.216569 [info ] [MainThread]: 
[0m12:08:13.216838 [error] [MainThread]: [31mFailure in model dim_vas_types (models/marts/dim_vas_types.sql)[0m
[0m12:08:13.217269 [error] [MainThread]:   Database Error in model dim_vas_types (models/marts/dim_vas_types.sql)
  Code: 236.
  DB::Exception: The server is shutting down due to a fatal error. Stack trace:
  
  0. DB::Exception::Exception(DB::Exception::MessageMasked&&, int, bool) @ 0x00000000137733d0
  1. DB::Exception::Exception(String&&, int, String, bool) @ 0x000000000e3f9d18
  2. DB::Exception::Exception(PreformattedMessage&&, int) @ 0x000000000e3f958c
  3. DB::Exception::Exception<>(int, FormatStringHelperImpl<>) @ 0x0000000013771a14
  4. DB::executeQuery(std::basic_string_view<char, std::char_traits<char>>, std::shared_ptr<DB::Context>, DB::QueryFlags, DB::QueryProcessingStage::Enum) @ 0x00000000181a9e04
  5. DB::TCPHandler::runImpl() @ 0x00000000196ca2f8
  6. DB::TCPHandler::run() @ 0x00000000196e9748
  7. Poco::Net::TCPServerConnection::start() @ 0x000000001e86cad8
  8. Poco::Net::TCPServerDispatcher::run() @ 0x000000001e86d0e4
  9. Poco::PooledThread::run() @ 0x000000001e82c0f8
  10. Poco::ThreadImpl::runnableEntry(void*) @ 0x000000001e82a2f0
  11. ? @ 0x00000000000803c8
  12. ? @ 0x00000000000e9edc
  compiled code at target/run/dwh/models/marts/dim_vas_types.sql
[0m12:08:13.217753 [info ] [MainThread]: 
[0m12:08:13.218159 [info ] [MainThread]:   compiled code at target/compiled/dwh/models/marts/dim_vas_types.sql
[0m12:08:13.218321 [info ] [MainThread]: 
[0m12:08:13.218716 [error] [MainThread]: [31mFailure in model mart_listings_by_category (models/marts/mart_listings_by_category.sql)[0m
[0m12:08:13.219013 [error] [MainThread]:   Database Error in model mart_listings_by_category (models/marts/mart_listings_by_category.sql)
  Code: 236.
  DB::Exception: The server is shutting down due to a fatal error. Stack trace:
  
  0. DB::Exception::Exception(DB::Exception::MessageMasked&&, int, bool) @ 0x00000000137733d0
  1. DB::Exception::Exception(String&&, int, String, bool) @ 0x000000000e3f9d18
  2. DB::Exception::Exception(PreformattedMessage&&, int) @ 0x000000000e3f958c
  3. DB::Exception::Exception<>(int, FormatStringHelperImpl<>) @ 0x0000000013771a14
  4. DB::executeQuery(std::basic_string_view<char, std::char_traits<char>>, std::shared_ptr<DB::Context>, DB::QueryFlags, DB::QueryProcessingStage::Enum) @ 0x00000000181a9e04
  5. DB::TCPHandler::runImpl() @ 0x00000000196ca2f8
  6. DB::TCPHandler::run() @ 0x00000000196e9748
  7. Poco::Net::TCPServerConnection::start() @ 0x000000001e86cad8
  8. Poco::Net::TCPServerDispatcher::run() @ 0x000000001e86d0e4
  9. Poco::PooledThread::run() @ 0x000000001e82c0f8
  10. Poco::ThreadImpl::runnableEntry(void*) @ 0x000000001e82a2f0
  11. ? @ 0x00000000000803c8
  12. ? @ 0x00000000000e9edc
[0m12:08:13.219504 [info ] [MainThread]: 
[0m12:08:13.219693 [info ] [MainThread]:   compiled code at target/compiled/dwh/models/marts/mart_listings_by_category.sql
[0m12:08:13.219962 [info ] [MainThread]: 
[0m12:08:13.220383 [error] [MainThread]: [31mFailure in model mart_arpu_monthly (models/marts/mart_arpu_monthly.sql)[0m
[0m12:08:13.220665 [error] [MainThread]:   Database Error in model mart_arpu_monthly (models/marts/mart_arpu_monthly.sql)
  Code: 236.
  DB::Exception: The server is shutting down due to a fatal error. Stack trace:
  
  0. DB::Exception::Exception(DB::Exception::MessageMasked&&, int, bool) @ 0x00000000137733d0
  1. DB::Exception::Exception(String&&, int, String, bool) @ 0x000000000e3f9d18
  2. DB::Exception::Exception(PreformattedMessage&&, int) @ 0x000000000e3f958c
  3. DB::Exception::Exception<>(int, FormatStringHelperImpl<>) @ 0x0000000013771a14
  4. DB::executeQuery(std::basic_string_view<char, std::char_traits<char>>, std::shared_ptr<DB::Context>, DB::QueryFlags, DB::QueryProcessingStage::Enum) @ 0x00000000181a9e04
  5. DB::TCPHandler::runImpl() @ 0x00000000196ca2f8
  6. DB::TCPHandler::run() @ 0x00000000196e9748
  7. Poco::Net::TCPServerConnection::start() @ 0x000000001e86cad8
  8. Poco::Net::TCPServerDispatcher::run() @ 0x000000001e86d0e4
  9. Poco::PooledThread::run() @ 0x000000001e82c0f8
  10. Poco::ThreadImpl::runnableEntry(void*) @ 0x000000001e82a2f0
  11. ? @ 0x00000000000803c8
  12. ? @ 0x00000000000e9edc
  compiled code at target/run/dwh/models/marts/mart_arpu_monthly.sql
[0m12:08:13.221075 [info ] [MainThread]: 
[0m12:08:13.221267 [info ] [MainThread]:   compiled code at target/compiled/dwh/models/marts/mart_arpu_monthly.sql
[0m12:08:13.221623 [info ] [MainThread]: 
[0m12:08:13.221905 [error] [MainThread]: [31mFailure in model mart_dau (models/marts/mart_dau.sql)[0m
[0m12:08:13.222342 [error] [MainThread]:   Runtime Error in model mart_dau (models/marts/mart_dau.sql)
  ClickHouse exception:  Unexpected EOF while reading bytes
[0m12:08:13.222653 [info ] [MainThread]: 
[0m12:08:13.222819 [info ] [MainThread]:   compiled code at target/compiled/dwh/models/marts/mart_dau.sql
[0m12:08:13.223154 [info ] [MainThread]: 
[0m12:08:13.224584 [info ] [MainThread]: Done. PASS=11 WARN=0 ERROR=4 SKIP=1 NO-OP=0 TOTAL=16
[0m12:08:13.228125 [debug] [MainThread]: Resource report: {"command_name": "run", "command_success": false, "command_wall_clock_time": 15.420829, "process_in_blocks": "2752", "process_kernel_time": 0.181527, "process_mem_max_rss": "153784", "process_out_blocks": "2855", "process_user_time": 1.460247}
[0m12:08:13.228751 [debug] [MainThread]: Command `dbt run` failed at 12:08:13.228672 after 15.42 seconds
[0m12:08:13.229390 [debug] [MainThread]: Sending event: {'category': 'dbt', 'action': 'invocation', 'label': 'end', 'context': [<snowplow_tracker.self_describing_json.SelfDescribingJson object at 0xffff91713ef0>, <snowplow_tracker.self_describing_json.SelfDescribingJson object at 0xffff7deefb30>, <snowplow_tracker.self_describing_json.SelfDescribingJson object at 0xffff7deef950>]}
[0m12:08:13.230195 [debug] [MainThread]: Flushing usage events
[0m12:08:14.152532 [debug] [MainThread]: An error was encountered while trying to flush usage events
[0m12:12:14.018626 [debug] [MainThread]: Sending event: {'category': 'dbt', 'action': 'invocation', 'label': 'start', 'context': [<snowplow_tracker.self_describing_json.SelfDescribingJson object at 0xffff99013770>, <snowplow_tracker.self_describing_json.SelfDescribingJson object at 0xffff9c42afd0>, <snowplow_tracker.self_describing_json.SelfDescribingJson object at 0xffff97e47d90>]}


============================== 12:12:14.021834 | 39636704-db52-417c-bd3c-2dffdcd49ad3 ==============================
[0m12:12:14.021834 [info ] [MainThread]: Running with dbt=1.11.15
[0m12:12:14.022164 [debug] [MainThread]: running dbt with arguments {'use_experimental_parser': 'False', 'log_cache_events': 'False', 'warn_error': 'None', 'log_format': 'default', 'empty': 'False', 'static_parser': 'True', 'fail_fast': 'False', 'printer_width': '80', 'use_colors': 'True', 'quiet': 'False', 'profiles_dir': '/opt/airflow/dbt/profiles', 'introspect': 'True', 'target_path': 'None', 'log_path': '/opt/airflow/dbt/logs', 'invocation_command': 'dbt run', 'warn_error_options': 'WarnErrorOptionsV2(error=[], warn=[], silence=[])', 'send_anonymous_usage_stats': 'True', 'write_json': 'True', 'indirect_selection': 'eager', 'debug': 'False', 'cache_selected_only': 'False', 'no_print': 'None', 'partial_parse': 'True', 'version_check': 'True'}
[0m12:12:14.208959 [debug] [MainThread]: Sending event: {'category': 'dbt', 'action': 'project_id', 'label': '39636704-db52-417c-bd3c-2dffdcd49ad3', 'context': [<snowplow_tracker.self_describing_json.SelfDescribingJson object at 0xffff98aecb00>]}
[0m12:12:14.240107 [debug] [MainThread]: Sending event: {'category': 'dbt', 'action': 'adapter_info', 'label': '39636704-db52-417c-bd3c-2dffdcd49ad3', 'context': [<snowplow_tracker.self_describing_json.SelfDescribingJson object at 0xffff97e93460>]}
[0m12:12:14.240931 [info ] [MainThread]: Registered adapter: clickhouse=1.10.2
[0m12:12:14.281597 [debug] [MainThread]: checksum: 810725a07b286a161cb6a02f5214572f3ba8aa5d584b5e37ea30d4a281c3d3a5, vars: {}, profile: , target: , version: 1.11.15
[0m12:12:14.358434 [debug] [MainThread]: Partial parsing enabled: 0 files deleted, 0 files added, 0 files changed.
[0m12:12:14.358750 [debug] [MainThread]: Nothing changed, skipping partial parsing.
[0m12:12:14.358973 [debug] [MainThread]: Partial parsing enabled, no changes found, skipping parsing
[0m12:12:14.375478 [debug] [MainThread]: Sending event: {'category': 'dbt', 'action': 'load_project', 'label': '39636704-db52-417c-bd3c-2dffdcd49ad3', 'context': [<snowplow_tracker.self_describing_json.SelfDescribingJson object at 0xffff97a5c450>]}
[0m12:12:14.464405 [debug] [MainThread]: Wrote artifact WritableManifest to /opt/airflow/dbt/target/manifest.json
[0m12:12:14.465995 [debug] [MainThread]: Wrote artifact SemanticManifest to /opt/airflow/dbt/target/semantic_manifest.json
[0m12:12:14.474959 [debug] [MainThread]: Sending event: {'category': 'dbt', 'action': 'resource_counts', 'label': '39636704-db52-417c-bd3c-2dffdcd49ad3', 'context': [<snowplow_tracker.self_describing_json.SelfDescribingJson object at 0xffff9808ab70>]}
[0m12:12:14.475254 [info ] [MainThread]: Found 16 models, 536 macros
[0m12:12:14.475437 [debug] [MainThread]: Sending event: {'category': 'dbt', 'action': 'runnable_timing', 'label': '39636704-db52-417c-bd3c-2dffdcd49ad3', 'context': [<snowplow_tracker.self_describing_json.SelfDescribingJson object at 0xffff9789e890>]}
[0m12:12:14.477174 [info ] [MainThread]: 
[0m12:12:14.477454 [info ] [MainThread]: Concurrency: 4 threads (target='dev')
[0m12:12:14.477834 [info ] [MainThread]: 
[0m12:12:14.478187 [debug] [MainThread]: Acquiring new clickhouse connection 'master'
[0m12:12:14.482102 [debug] [ThreadPool]: Acquiring new clickhouse connection 'list_'
[0m12:12:14.488267 [debug] [ThreadPool]: Opening a new connection, currently in state init
[0m12:12:14.615527 [debug] [ThreadPool]: dbt_clickhouse adapter: On list_: /* {"app": "dbt", "dbt_version": "1.11.15", "profile_name": "dwh", "target_name": "dev", "connection_name": "list_"} */

    select name from system.databases
  ...
[0m12:12:14.616865 [debug] [ThreadPool]: dbt_clickhouse adapter: SQL status: OK in 0.00 seconds
[0m12:12:14.638391 [debug] [ThreadPool]: Re-using an available connection from the pool (formerly list_, now list__dwh)
[0m12:12:14.641961 [debug] [ThreadPool]: dbt_clickhouse adapter: On list__dwh: /* {"app": "dbt", "dbt_version": "1.11.15", "profile_name": "dwh", "target_name": "dev", "connection_name": "list__dwh"} */
with mv_sources as (
      -- Find all MVs and their target tables (database and name of the MV, plus the SELECT SQL)
      select
        name as mv_name,
        database as mv_database,
        any(as_select) as mv_sql,
        any(replaceRegexpOne(create_table_query, '.*TO\\s+`?([^`\\s(]+)`?\\.`?([^`\\s(]+)`?.*', '\\1.\\2')) as target_fqn
      
      from system.tables
      
      where engine = 'MaterializedView'
        and create_table_query like '%TO %'
      group by mv_name, mv_database
    )
    select
      t.name as name,
      t.database as schema,
      multiIf(
        t.engine = 'MaterializedView', 'materialized_view',
        t.engine = 'View', 'view',
        t.engine = 'Dictionary', 'dictionary',
        'table'
      ) as type,
      db.engine as db_engine,
      groupArrayIf(
        map('schema', mv_sources.mv_database, 'name', mv_sources.mv_name, 'sql', mv_sources.mv_sql),
        mv_sources.mv_name != ''
      ) as mvs_pointing_to_it,
      -- The refresh clause of a refreshable MV sits between the view name and the TO clause,
      -- e.g. CREATE MATERIALIZED VIEW db.mv REFRESH EVERY 2 MINUTE [APPEND] TO db.target ...
      max(position(substring(t.create_table_query, 1, position(t.create_table_query, ' TO ')), ' REFRESH ')) > 0 as is_refreshable,
      max(position(substring(t.create_table_query, 1, position(t.create_table_query, ' TO ')), ' APPEND')) > 0 as refreshable_append,0 as is_on_cluster
        from system.tables as t
      
        join system.databases as db on t.database = db.name
        left join mv_sources on mv_sources.target_fqn = concat(t.database, '.', t.name)
      where schema = 'dwh'
      group by name, schema, type, db_engine

  ...
[0m12:12:14.677937 [debug] [ThreadPool]: dbt_clickhouse adapter: SQL status: OK in 0.04 seconds
[0m12:12:14.680367 [debug] [MainThread]: Sending event: {'category': 'dbt', 'action': 'runnable_timing', 'label': '39636704-db52-417c-bd3c-2dffdcd49ad3', 'context': [<snowplow_tracker.self_describing_json.SelfDescribingJson object at 0xffff957ca340>]}
[0m12:12:14.683124 [debug] [Thread-3 (]: Began running node model.dwh.stg_payments
[0m12:12:14.683436 [debug] [Thread-1 (]: Began running node model.dwh.stg_categories
[0m12:12:14.683632 [debug] [Thread-2 (]: Began running node model.dwh.stg_listings
[0m12:12:14.683863 [debug] [Thread-4 (]: Began running node model.dwh.stg_user_activity
[0m12:12:14.684216 [info ] [Thread-3 (]: 3 of 16 START sql view model `dwh`.`stg_payments` .............................. [RUN]
[0m12:12:14.684655 [info ] [Thread-1 (]: 1 of 16 START sql view model `dwh`.`stg_categories` ............................ [RUN]
[0m12:12:14.684992 [info ] [Thread-2 (]: 2 of 16 START sql view model `dwh`.`stg_listings` .............................. [RUN]
[0m12:12:14.685303 [info ] [Thread-4 (]: 4 of 16 START sql view model `dwh`.`stg_user_activity` ......................... [RUN]
[0m12:12:14.685743 [debug] [Thread-3 (]: Acquiring new clickhouse connection 'model.dwh.stg_payments'
[0m12:12:14.686011 [debug] [Thread-1 (]: Re-using an available connection from the pool (formerly list__dwh, now model.dwh.stg_categories)
[0m12:12:14.686298 [debug] [Thread-2 (]: Acquiring new clickhouse connection 'model.dwh.stg_listings'
[0m12:12:14.687139 [debug] [Thread-4 (]: Acquiring new clickhouse connection 'model.dwh.stg_user_activity'
[0m12:12:14.687377 [debug] [Thread-3 (]: Began compiling node model.dwh.stg_payments
[0m12:12:14.687600 [debug] [Thread-1 (]: Began compiling node model.dwh.stg_categories
[0m12:12:14.687839 [debug] [Thread-2 (]: Began compiling node model.dwh.stg_listings
[0m12:12:14.688031 [debug] [Thread-4 (]: Began compiling node model.dwh.stg_user_activity
[0m12:12:14.692894 [debug] [Thread-3 (]: Writing injected SQL for node "model.dwh.stg_payments"
[0m12:12:14.694909 [debug] [Thread-1 (]: Writing injected SQL for node "model.dwh.stg_categories"
[0m12:12:14.697379 [debug] [Thread-2 (]: Writing injected SQL for node "model.dwh.stg_listings"
[0m12:12:14.699441 [debug] [Thread-4 (]: Writing injected SQL for node "model.dwh.stg_user_activity"
[0m12:12:14.700840 [debug] [Thread-3 (]: Began executing node model.dwh.stg_payments
[0m12:12:14.706408 [debug] [Thread-1 (]: Began executing node model.dwh.stg_categories
[0m12:12:14.706609 [debug] [Thread-2 (]: Began executing node model.dwh.stg_listings
[0m12:12:14.706782 [debug] [Thread-4 (]: Began executing node model.dwh.stg_user_activity
[0m12:12:14.709569 [debug] [Thread-3 (]: Relation stg_payments already exists, replacing it
[0m12:12:14.710603 [debug] [Thread-1 (]: Relation stg_categories already exists, replacing it
[0m12:12:14.711828 [debug] [Thread-2 (]: Relation stg_listings already exists, replacing it
[0m12:12:14.713397 [debug] [Thread-4 (]: Relation stg_user_activity already exists, replacing it
[0m12:12:14.718704 [debug] [Thread-3 (]: Model mvs to replace ['stg_payments_mv']
[0m12:12:14.719113 [debug] [Thread-1 (]: Model mvs to replace ['stg_categories_mv']
[0m12:12:14.719387 [debug] [Thread-2 (]: Model mvs to replace ['stg_listings_mv']
[0m12:12:14.719668 [debug] [Thread-4 (]: Model mvs to replace ['stg_user_activity_mv']
[0m12:12:14.720831 [debug] [Thread-3 (]: Opening a new connection, currently in state init
[0m12:12:14.721146 [debug] [Thread-1 (]: dbt_clickhouse adapter: On model.dwh.stg_categories: /* {"app": "dbt", "dbt_version": "1.11.15", "profile_name": "dwh", "target_name": "dev", "node_id": "model.dwh.stg_categories"} */

    
    select name
    from system.tables
    where engine = 'MaterializedView'
      and extract(create_table_query, 'TO\\s+([^\\s(]+)') = 'dwh.stg_categories'
  
  ...
[0m12:12:14.721458 [debug] [Thread-2 (]: Opening a new connection, currently in state init
[0m12:12:14.721776 [debug] [Thread-4 (]: Opening a new connection, currently in state init
[0m12:12:14.727451 [debug] [Thread-2 (]: dbt_clickhouse adapter: On model.dwh.stg_listings: /* {"app": "dbt", "dbt_version": "1.11.15", "profile_name": "dwh", "target_name": "dev", "node_id": "model.dwh.stg_listings"} */

    
    select name
    from system.tables
    where engine = 'MaterializedView'
      and extract(create_table_query, 'TO\\s+([^\\s(]+)') = 'dwh.stg_listings'
  
  ...
[0m12:12:14.727881 [debug] [Thread-3 (]: dbt_clickhouse adapter: On model.dwh.stg_payments: /* {"app": "dbt", "dbt_version": "1.11.15", "profile_name": "dwh", "target_name": "dev", "node_id": "model.dwh.stg_payments"} */

    
    select name
    from system.tables
    where engine = 'MaterializedView'
      and extract(create_table_query, 'TO\\s+([^\\s(]+)') = 'dwh.stg_payments'
  
  ...
[0m12:12:14.729015 [debug] [Thread-4 (]: dbt_clickhouse adapter: On model.dwh.stg_user_activity: /* {"app": "dbt", "dbt_version": "1.11.15", "profile_name": "dwh", "target_name": "dev", "node_id": "model.dwh.stg_user_activity"} */

    
    select name
    from system.tables
    where engine = 'MaterializedView'
      and extract(create_table_query, 'TO\\s+([^\\s(]+)') = 'dwh.stg_user_activity'
  
  ...
[0m12:12:14.752983 [debug] [Thread-1 (]: dbt_clickhouse adapter: SQL status: OK in 0.03 seconds
[0m12:12:14.753396 [debug] [Thread-4 (]: dbt_clickhouse adapter: SQL status: OK in 0.02 seconds
[0m12:12:14.753716 [debug] [Thread-2 (]: dbt_clickhouse adapter: SQL status: OK in 0.03 seconds
[0m12:12:14.754019 [debug] [Thread-3 (]: dbt_clickhouse adapter: SQL status: OK in 0.03 seconds
[0m12:12:14.759065 [debug] [Thread-1 (]: Current mvs found in ClickHouse are: 
[0m12:12:14.759815 [debug] [Thread-4 (]: Current mvs found in ClickHouse are: 
[0m12:12:14.760539 [debug] [Thread-2 (]: Current mvs found in ClickHouse are: 
[0m12:12:14.761288 [debug] [Thread-3 (]: Current mvs found in ClickHouse are: 
[0m12:12:14.771676 [debug] [Thread-1 (]: Writing runtime sql for node "model.dwh.stg_categories"
[0m12:12:14.772222 [debug] [Thread-4 (]: Writing runtime sql for node "model.dwh.stg_user_activity"
[0m12:12:14.772754 [debug] [Thread-2 (]: Writing runtime sql for node "model.dwh.stg_listings"
[0m12:12:14.773271 [debug] [Thread-3 (]: Writing runtime sql for node "model.dwh.stg_payments"
[0m12:12:14.788878 [debug] [Thread-1 (]: dbt_clickhouse adapter: On model.dwh.stg_categories: /* {"app": "dbt", "dbt_version": "1.11.15", "profile_name": "dwh", "target_name": "dev", "node_id": "model.dwh.stg_categories"} */


  create or replace view `dwh`.`stg_categories` 
  
    
  
  
    
    
  as (
    

SELECT
    category_id,
    name,
    parent_id
FROM s3(
    'http://minio:9000/raw/mysql/categories/*.parquet',
    'Parquet',
    'category_id Int32, name String, parent_id Nullable(Int32)'
)
    
  )
      
      
                    -- end_of_sql
                    
                    ...
[0m12:12:14.789196 [debug] [Thread-4 (]: dbt_clickhouse adapter: On model.dwh.stg_user_activity: /* {"app": "dbt", "dbt_version": "1.11.15", "profile_name": "dwh", "target_name": "dev", "node_id": "model.dwh.stg_user_activity"} */


  create or replace view `dwh`.`stg_user_activity` 
  
    
  
  
    
    
  as (
    

SELECT
    event_id,
    user_id,
    event_type,
    platform,
    listing_id,
    session_id,
    ts
FROM s3(
    'http://minio:9000/raw/kafka/user_activity/*.parquet',
    'Parquet',
    'event_id String, user_id Int64, event_type String, platform String, listing_id Nullable(Int64), session_id String, ts DateTime64(3)'
)
    
  )
      
      
                    -- end_of_sql
                    
                    ...
[0m12:12:14.789686 [debug] [Thread-2 (]: dbt_clickhouse adapter: On model.dwh.stg_listings: /* {"app": "dbt", "dbt_version": "1.11.15", "profile_name": "dwh", "target_name": "dev", "node_id": "model.dwh.stg_listings"} */


  create or replace view `dwh`.`stg_listings` 
  
    
  
  
    
    
  as (
    

SELECT
    listing_id,
    user_id,
    category_id,
    title,
    description,
    price,
    status,
    platform,
    created_at,
    activated_at,
    sold_at,
    deactivated_at,
    updated_at
FROM s3(
    'http://minio:9000/raw/postgres/listings/*.parquet',
    'Parquet',
    'listing_id Int64, user_id Int64, category_id Int32, title String, description Nullable(String), price Float64, status String, platform String, created_at DateTime64(3), activated_at Nullable(DateTime64(3)), sold_at Nullable(DateTime64(3)), deactivated_at Nullable(DateTime64(3)), updated_at DateTime64(3)'
)
    
  )
      
      
                    -- end_of_sql
                    
                    ...
[0m12:12:14.789979 [debug] [Thread-3 (]: dbt_clickhouse adapter: On model.dwh.stg_payments: /* {"app": "dbt", "dbt_version": "1.11.15", "profile_name": "dwh", "target_name": "dev", "node_id": "model.dwh.stg_payments"} */


  create or replace view `dwh`.`stg_payments` 
  
    
  
  
    
    
  as (
    

SELECT
    payment_id,
    user_id,
    listing_id,
    vas_type_id,
    amount,
    payment_type,
    status,
    payment_date
FROM s3(
    'http://minio:9000/raw/postgres/payments/*.parquet',
    'Parquet',
    'payment_id Int64, user_id Int64, listing_id Nullable(Int64), vas_type_id Nullable(Int32), amount Float64, payment_type String, status String, payment_date DateTime64(3)'
)
    
  )
      
      
                    -- end_of_sql
                    
                    ...
[0m12:12:14.821563 [debug] [Thread-1 (]: dbt_clickhouse adapter: SQL status: OK in 0.03 seconds
[0m12:12:14.832732 [debug] [Thread-3 (]: dbt_clickhouse adapter: SQL status: OK in 0.04 seconds
[0m12:12:14.836410 [debug] [Thread-1 (]: Sending event: {'category': 'dbt', 'action': 'run_model', 'label': '39636704-db52-417c-bd3c-2dffdcd49ad3', 'context': [<snowplow_tracker.self_describing_json.SelfDescribingJson object at 0xffff957d4e90>]}
[0m12:12:14.836653 [debug] [Thread-4 (]: dbt_clickhouse adapter: SQL status: OK in 0.05 seconds
[0m12:12:14.837754 [debug] [Thread-3 (]: Sending event: {'category': 'dbt', 'action': 'run_model', 'label': '39636704-db52-417c-bd3c-2dffdcd49ad3', 'context': [<snowplow_tracker.self_describing_json.SelfDescribingJson object at 0xffff95f417b0>]}
[0m12:12:14.837963 [debug] [Thread-2 (]: dbt_clickhouse adapter: SQL status: OK in 0.05 seconds
[0m12:12:14.838427 [info ] [Thread-1 (]: 1 of 16 OK created sql view model `dwh`.`stg_categories` ....................... [[32mOK[0m in 0.15s]
[0m12:12:14.839519 [debug] [Thread-4 (]: Sending event: {'category': 'dbt', 'action': 'run_model', 'label': '39636704-db52-417c-bd3c-2dffdcd49ad3', 'context': [<snowplow_tracker.self_describing_json.SelfDescribingJson object at 0xffff9459e490>]}
[0m12:12:14.839916 [info ] [Thread-3 (]: 3 of 16 OK created sql view model `dwh`.`stg_payments` ......................... [[32mOK[0m in 0.15s]
[0m12:12:14.840847 [debug] [Thread-2 (]: Sending event: {'category': 'dbt', 'action': 'run_model', 'label': '39636704-db52-417c-bd3c-2dffdcd49ad3', 'context': [<snowplow_tracker.self_describing_json.SelfDescribingJson object at 0xffff945ed010>]}
[0m12:12:14.841159 [debug] [Thread-1 (]: Finished running node model.dwh.stg_categories
[0m12:12:14.841474 [info ] [Thread-4 (]: 4 of 16 OK created sql view model `dwh`.`stg_user_activity` .................... [[32mOK[0m in 0.15s]
[0m12:12:14.841787 [debug] [Thread-3 (]: Finished running node model.dwh.stg_payments
[0m12:12:14.842126 [info ] [Thread-2 (]: 2 of 16 OK created sql view model `dwh`.`stg_listings` ......................... [[32mOK[0m in 0.15s]
[0m12:12:14.842393 [debug] [Thread-1 (]: Began running node model.dwh.stg_users
[0m12:12:14.842752 [debug] [Thread-4 (]: Finished running node model.dwh.stg_user_activity
[0m12:12:14.843023 [debug] [Thread-3 (]: Began running node model.dwh.stg_vas_types
[0m12:12:14.843351 [debug] [Thread-2 (]: Finished running node model.dwh.stg_listings
[0m12:12:14.843665 [info ] [Thread-1 (]: 5 of 16 START sql view model `dwh`.`stg_users` ................................. [RUN]
[0m12:12:14.844062 [debug] [Thread-4 (]: Began running node model.dwh.dim_categories
[0m12:12:14.844397 [info ] [Thread-3 (]: 6 of 16 START sql view model `dwh`.`stg_vas_types` ............................. [RUN]
[0m12:12:14.844867 [debug] [Thread-2 (]: Began running node model.dwh.int_payments_success
[0m12:12:14.845210 [debug] [Thread-1 (]: Re-using an available connection from the pool (formerly model.dwh.stg_categories, now model.dwh.stg_users)
[0m12:12:14.845466 [info ] [Thread-4 (]: 7 of 16 START sql table model `dwh`.`dim_categories` ........................... [RUN]
[0m12:12:14.845749 [debug] [Thread-3 (]: Re-using an available connection from the pool (formerly model.dwh.stg_payments, now model.dwh.stg_vas_types)
[0m12:12:14.846080 [info ] [Thread-2 (]: 8 of 16 START sql view model `dwh`.`int_payments_success` ...................... [RUN]
[0m12:12:14.846395 [debug] [Thread-1 (]: Began compiling node model.dwh.stg_users
[0m12:12:14.846643 [debug] [Thread-4 (]: Re-using an available connection from the pool (formerly model.dwh.stg_user_activity, now model.dwh.dim_categories)
[0m12:12:14.846901 [debug] [Thread-3 (]: Began compiling node model.dwh.stg_vas_types
[0m12:12:14.847161 [debug] [Thread-2 (]: Re-using an available connection from the pool (formerly model.dwh.stg_listings, now model.dwh.int_payments_success)
[0m12:12:14.849259 [debug] [Thread-1 (]: Writing injected SQL for node "model.dwh.stg_users"
[0m12:12:14.849517 [debug] [Thread-4 (]: Began compiling node model.dwh.dim_categories
[0m12:12:14.851050 [debug] [Thread-3 (]: Writing injected SQL for node "model.dwh.stg_vas_types"
[0m12:12:14.851399 [debug] [Thread-2 (]: Began compiling node model.dwh.int_payments_success
[0m12:12:14.853815 [debug] [Thread-4 (]: Writing injected SQL for node "model.dwh.dim_categories"
[0m12:12:14.855450 [debug] [Thread-2 (]: Writing injected SQL for node "model.dwh.int_payments_success"
[0m12:12:14.855992 [debug] [Thread-1 (]: Began executing node model.dwh.stg_users
[0m12:12:14.857384 [debug] [Thread-1 (]: Relation stg_users already exists, replacing it
[0m12:12:14.857610 [debug] [Thread-3 (]: Began executing node model.dwh.stg_vas_types
[0m12:12:14.857950 [debug] [Thread-1 (]: Model mvs to replace ['stg_users_mv']
[0m12:12:14.859504 [debug] [Thread-3 (]: Relation stg_vas_types already exists, replacing it
[0m12:12:14.859792 [debug] [Thread-4 (]: Began executing node model.dwh.dim_categories
[0m12:12:14.860092 [debug] [Thread-1 (]: dbt_clickhouse adapter: On model.dwh.stg_users: /* {"app": "dbt", "dbt_version": "1.11.15", "profile_name": "dwh", "target_name": "dev", "node_id": "model.dwh.stg_users"} */

    
    select name
    from system.tables
    where engine = 'MaterializedView'
      and extract(create_table_query, 'TO\\s+([^\\s(]+)') = 'dwh.stg_users'
  
  ...
[0m12:12:14.860255 [debug] [Thread-2 (]: Began executing node model.dwh.int_payments_success
[0m12:12:14.860503 [debug] [Thread-3 (]: Model mvs to replace ['stg_vas_types_mv']
[0m12:12:14.895642 [debug] [Thread-4 (]: dbt_clickhouse adapter: On model.dwh.dim_categories: /* {"app": "dbt", "dbt_version": "1.11.15", "profile_name": "dwh", "target_name": "dev", "node_id": "model.dwh.dim_categories"} */

        

    
        create table `dwh`.`dim_categories__dbt_backup`
        
  
        
  engine = MergeTree()
        
      order by (tuple())
        
        
        
        
                    -- end_of_sql
                    SETTINGS replicated_deduplication_window='0'

                    
          empty
          as (
            

SELECT
    category_id,
    name AS category_name,
    parent_id
FROM `dwh`.`stg_categories`
          )
        
    ...
[0m12:12:14.897063 [debug] [Thread-2 (]: Relation int_payments_success already exists, replacing it
[0m12:12:14.897504 [debug] [Thread-3 (]: dbt_clickhouse adapter: On model.dwh.stg_vas_types: /* {"app": "dbt", "dbt_version": "1.11.15", "profile_name": "dwh", "target_name": "dev", "node_id": "model.dwh.stg_vas_types"} */

    
    select name
    from system.tables
    where engine = 'MaterializedView'
      and extract(create_table_query, 'TO\\s+([^\\s(]+)') = 'dwh.stg_vas_types'
  
  ...
[0m12:12:14.897927 [debug] [Thread-2 (]: Model mvs to replace ['int_payments_success_mv']
[0m12:12:14.898521 [debug] [Thread-2 (]: dbt_clickhouse adapter: On model.dwh.int_payments_success: /* {"app": "dbt", "dbt_version": "1.11.15", "profile_name": "dwh", "target_name": "dev", "node_id": "model.dwh.int_payments_success"} */

    
    select name
    from system.tables
    where engine = 'MaterializedView'
      and extract(create_table_query, 'TO\\s+([^\\s(]+)') = 'dwh.int_payments_success'
  
  ...
[0m12:12:14.899626 [debug] [Thread-1 (]: dbt_clickhouse adapter: SQL status: OK in 0.02 seconds
[0m12:12:14.900556 [debug] [Thread-1 (]: Current mvs found in ClickHouse are: 
[0m12:12:14.900974 [debug] [Thread-3 (]: dbt_clickhouse adapter: SQL status: OK in 0.00 seconds
[0m12:12:14.901539 [debug] [Thread-1 (]: Writing runtime sql for node "model.dwh.stg_users"
[0m12:12:14.901886 [debug] [Thread-2 (]: dbt_clickhouse adapter: SQL status: OK in 0.00 seconds
[0m12:12:14.902752 [debug] [Thread-3 (]: Current mvs found in ClickHouse are: 
[0m12:12:14.903661 [debug] [Thread-2 (]: Current mvs found in ClickHouse are: 
[0m12:12:14.904384 [debug] [Thread-3 (]: Writing runtime sql for node "model.dwh.stg_vas_types"
[0m12:12:14.904615 [debug] [Thread-4 (]: dbt_clickhouse adapter: SQL status: OK in 0.01 seconds
[0m12:12:14.905114 [debug] [Thread-2 (]: Writing runtime sql for node "model.dwh.int_payments_success"
[0m12:12:14.913976 [debug] [Thread-4 (]: dbt_clickhouse adapter: On model.dwh.dim_categories: /* {"app": "dbt", "dbt_version": "1.11.15", "profile_name": "dwh", "target_name": "dev", "node_id": "model.dwh.dim_categories"} */

    select name, type from system.columns where table = 'dim_categories__dbt_backup'
    
      
        and database = 'dwh'
      
    
    order by position
  ...
[0m12:12:14.914262 [debug] [Thread-1 (]: dbt_clickhouse adapter: On model.dwh.stg_users: /* {"app": "dbt", "dbt_version": "1.11.15", "profile_name": "dwh", "target_name": "dev", "node_id": "model.dwh.stg_users"} */


  create or replace view `dwh`.`stg_users` 
  
    
  
  
    
    
  as (
    

SELECT
    user_id,
    email,
    phone,
    status,
    registered_at,
    created_at,
    updated_at
FROM s3(
    'http://minio:9000/raw/postgres/users/*.parquet',
    'Parquet',
    'user_id Int64, email String, phone Nullable(String), status String, registered_at DateTime64(3), created_at DateTime64(3), updated_at DateTime64(3)'
)
    
  )
      
      
                    -- end_of_sql
                    
                    ...
[0m12:12:14.914824 [debug] [Thread-3 (]: dbt_clickhouse adapter: On model.dwh.stg_vas_types: /* {"app": "dbt", "dbt_version": "1.11.15", "profile_name": "dwh", "target_name": "dev", "node_id": "model.dwh.stg_vas_types"} */


  create or replace view `dwh`.`stg_vas_types` 
  
    
  
  
    
    
  as (
    

SELECT
    vas_type_id,
    name,
    description
FROM s3(
    'http://minio:9000/raw/mysql/vas_types/*.parquet',
    'Parquet',
    'vas_type_id Int32, name String, description Nullable(String)'
)
    
  )
      
      
                    -- end_of_sql
                    
                    ...
[0m12:12:14.915671 [debug] [Thread-2 (]: dbt_clickhouse adapter: On model.dwh.int_payments_success: /* {"app": "dbt", "dbt_version": "1.11.15", "profile_name": "dwh", "target_name": "dev", "node_id": "model.dwh.int_payments_success"} */


  create or replace view `dwh`.`int_payments_success` 
  
    
  
  
    
    
  as (
    

SELECT *
FROM `dwh`.`stg_payments`
WHERE status = 'success'
    
  )
      
      
                    -- end_of_sql
                    
                    ...
[0m12:12:14.917756 [debug] [Thread-4 (]: dbt_clickhouse adapter: SQL status: OK in 0.00 seconds
[0m12:12:14.921617 [debug] [Thread-4 (]: Writing runtime sql for node "model.dwh.dim_categories"
[0m12:12:14.922201 [debug] [Thread-2 (]: dbt_clickhouse adapter: SQL status: OK in 0.01 seconds
[0m12:12:14.924054 [debug] [Thread-2 (]: Sending event: {'category': 'dbt', 'action': 'run_model', 'label': '39636704-db52-417c-bd3c-2dffdcd49ad3', 'context': [<snowplow_tracker.self_describing_json.SelfDescribingJson object at 0xffff956e0440>]}
[0m12:12:14.924432 [info ] [Thread-2 (]: 8 of 16 OK created sql view model `dwh`.`int_payments_success` ................. [[32mOK[0m in 0.08s]
[0m12:12:14.924984 [debug] [Thread-2 (]: Finished running node model.dwh.int_payments_success
[0m12:12:14.925406 [debug] [Thread-2 (]: Began running node model.dwh.mart_dau
[0m12:12:14.925736 [debug] [Thread-4 (]: dbt_clickhouse adapter: On model.dwh.dim_categories: /* {"app": "dbt", "dbt_version": "1.11.15", "profile_name": "dwh", "target_name": "dev", "node_id": "model.dwh.dim_categories"} */

  
    
    
    
        


        
  

  insert into `dwh`.`dim_categories__dbt_backup`
        ("category_id", "category_name", "parent_id")

SELECT
    category_id,
    name AS category_name,
    parent_id
FROM `dwh`.`stg_categories`
  ...
[0m12:12:14.926172 [info ] [Thread-2 (]: 9 of 16 START sql table model `dwh`.`mart_dau` ................................. [RUN]
[0m12:12:14.927759 [debug] [Thread-2 (]: Re-using an available connection from the pool (formerly model.dwh.int_payments_success, now model.dwh.mart_dau)
[0m12:12:14.928479 [debug] [Thread-2 (]: Began compiling node model.dwh.mart_dau
[0m12:12:14.931171 [debug] [Thread-2 (]: Writing injected SQL for node "model.dwh.mart_dau"
[0m12:12:14.931486 [debug] [Thread-3 (]: dbt_clickhouse adapter: SQL status: OK in 0.02 seconds
[0m12:12:14.931709 [debug] [Thread-1 (]: dbt_clickhouse adapter: SQL status: OK in 0.02 seconds
[0m12:12:14.932999 [debug] [Thread-3 (]: Sending event: {'category': 'dbt', 'action': 'run_model', 'label': '39636704-db52-417c-bd3c-2dffdcd49ad3', 'context': [<snowplow_tracker.self_describing_json.SelfDescribingJson object at 0xffff956ec1d0>]}
[0m12:12:14.934128 [debug] [Thread-1 (]: Sending event: {'category': 'dbt', 'action': 'run_model', 'label': '39636704-db52-417c-bd3c-2dffdcd49ad3', 'context': [<snowplow_tracker.self_describing_json.SelfDescribingJson object at 0xffff956eeed0>]}
[0m12:12:14.934678 [info ] [Thread-3 (]: 6 of 16 OK created sql view model `dwh`.`stg_vas_types` ........................ [[32mOK[0m in 0.09s]
[0m12:12:14.935216 [info ] [Thread-1 (]: 5 of 16 OK created sql view model `dwh`.`stg_users` ............................ [[32mOK[0m in 0.09s]
[0m12:12:14.935461 [debug] [Thread-2 (]: Began executing node model.dwh.mart_dau
[0m12:12:14.936015 [debug] [Thread-3 (]: Finished running node model.dwh.stg_vas_types
[0m12:12:14.936402 [debug] [Thread-1 (]: Finished running node model.dwh.stg_users
[0m12:12:14.942847 [debug] [Thread-2 (]: dbt_clickhouse adapter: On model.dwh.mart_dau: /* {"app": "dbt", "dbt_version": "1.11.15", "profile_name": "dwh", "target_name": "dev", "node_id": "model.dwh.mart_dau"} */
drop table if exists `dwh`.`mart_dau__dbt_backup` 
  ...
[0m12:12:14.943121 [debug] [Thread-3 (]: Began running node model.dwh.int_listings_enriched
[0m12:12:14.943607 [debug] [Thread-1 (]: Began running node model.dwh.mart_arpu_monthly
[0m12:12:14.944066 [info ] [Thread-3 (]: 10 of 16 START sql view model `dwh`.`int_listings_enriched` .................... [RUN]
[0m12:12:14.944531 [info ] [Thread-1 (]: 11 of 16 START sql table model `dwh`.`mart_arpu_monthly` ....................... [RUN]
[0m12:12:14.944915 [debug] [Thread-3 (]: Re-using an available connection from the pool (formerly model.dwh.stg_vas_types, now model.dwh.int_listings_enriched)
[0m12:12:14.945393 [debug] [Thread-4 (]: dbt_clickhouse adapter: SQL status: OK in 0.02 seconds
[0m12:12:14.945813 [debug] [Thread-1 (]: Re-using an available connection from the pool (formerly model.dwh.stg_users, now model.dwh.mart_arpu_monthly)
[0m12:12:14.946089 [debug] [Thread-2 (]: dbt_clickhouse adapter: SQL status: OK in 0.00 seconds
[0m12:12:14.946277 [debug] [Thread-3 (]: Began compiling node model.dwh.int_listings_enriched
[0m12:12:14.948857 [debug] [Thread-4 (]: dbt_clickhouse adapter: On model.dwh.dim_categories: /* {"app": "dbt", "dbt_version": "1.11.15", "profile_name": "dwh", "target_name": "dev", "node_id": "model.dwh.dim_categories"} */
EXCHANGE TABLES `dwh`.`dim_categories__dbt_backup` AND `dwh`.`dim_categories` 
  
  ...
[0m12:12:14.949202 [debug] [Thread-1 (]: Began compiling node model.dwh.mart_arpu_monthly
[0m12:12:14.950274 [debug] [Thread-2 (]: dbt_clickhouse adapter: On model.dwh.mart_dau: /* {"app": "dbt", "dbt_version": "1.11.15", "profile_name": "dwh", "target_name": "dev", "node_id": "model.dwh.mart_dau"} */

        

    
        create table `dwh`.`mart_dau__dbt_backup`
        
  
        
  engine = MergeTree()
        
      order by (tuple())
        
        
        
        
                    -- end_of_sql
                    SETTINGS replicated_deduplication_window='0'

                    
          empty
          as (
            

SELECT
    toDate(ts) AS day,
    platform,
    uniqExact(user_id) AS dau
FROM `dwh`.`stg_user_activity`
GROUP BY day, platform
ORDER BY day, platform
          )
        
    ...
[0m12:12:14.952365 [debug] [Thread-3 (]: Writing injected SQL for node "model.dwh.int_listings_enriched"
[0m12:12:14.953987 [debug] [Thread-1 (]: Writing injected SQL for node "model.dwh.mart_arpu_monthly"
[0m12:12:14.955536 [debug] [Thread-1 (]: Began executing node model.dwh.mart_arpu_monthly
[0m12:12:14.955796 [debug] [Thread-3 (]: Began executing node model.dwh.int_listings_enriched
[0m12:12:14.958431 [debug] [Thread-1 (]: dbt_clickhouse adapter: On model.dwh.mart_arpu_monthly: /* {"app": "dbt", "dbt_version": "1.11.15", "profile_name": "dwh", "target_name": "dev", "node_id": "model.dwh.mart_arpu_monthly"} */
drop table if exists `dwh`.`mart_arpu_monthly__dbt_backup` 
  ...
[0m12:12:14.958625 [debug] [Thread-4 (]: dbt_clickhouse adapter: SQL status: OK in 0.01 seconds
[0m12:12:14.959726 [debug] [Thread-3 (]: Relation int_listings_enriched already exists, replacing it
[0m12:12:14.961821 [debug] [Thread-4 (]: dbt_clickhouse adapter: On model.dwh.dim_categories: /* {"app": "dbt", "dbt_version": "1.11.15", "profile_name": "dwh", "target_name": "dev", "node_id": "model.dwh.dim_categories"} */
drop table if exists `dwh`.`dim_categories__dbt_backup` 
  ...
[0m12:12:14.962217 [debug] [Thread-3 (]: Model mvs to replace ['int_listings_enriched_mv']
[0m12:12:14.962520 [debug] [Thread-2 (]: dbt_clickhouse adapter: SQL status: OK in 0.01 seconds
[0m12:12:14.962988 [debug] [Thread-3 (]: dbt_clickhouse adapter: On model.dwh.int_listings_enriched: /* {"app": "dbt", "dbt_version": "1.11.15", "profile_name": "dwh", "target_name": "dev", "node_id": "model.dwh.int_listings_enriched"} */

    
    select name
    from system.tables
    where engine = 'MaterializedView'
      and extract(create_table_query, 'TO\\s+([^\\s(]+)') = 'dwh.int_listings_enriched'
  
  ...
[0m12:12:14.963275 [debug] [Thread-1 (]: dbt_clickhouse adapter: SQL status: OK in 0.00 seconds
[0m12:12:14.965043 [debug] [Thread-2 (]: dbt_clickhouse adapter: On model.dwh.mart_dau: /* {"app": "dbt", "dbt_version": "1.11.15", "profile_name": "dwh", "target_name": "dev", "node_id": "model.dwh.mart_dau"} */

    select name, type from system.columns where table = 'mart_dau__dbt_backup'
    
      
        and database = 'dwh'
      
    
    order by position
  ...
[0m12:12:14.965242 [debug] [Thread-4 (]: dbt_clickhouse adapter: SQL status: OK in 0.00 seconds
[0m12:12:14.966410 [debug] [Thread-1 (]: dbt_clickhouse adapter: On model.dwh.mart_arpu_monthly: /* {"app": "dbt", "dbt_version": "1.11.15", "profile_name": "dwh", "target_name": "dev", "node_id": "model.dwh.mart_arpu_monthly"} */

        

    
        create table `dwh`.`mart_arpu_monthly__dbt_backup`
        
  
        
  engine = MergeTree()
        
      order by (tuple())
        
        
        
        
                    -- end_of_sql
                    SETTINGS replicated_deduplication_window='0'

                    
          empty
          as (
            

WITH revenue AS (
    SELECT
        toStartOfMonth(payment_date) AS month,
        sum(amount) AS revenue
    FROM `dwh`.`int_payments_success`
    GROUP BY month
),
mau AS (
    SELECT
        toStartOfMonth(ts) AS month,
        uniqExact(user_id) AS active_users
    FROM `dwh`.`stg_user_activity`
    GROUP BY month
)
SELECT
    r.month,
    r.revenue,
    m.active_users,
    round(r.revenue / m.active_users, 2) AS arpu
FROM revenue r
JOIN mau m ON m.month = r.month
ORDER BY r.month
          )
        
    ...
[0m12:12:14.967506 [debug] [Thread-4 (]: Sending event: {'category': 'dbt', 'action': 'run_model', 'label': '39636704-db52-417c-bd3c-2dffdcd49ad3', 'context': [<snowplow_tracker.self_describing_json.SelfDescribingJson object at 0xffff945bc950>]}
[0m12:12:14.968214 [info ] [Thread-4 (]: 7 of 16 OK created sql table model `dwh`.`dim_categories` ...................... [[32mOK[0m in 0.12s]
[0m12:12:14.968609 [debug] [Thread-4 (]: Finished running node model.dwh.dim_categories
[0m12:12:14.969041 [debug] [Thread-3 (]: dbt_clickhouse adapter: SQL status: OK in 0.00 seconds
[0m12:12:14.969303 [debug] [Thread-4 (]: Began running node model.dwh.mart_revenue_daily
[0m12:12:14.969654 [debug] [Thread-2 (]: dbt_clickhouse adapter: SQL status: OK in 0.00 seconds
[0m12:12:14.970398 [debug] [Thread-3 (]: Current mvs found in ClickHouse are: 
[0m12:12:14.970712 [info ] [Thread-4 (]: 12 of 16 START sql table model `dwh`.`mart_revenue_daily` ...................... [RUN]
[0m12:12:14.971533 [debug] [Thread-2 (]: Writing runtime sql for node "model.dwh.mart_dau"
[0m12:12:14.972150 [debug] [Thread-3 (]: Writing runtime sql for node "model.dwh.int_listings_enriched"
[0m12:12:14.972394 [debug] [Thread-4 (]: Re-using an available connection from the pool (formerly model.dwh.dim_categories, now model.dwh.mart_revenue_daily)
[0m12:12:14.973130 [debug] [Thread-4 (]: Began compiling node model.dwh.mart_revenue_daily
[0m12:12:14.974798 [debug] [Thread-4 (]: Writing injected SQL for node "model.dwh.mart_revenue_daily"
[0m12:12:14.975129 [debug] [Thread-1 (]: dbt_clickhouse adapter: SQL status: OK in 0.01 seconds
[0m12:12:14.976567 [debug] [Thread-1 (]: dbt_clickhouse adapter: On model.dwh.mart_arpu_monthly: /* {"app": "dbt", "dbt_version": "1.11.15", "profile_name": "dwh", "target_name": "dev", "node_id": "model.dwh.mart_arpu_monthly"} */

    select name, type from system.columns where table = 'mart_arpu_monthly__dbt_backup'
    
      
        and database = 'dwh'
      
    
    order by position
  ...
[0m12:12:14.976836 [debug] [Thread-2 (]: dbt_clickhouse adapter: On model.dwh.mart_dau: /* {"app": "dbt", "dbt_version": "1.11.15", "profile_name": "dwh", "target_name": "dev", "node_id": "model.dwh.mart_dau"} */

  
    
    
    
        


        
  

  insert into `dwh`.`mart_dau__dbt_backup`
        ("day", "platform", "dau")

SELECT
    toDate(ts) AS day,
    platform,
    uniqExact(user_id) AS dau
FROM `dwh`.`stg_user_activity`
GROUP BY day, platform
ORDER BY day, platform
  ...
[0m12:12:14.977274 [debug] [Thread-3 (]: dbt_clickhouse adapter: On model.dwh.int_listings_enriched: /* {"app": "dbt", "dbt_version": "1.11.15", "profile_name": "dwh", "target_name": "dev", "node_id": "model.dwh.int_listings_enriched"} */


  create or replace view `dwh`.`int_listings_enriched` 
  
    
  
  
    
    
  as (
    

SELECT
    l.listing_id,
    l.user_id,
    l.category_id,
    c.name AS category_name,
    l.title,
    l.price,
    l.status,
    l.platform,
    l.created_at,
    l.sold_at
FROM `dwh`.`stg_listings` l
LEFT JOIN `dwh`.`stg_categories` c ON l.category_id = c.category_id
    
  )
      
      
                    -- end_of_sql
                    
                    ...
[0m12:12:14.977663 [debug] [Thread-4 (]: Began executing node model.dwh.mart_revenue_daily
[0m12:12:14.982352 [debug] [Thread-4 (]: dbt_clickhouse adapter: On model.dwh.mart_revenue_daily: /* {"app": "dbt", "dbt_version": "1.11.15", "profile_name": "dwh", "target_name": "dev", "node_id": "model.dwh.mart_revenue_daily"} */

        

    
        create table `dwh`.`mart_revenue_daily__dbt_backup`
        
  
        
  engine = MergeTree()
        
      order by (tuple())
        
        
        
        
                    -- end_of_sql
                    SETTINGS replicated_deduplication_window='0'

                    
          empty
          as (
            

SELECT
    toDate(payment_date) AS day,
    sum(amount) AS revenue
FROM `dwh`.`int_payments_success`
GROUP BY day
ORDER BY day
          )
        
    ...
[0m12:12:14.983131 [debug] [Thread-1 (]: dbt_clickhouse adapter: SQL status: OK in 0.01 seconds
[0m12:12:14.984122 [debug] [Thread-1 (]: Writing runtime sql for node "model.dwh.mart_arpu_monthly"
[0m12:12:14.985312 [debug] [Thread-1 (]: dbt_clickhouse adapter: On model.dwh.mart_arpu_monthly: /* {"app": "dbt", "dbt_version": "1.11.15", "profile_name": "dwh", "target_name": "dev", "node_id": "model.dwh.mart_arpu_monthly"} */

  
    
    
    
        


        
  

  insert into `dwh`.`mart_arpu_monthly__dbt_backup`
        ("month", "revenue", "active_users", "arpu")

WITH revenue AS (
    SELECT
        toStartOfMonth(payment_date) AS month,
        sum(amount) AS revenue
    FROM `dwh`.`int_payments_success`
    GROUP BY month
),
mau AS (
    SELECT
        toStartOfMonth(ts) AS month,
        uniqExact(user_id) AS active_users
    FROM `dwh`.`stg_user_activity`
    GROUP BY month
)
SELECT
    r.month,
    r.revenue,
    m.active_users,
    round(r.revenue / m.active_users, 2) AS arpu
FROM revenue r
JOIN mau m ON m.month = r.month
ORDER BY r.month
  ...
[0m12:12:14.986840 [debug] [Thread-3 (]: dbt_clickhouse adapter: SQL status: OK in 0.01 seconds
[0m12:12:14.989100 [debug] [Thread-3 (]: Sending event: {'category': 'dbt', 'action': 'run_model', 'label': '39636704-db52-417c-bd3c-2dffdcd49ad3', 'context': [<snowplow_tracker.self_describing_json.SelfDescribingJson object at 0xffff945bfc50>]}
[0m12:12:14.990278 [info ] [Thread-3 (]: 10 of 16 OK created sql view model `dwh`.`int_listings_enriched` ............... [[32mOK[0m in 0.04s]
[0m12:12:14.990941 [debug] [Thread-4 (]: dbt_clickhouse adapter: SQL status: OK in 0.01 seconds
[0m12:12:14.991532 [debug] [Thread-3 (]: Finished running node model.dwh.int_listings_enriched
[0m12:12:14.993274 [debug] [Thread-4 (]: dbt_clickhouse adapter: On model.dwh.mart_revenue_daily: /* {"app": "dbt", "dbt_version": "1.11.15", "profile_name": "dwh", "target_name": "dev", "node_id": "model.dwh.mart_revenue_daily"} */

    select name, type from system.columns where table = 'mart_revenue_daily__dbt_backup'
    
      
        and database = 'dwh'
      
    
    order by position
  ...
[0m12:12:14.993720 [debug] [Thread-3 (]: Began running node model.dwh.mart_revenue_monthly_yoy
[0m12:12:14.994907 [info ] [Thread-3 (]: 13 of 16 START sql table model `dwh`.`mart_revenue_monthly_yoy` ................ [RUN]
[0m12:12:14.996212 [debug] [Thread-3 (]: Re-using an available connection from the pool (formerly model.dwh.int_listings_enriched, now model.dwh.mart_revenue_monthly_yoy)
[0m12:12:14.996811 [debug] [Thread-3 (]: Began compiling node model.dwh.mart_revenue_monthly_yoy
[0m12:12:14.997390 [debug] [Thread-4 (]: dbt_clickhouse adapter: SQL status: OK in 0.00 seconds
[0m12:12:14.999899 [debug] [Thread-3 (]: Writing injected SQL for node "model.dwh.mart_revenue_monthly_yoy"
[0m12:12:15.000795 [debug] [Thread-4 (]: Writing runtime sql for node "model.dwh.mart_revenue_daily"
[0m12:12:15.001719 [debug] [Thread-3 (]: Began executing node model.dwh.mart_revenue_monthly_yoy
[0m12:12:15.006687 [debug] [Thread-3 (]: dbt_clickhouse adapter: On model.dwh.mart_revenue_monthly_yoy: /* {"app": "dbt", "dbt_version": "1.11.15", "profile_name": "dwh", "target_name": "dev", "node_id": "model.dwh.mart_revenue_monthly_yoy"} */

        

    
        create table `dwh`.`mart_revenue_monthly_yoy__dbt_backup`
        
  
        
  engine = MergeTree()
        
      order by (tuple())
        
        
        
        
                    -- end_of_sql
                    SETTINGS replicated_deduplication_window='0'

                    
          empty
          as (
            

WITH monthly AS (
    SELECT
        toStartOfMonth(payment_date) AS month,
        sum(amount) AS revenue
    FROM `dwh`.`int_payments_success`
    GROUP BY month
)
SELECT
    m.month,
    m.revenue,
    p.revenue AS revenue_prev_year,
    round((m.revenue - p.revenue) / p.revenue, 4) AS yoy_growth
FROM monthly m
LEFT JOIN monthly p ON p.month = addMonths(m.month, -12)
ORDER BY m.month
          )
        
    ...
[0m12:12:15.007002 [debug] [Thread-4 (]: dbt_clickhouse adapter: On model.dwh.mart_revenue_daily: /* {"app": "dbt", "dbt_version": "1.11.15", "profile_name": "dwh", "target_name": "dev", "node_id": "model.dwh.mart_revenue_daily"} */

  
    
    
    
        


        
  

  insert into `dwh`.`mart_revenue_daily__dbt_backup`
        ("day", "revenue")

SELECT
    toDate(payment_date) AS day,
    sum(amount) AS revenue
FROM `dwh`.`int_payments_success`
GROUP BY day
ORDER BY day
  ...
[0m12:12:15.067626 [debug] [Thread-3 (]: dbt_clickhouse adapter: SQL status: OK in 0.06 seconds
[0m12:12:15.082581 [debug] [Thread-3 (]: dbt_clickhouse adapter: On model.dwh.mart_revenue_monthly_yoy: /* {"app": "dbt", "dbt_version": "1.11.15", "profile_name": "dwh", "target_name": "dev", "node_id": "model.dwh.mart_revenue_monthly_yoy"} */

    select name, type from system.columns where table = 'mart_revenue_monthly_yoy__dbt_backup'
    
      
        and database = 'dwh'
      
    
    order by position
  ...
[0m12:12:15.087978 [debug] [Thread-3 (]: dbt_clickhouse adapter: SQL status: OK in 0.00 seconds
[0m12:12:15.092413 [debug] [Thread-3 (]: Writing runtime sql for node "model.dwh.mart_revenue_monthly_yoy"
[0m12:12:15.101213 [debug] [Thread-3 (]: dbt_clickhouse adapter: On model.dwh.mart_revenue_monthly_yoy: /* {"app": "dbt", "dbt_version": "1.11.15", "profile_name": "dwh", "target_name": "dev", "node_id": "model.dwh.mart_revenue_monthly_yoy"} */

  
    
    
    
        


        
  

  insert into `dwh`.`mart_revenue_monthly_yoy__dbt_backup`
        ("month", "revenue", "revenue_prev_year", "yoy_growth")

WITH monthly AS (
    SELECT
        toStartOfMonth(payment_date) AS month,
        sum(amount) AS revenue
    FROM `dwh`.`int_payments_success`
    GROUP BY month
)
SELECT
    m.month,
    m.revenue,
    p.revenue AS revenue_prev_year,
    round((m.revenue - p.revenue) / p.revenue, 4) AS yoy_growth
FROM monthly m
LEFT JOIN monthly p ON p.month = addMonths(m.month, -12)
ORDER BY m.month
  ...
[0m12:12:15.168292 [debug] [Thread-4 (]: dbt_clickhouse adapter: SQL status: OK in 0.16 seconds
[0m12:12:15.170632 [debug] [Thread-4 (]: dbt_clickhouse adapter: On model.dwh.mart_revenue_daily: /* {"app": "dbt", "dbt_version": "1.11.15", "profile_name": "dwh", "target_name": "dev", "node_id": "model.dwh.mart_revenue_daily"} */
EXCHANGE TABLES `dwh`.`mart_revenue_daily__dbt_backup` AND `dwh`.`mart_revenue_daily` 
  
  ...
[0m12:12:15.198137 [debug] [Thread-4 (]: dbt_clickhouse adapter: SQL status: OK in 0.03 seconds
[0m12:12:15.203308 [debug] [Thread-4 (]: dbt_clickhouse adapter: On model.dwh.mart_revenue_daily: /* {"app": "dbt", "dbt_version": "1.11.15", "profile_name": "dwh", "target_name": "dev", "node_id": "model.dwh.mart_revenue_daily"} */
drop table if exists `dwh`.`mart_revenue_daily__dbt_backup` 
  ...
[0m12:12:15.211425 [debug] [Thread-4 (]: dbt_clickhouse adapter: SQL status: OK in 0.01 seconds
[0m12:12:15.214661 [debug] [Thread-4 (]: Sending event: {'category': 'dbt', 'action': 'run_model', 'label': '39636704-db52-417c-bd3c-2dffdcd49ad3', 'context': [<snowplow_tracker.self_describing_json.SelfDescribingJson object at 0xffff956edaf0>]}
[0m12:12:15.216270 [info ] [Thread-4 (]: 12 of 16 OK created sql table model `dwh`.`mart_revenue_daily` ................. [[32mOK[0m in 0.24s]
[0m12:12:15.217220 [debug] [Thread-4 (]: Finished running node model.dwh.mart_revenue_daily
[0m12:12:15.218427 [debug] [Thread-4 (]: Began running node model.dwh.dim_vas_types
[0m12:12:15.220214 [info ] [Thread-4 (]: 14 of 16 START sql table model `dwh`.`dim_vas_types` ........................... [RUN]
[0m12:12:15.222087 [debug] [Thread-4 (]: Re-using an available connection from the pool (formerly model.dwh.mart_revenue_daily, now model.dwh.dim_vas_types)
[0m12:12:15.223582 [debug] [Thread-4 (]: Began compiling node model.dwh.dim_vas_types
[0m12:12:15.228123 [debug] [Thread-4 (]: Writing injected SQL for node "model.dwh.dim_vas_types"
[0m12:12:15.245336 [debug] [Thread-4 (]: Began executing node model.dwh.dim_vas_types
[0m12:12:15.252516 [debug] [Thread-4 (]: dbt_clickhouse adapter: On model.dwh.dim_vas_types: /* {"app": "dbt", "dbt_version": "1.11.15", "profile_name": "dwh", "target_name": "dev", "node_id": "model.dwh.dim_vas_types"} */
drop table if exists `dwh`.`dim_vas_types__dbt_backup` 
  ...
[0m12:12:15.264173 [debug] [Thread-4 (]: dbt_clickhouse adapter: SQL status: OK in 0.01 seconds
[0m12:12:15.267939 [debug] [Thread-4 (]: dbt_clickhouse adapter: On model.dwh.dim_vas_types: /* {"app": "dbt", "dbt_version": "1.11.15", "profile_name": "dwh", "target_name": "dev", "node_id": "model.dwh.dim_vas_types"} */

        

    
        create table `dwh`.`dim_vas_types__dbt_backup`
        
  
        
  engine = MergeTree()
        
      order by (tuple())
        
        
        
        
                    -- end_of_sql
                    SETTINGS replicated_deduplication_window='0'

                    
          empty
          as (
            

SELECT
    vas_type_id,
    name AS vas_type_name,
    description
FROM `dwh`.`stg_vas_types`
          )
        
    ...
[0m12:12:15.348330 [debug] [Thread-4 (]: dbt_clickhouse adapter: SQL status: OK in 0.08 seconds
[0m12:12:15.352151 [debug] [Thread-4 (]: dbt_clickhouse adapter: On model.dwh.dim_vas_types: /* {"app": "dbt", "dbt_version": "1.11.15", "profile_name": "dwh", "target_name": "dev", "node_id": "model.dwh.dim_vas_types"} */

    select name, type from system.columns where table = 'dim_vas_types__dbt_backup'
    
      
        and database = 'dwh'
      
    
    order by position
  ...
[0m12:12:15.358763 [debug] [Thread-4 (]: dbt_clickhouse adapter: SQL status: OK in 0.01 seconds
[0m12:12:15.360461 [debug] [Thread-4 (]: Writing runtime sql for node "model.dwh.dim_vas_types"
[0m12:12:15.365717 [debug] [Thread-3 (]: dbt_clickhouse adapter: SQL status: OK in 0.26 seconds
[0m12:12:15.368490 [debug] [Thread-3 (]: dbt_clickhouse adapter: On model.dwh.mart_revenue_monthly_yoy: /* {"app": "dbt", "dbt_version": "1.11.15", "profile_name": "dwh", "target_name": "dev", "node_id": "model.dwh.mart_revenue_monthly_yoy"} */
EXCHANGE TABLES `dwh`.`mart_revenue_monthly_yoy__dbt_backup` AND `dwh`.`mart_revenue_monthly_yoy` 
  
  ...
[0m12:12:15.368977 [debug] [Thread-4 (]: dbt_clickhouse adapter: On model.dwh.dim_vas_types: /* {"app": "dbt", "dbt_version": "1.11.15", "profile_name": "dwh", "target_name": "dev", "node_id": "model.dwh.dim_vas_types"} */

  
    
    
    
        


        
  

  insert into `dwh`.`dim_vas_types__dbt_backup`
        ("vas_type_id", "vas_type_name", "description")

SELECT
    vas_type_id,
    name AS vas_type_name,
    description
FROM `dwh`.`stg_vas_types`
  ...
[0m12:12:15.386430 [debug] [Thread-3 (]: dbt_clickhouse adapter: SQL status: OK in 0.02 seconds
[0m12:12:15.396876 [debug] [Thread-3 (]: dbt_clickhouse adapter: On model.dwh.mart_revenue_monthly_yoy: /* {"app": "dbt", "dbt_version": "1.11.15", "profile_name": "dwh", "target_name": "dev", "node_id": "model.dwh.mart_revenue_monthly_yoy"} */
drop table if exists `dwh`.`mart_revenue_monthly_yoy__dbt_backup` 
  ...
[0m12:12:15.402253 [debug] [Thread-3 (]: dbt_clickhouse adapter: SQL status: OK in 0.00 seconds
[0m12:12:15.404366 [debug] [Thread-3 (]: Sending event: {'category': 'dbt', 'action': 'run_model', 'label': '39636704-db52-417c-bd3c-2dffdcd49ad3', 'context': [<snowplow_tracker.self_describing_json.SelfDescribingJson object at 0xffff945becf0>]}
[0m12:12:15.406454 [info ] [Thread-3 (]: 13 of 16 OK created sql table model `dwh`.`mart_revenue_monthly_yoy` ........... [[32mOK[0m in 0.41s]
[0m12:12:15.407882 [debug] [Thread-3 (]: Finished running node model.dwh.mart_revenue_monthly_yoy
[0m12:12:15.409849 [debug] [Thread-3 (]: Began running node model.dwh.mart_listings_by_category
[0m12:12:15.411203 [info ] [Thread-3 (]: 15 of 16 START sql table model `dwh`.`mart_listings_by_category` ............... [RUN]
[0m12:12:15.412444 [debug] [Thread-3 (]: Re-using an available connection from the pool (formerly model.dwh.mart_revenue_monthly_yoy, now model.dwh.mart_listings_by_category)
[0m12:12:15.416061 [debug] [Thread-3 (]: Began compiling node model.dwh.mart_listings_by_category
[0m12:12:15.424848 [debug] [Thread-3 (]: Writing injected SQL for node "model.dwh.mart_listings_by_category"
[0m12:12:15.432928 [debug] [Thread-3 (]: Began executing node model.dwh.mart_listings_by_category
[0m12:12:15.436953 [debug] [Thread-3 (]: dbt_clickhouse adapter: On model.dwh.mart_listings_by_category: /* {"app": "dbt", "dbt_version": "1.11.15", "profile_name": "dwh", "target_name": "dev", "node_id": "model.dwh.mart_listings_by_category"} */
drop table if exists `dwh`.`mart_listings_by_category__dbt_backup` 
  ...
[0m12:12:15.446634 [debug] [Thread-3 (]: dbt_clickhouse adapter: SQL status: OK in 0.01 seconds
[0m12:12:15.448660 [debug] [Thread-3 (]: dbt_clickhouse adapter: On model.dwh.mart_listings_by_category: /* {"app": "dbt", "dbt_version": "1.11.15", "profile_name": "dwh", "target_name": "dev", "node_id": "model.dwh.mart_listings_by_category"} */

        

    
        create table `dwh`.`mart_listings_by_category__dbt_backup`
        
  
        
  engine = MergeTree()
        
      order by (tuple())
        
        
        
        
                    -- end_of_sql
                    SETTINGS replicated_deduplication_window='0'

                    
          empty
          as (
            

SELECT
    category_id,
    category_name,
    count(*) AS listing_count,
    round(avg(price), 2) AS avg_price
FROM `dwh`.`int_listings_enriched`
GROUP BY category_id, category_name
ORDER BY listing_count DESC
          )
        
    ...
[0m12:12:15.462195 [debug] [Thread-4 (]: dbt_clickhouse adapter: SQL status: OK in 0.09 seconds
[0m12:12:15.463817 [debug] [Thread-4 (]: dbt_clickhouse adapter: On model.dwh.dim_vas_types: /* {"app": "dbt", "dbt_version": "1.11.15", "profile_name": "dwh", "target_name": "dev", "node_id": "model.dwh.dim_vas_types"} */
EXCHANGE TABLES `dwh`.`dim_vas_types__dbt_backup` AND `dwh`.`dim_vas_types` 
  
  ...
[0m12:12:15.488861 [debug] [Thread-4 (]: dbt_clickhouse adapter: SQL status: OK in 0.02 seconds
[0m12:12:15.499129 [debug] [Thread-4 (]: dbt_clickhouse adapter: On model.dwh.dim_vas_types: /* {"app": "dbt", "dbt_version": "1.11.15", "profile_name": "dwh", "target_name": "dev", "node_id": "model.dwh.dim_vas_types"} */
drop table if exists `dwh`.`dim_vas_types__dbt_backup` 
  ...
[0m12:12:15.502475 [debug] [Thread-3 (]: dbt_clickhouse adapter: SQL status: OK in 0.05 seconds
[0m12:12:15.508700 [debug] [Thread-3 (]: dbt_clickhouse adapter: On model.dwh.mart_listings_by_category: /* {"app": "dbt", "dbt_version": "1.11.15", "profile_name": "dwh", "target_name": "dev", "node_id": "model.dwh.mart_listings_by_category"} */

    select name, type from system.columns where table = 'mart_listings_by_category__dbt_backup'
    
      
        and database = 'dwh'
      
    
    order by position
  ...
[0m12:12:15.515654 [debug] [Thread-4 (]: dbt_clickhouse adapter: SQL status: OK in 0.01 seconds
[0m12:12:15.521500 [debug] [Thread-4 (]: Sending event: {'category': 'dbt', 'action': 'run_model', 'label': '39636704-db52-417c-bd3c-2dffdcd49ad3', 'context': [<snowplow_tracker.self_describing_json.SelfDescribingJson object at 0xffff945bf1d0>]}
[0m12:12:15.523306 [debug] [Thread-3 (]: dbt_clickhouse adapter: SQL status: OK in 0.01 seconds
[0m12:12:15.528972 [info ] [Thread-4 (]: 14 of 16 OK created sql table model `dwh`.`dim_vas_types` ...................... [[32mOK[0m in 0.30s]
[0m12:12:15.535824 [debug] [Thread-3 (]: Writing runtime sql for node "model.dwh.mart_listings_by_category"
[0m12:12:15.542774 [debug] [Thread-4 (]: Finished running node model.dwh.dim_vas_types
[0m12:12:15.548536 [debug] [Thread-4 (]: Began running node model.dwh.mart_vas
[0m12:12:15.550746 [info ] [Thread-4 (]: 16 of 16 START sql table model `dwh`.`mart_vas` ................................ [RUN]
[0m12:12:15.552723 [debug] [Thread-4 (]: Re-using an available connection from the pool (formerly model.dwh.dim_vas_types, now model.dwh.mart_vas)
[0m12:12:15.554038 [debug] [Thread-4 (]: Began compiling node model.dwh.mart_vas
[0m12:12:15.560173 [debug] [Thread-3 (]: dbt_clickhouse adapter: On model.dwh.mart_listings_by_category: /* {"app": "dbt", "dbt_version": "1.11.15", "profile_name": "dwh", "target_name": "dev", "node_id": "model.dwh.mart_listings_by_category"} */

  
    
    
    
        


        
  

  insert into `dwh`.`mart_listings_by_category__dbt_backup`
        ("category_id", "category_name", "listing_count", "avg_price")

SELECT
    category_id,
    category_name,
    count(*) AS listing_count,
    round(avg(price), 2) AS avg_price
FROM `dwh`.`int_listings_enriched`
GROUP BY category_id, category_name
ORDER BY listing_count DESC
  ...
[0m12:12:15.559286 [debug] [Thread-4 (]: Writing injected SQL for node "model.dwh.mart_vas"
[0m12:12:15.575939 [debug] [Thread-4 (]: Began executing node model.dwh.mart_vas
[0m12:12:15.579904 [debug] [Thread-4 (]: dbt_clickhouse adapter: On model.dwh.mart_vas: /* {"app": "dbt", "dbt_version": "1.11.15", "profile_name": "dwh", "target_name": "dev", "node_id": "model.dwh.mart_vas"} */

        

    
        create table `dwh`.`mart_vas__dbt_backup`
        
  
        
  engine = MergeTree()
        
      order by (tuple())
        
        
        
        
                    -- end_of_sql
                    SETTINGS replicated_deduplication_window='0'

                    
          empty
          as (
            

SELECT
    v.vas_type_id,
    v.vas_type_name,
    count(*) AS purchases,
    sum(p.amount) AS revenue
FROM `dwh`.`int_payments_success` p
JOIN `dwh`.`dim_vas_types` v ON p.vas_type_id = v.vas_type_id
WHERE p.payment_type = 'vas'
GROUP BY v.vas_type_id, v.vas_type_name
ORDER BY revenue DESC
          )
        
    ...
[0m12:12:15.666098 [debug] [Thread-4 (]: dbt_clickhouse adapter: SQL status: OK in 0.08 seconds
[0m12:12:15.670409 [debug] [Thread-4 (]: dbt_clickhouse adapter: On model.dwh.mart_vas: /* {"app": "dbt", "dbt_version": "1.11.15", "profile_name": "dwh", "target_name": "dev", "node_id": "model.dwh.mart_vas"} */

    select name, type from system.columns where table = 'mart_vas__dbt_backup'
    
      
        and database = 'dwh'
      
    
    order by position
  ...
[0m12:12:15.694161 [debug] [Thread-4 (]: dbt_clickhouse adapter: SQL status: OK in 0.02 seconds
[0m12:12:15.700821 [debug] [Thread-4 (]: Writing runtime sql for node "model.dwh.mart_vas"
[0m12:12:15.717114 [debug] [Thread-4 (]: dbt_clickhouse adapter: On model.dwh.mart_vas: /* {"app": "dbt", "dbt_version": "1.11.15", "profile_name": "dwh", "target_name": "dev", "node_id": "model.dwh.mart_vas"} */

  
    
    
    
        


        
  

  insert into `dwh`.`mart_vas__dbt_backup`
        ("v.vas_type_id", "vas_type_name", "purchases", "revenue")

SELECT
    v.vas_type_id,
    v.vas_type_name,
    count(*) AS purchases,
    sum(p.amount) AS revenue
FROM `dwh`.`int_payments_success` p
JOIN `dwh`.`dim_vas_types` v ON p.vas_type_id = v.vas_type_id
WHERE p.payment_type = 'vas'
GROUP BY v.vas_type_id, v.vas_type_name
ORDER BY revenue DESC
  ...
[0m12:12:15.816977 [debug] [Thread-3 (]: dbt_clickhouse adapter: SQL status: OK in 0.26 seconds
[0m12:12:15.818085 [debug] [Thread-3 (]: dbt_clickhouse adapter: On model.dwh.mart_listings_by_category: /* {"app": "dbt", "dbt_version": "1.11.15", "profile_name": "dwh", "target_name": "dev", "node_id": "model.dwh.mart_listings_by_category"} */
EXCHANGE TABLES `dwh`.`mart_listings_by_category__dbt_backup` AND `dwh`.`mart_listings_by_category` 
  
  ...
[0m12:12:15.824888 [debug] [Thread-3 (]: dbt_clickhouse adapter: SQL status: OK in 0.01 seconds
[0m12:12:15.827598 [debug] [Thread-3 (]: dbt_clickhouse adapter: On model.dwh.mart_listings_by_category: /* {"app": "dbt", "dbt_version": "1.11.15", "profile_name": "dwh", "target_name": "dev", "node_id": "model.dwh.mart_listings_by_category"} */
drop table if exists `dwh`.`mart_listings_by_category__dbt_backup` 
  ...
[0m12:12:15.829379 [debug] [Thread-3 (]: dbt_clickhouse adapter: SQL status: OK in 0.00 seconds
[0m12:12:15.830935 [debug] [Thread-3 (]: Sending event: {'category': 'dbt', 'action': 'run_model', 'label': '39636704-db52-417c-bd3c-2dffdcd49ad3', 'context': [<snowplow_tracker.self_describing_json.SelfDescribingJson object at 0xffff945becf0>]}
[0m12:12:15.832178 [info ] [Thread-3 (]: 15 of 16 OK created sql table model `dwh`.`mart_listings_by_category` .......... [[32mOK[0m in 0.42s]
[0m12:12:15.833084 [debug] [Thread-4 (]: dbt_clickhouse adapter: SQL status: OK in 0.12 seconds
[0m12:12:15.833582 [debug] [Thread-3 (]: Finished running node model.dwh.mart_listings_by_category
[0m12:12:15.834530 [debug] [Thread-4 (]: dbt_clickhouse adapter: On model.dwh.mart_vas: /* {"app": "dbt", "dbt_version": "1.11.15", "profile_name": "dwh", "target_name": "dev", "node_id": "model.dwh.mart_vas"} */
EXCHANGE TABLES `dwh`.`mart_vas__dbt_backup` AND `dwh`.`mart_vas` 
  
  ...
[0m12:12:15.838637 [debug] [Thread-4 (]: dbt_clickhouse adapter: SQL status: OK in 0.00 seconds
[0m12:12:15.841321 [debug] [Thread-4 (]: dbt_clickhouse adapter: On model.dwh.mart_vas: /* {"app": "dbt", "dbt_version": "1.11.15", "profile_name": "dwh", "target_name": "dev", "node_id": "model.dwh.mart_vas"} */
drop table if exists `dwh`.`mart_vas__dbt_backup` 
  ...
[0m12:12:15.841965 [debug] [Thread-2 (]: dbt_clickhouse adapter: SQL status: OK in 0.86 seconds
[0m12:12:15.842637 [debug] [Thread-1 (]: dbt_clickhouse adapter: SQL status: OK in 0.86 seconds
[0m12:12:15.843567 [debug] [Thread-2 (]: dbt_clickhouse adapter: On model.dwh.mart_dau: /* {"app": "dbt", "dbt_version": "1.11.15", "profile_name": "dwh", "target_name": "dev", "node_id": "model.dwh.mart_dau"} */
EXCHANGE TABLES `dwh`.`mart_dau__dbt_backup` AND `dwh`.`mart_dau` 
  
  ...
[0m12:12:15.844315 [debug] [Thread-1 (]: dbt_clickhouse adapter: On model.dwh.mart_arpu_monthly: /* {"app": "dbt", "dbt_version": "1.11.15", "profile_name": "dwh", "target_name": "dev", "node_id": "model.dwh.mart_arpu_monthly"} */
EXCHANGE TABLES `dwh`.`mart_arpu_monthly__dbt_backup` AND `dwh`.`mart_arpu_monthly` 
  
  ...
[0m12:12:15.844512 [debug] [Thread-4 (]: dbt_clickhouse adapter: SQL status: OK in 0.00 seconds
[0m12:12:15.845718 [debug] [Thread-4 (]: Sending event: {'category': 'dbt', 'action': 'run_model', 'label': '39636704-db52-417c-bd3c-2dffdcd49ad3', 'context': [<snowplow_tracker.self_describing_json.SelfDescribingJson object at 0xffff945bff50>]}
[0m12:12:15.846324 [info ] [Thread-4 (]: 16 of 16 OK created sql table model `dwh`.`mart_vas` ........................... [[32mOK[0m in 0.29s]
[0m12:12:15.847023 [debug] [Thread-4 (]: Finished running node model.dwh.mart_vas
[0m12:12:15.847731 [debug] [Thread-2 (]: dbt_clickhouse adapter: SQL status: OK in 0.00 seconds
[0m12:12:15.849593 [debug] [Thread-2 (]: dbt_clickhouse adapter: On model.dwh.mart_dau: /* {"app": "dbt", "dbt_version": "1.11.15", "profile_name": "dwh", "target_name": "dev", "node_id": "model.dwh.mart_dau"} */
drop table if exists `dwh`.`mart_dau__dbt_backup` 
  ...
[0m12:12:15.849781 [debug] [Thread-1 (]: dbt_clickhouse adapter: SQL status: OK in 0.00 seconds
[0m12:12:15.851788 [debug] [Thread-1 (]: dbt_clickhouse adapter: On model.dwh.mart_arpu_monthly: /* {"app": "dbt", "dbt_version": "1.11.15", "profile_name": "dwh", "target_name": "dev", "node_id": "model.dwh.mart_arpu_monthly"} */
drop table if exists `dwh`.`mart_arpu_monthly__dbt_backup` 
  ...
[0m12:12:15.852910 [debug] [Thread-2 (]: dbt_clickhouse adapter: SQL status: OK in 0.00 seconds
[0m12:12:15.853718 [debug] [Thread-2 (]: Sending event: {'category': 'dbt', 'action': 'run_model', 'label': '39636704-db52-417c-bd3c-2dffdcd49ad3', 'context': [<snowplow_tracker.self_describing_json.SelfDescribingJson object at 0xffff956ef770>]}
[0m12:12:15.853934 [debug] [Thread-1 (]: dbt_clickhouse adapter: SQL status: OK in 0.00 seconds
[0m12:12:15.854255 [info ] [Thread-2 (]: 9 of 16 OK created sql table model `dwh`.`mart_dau` ............................ [[32mOK[0m in 0.93s]
[0m12:12:15.855017 [debug] [Thread-1 (]: Sending event: {'category': 'dbt', 'action': 'run_model', 'label': '39636704-db52-417c-bd3c-2dffdcd49ad3', 'context': [<snowplow_tracker.self_describing_json.SelfDescribingJson object at 0xffff956ecef0>]}
[0m12:12:15.855298 [debug] [Thread-2 (]: Finished running node model.dwh.mart_dau
[0m12:12:15.855599 [info ] [Thread-1 (]: 11 of 16 OK created sql table model `dwh`.`mart_arpu_monthly` .................. [[32mOK[0m in 0.91s]
[0m12:12:15.856138 [debug] [Thread-1 (]: Finished running node model.dwh.mart_arpu_monthly
[0m12:12:15.857515 [debug] [MainThread]: Connection 'master' was properly closed.
[0m12:12:15.857769 [debug] [MainThread]: Connection 'model.dwh.mart_arpu_monthly' was left open.
[0m12:12:15.857956 [debug] [MainThread]: On model.dwh.mart_arpu_monthly: Close
[0m12:12:15.858185 [debug] [MainThread]: Connection 'model.dwh.mart_listings_by_category' was left open.
[0m12:12:15.858336 [debug] [MainThread]: On model.dwh.mart_listings_by_category: Close
[0m12:12:15.858526 [debug] [MainThread]: Connection 'model.dwh.mart_dau' was left open.
[0m12:12:15.858736 [debug] [MainThread]: On model.dwh.mart_dau: Close
[0m12:12:15.858996 [debug] [MainThread]: Connection 'model.dwh.mart_vas' was left open.
[0m12:12:15.859193 [debug] [MainThread]: On model.dwh.mart_vas: Close
[0m12:12:15.859816 [info ] [MainThread]: 
[0m12:12:15.860115 [info ] [MainThread]: Finished running 8 table models, 8 view models in 0 hours 0 minutes and 1.38 seconds (1.38s).
[0m12:12:15.861813 [debug] [MainThread]: Command end result
[0m12:12:15.893269 [debug] [MainThread]: Wrote artifact WritableManifest to /opt/airflow/dbt/target/manifest.json
[0m12:12:15.895849 [debug] [MainThread]: Wrote artifact SemanticManifest to /opt/airflow/dbt/target/semantic_manifest.json
[0m12:12:15.900579 [debug] [MainThread]: Wrote artifact RunExecutionResult to /opt/airflow/dbt/target/run_results.json
[0m12:12:15.900793 [info ] [MainThread]: 
[0m12:12:15.901015 [info ] [MainThread]: [32mCompleted successfully[0m
[0m12:12:15.901559 [info ] [MainThread]: 
[0m12:12:15.901772 [info ] [MainThread]: Done. PASS=16 WARN=0 ERROR=0 SKIP=0 NO-OP=0 TOTAL=16
[0m12:12:15.902900 [debug] [MainThread]: Resource report: {"command_name": "run", "command_success": true, "command_wall_clock_time": 1.919668, "process_in_blocks": "55616", "process_kernel_time": 0.308537, "process_mem_max_rss": "153224", "process_out_blocks": "2841", "process_user_time": 1.592935}
[0m12:12:15.903260 [debug] [MainThread]: Command `dbt run` succeeded at 12:12:15.903207 after 1.92 seconds
[0m12:12:15.903528 [debug] [MainThread]: Sending event: {'category': 'dbt', 'action': 'invocation', 'label': 'end', 'context': [<snowplow_tracker.self_describing_json.SelfDescribingJson object at 0xffff984eb9b0>, <snowplow_tracker.self_describing_json.SelfDescribingJson object at 0xffff9463f6b0>, <snowplow_tracker.self_describing_json.SelfDescribingJson object at 0xffff9463d250>]}
[0m12:12:15.903705 [debug] [MainThread]: Flushing usage events
[0m12:12:21.507390 [debug] [MainThread]: An error was encountered while trying to flush usage events
[0m12:19:29.169329 [debug] [MainThread]: Sending event: {'category': 'dbt', 'action': 'invocation', 'label': 'start', 'context': [<snowplow_tracker.self_describing_json.SelfDescribingJson object at 0xffffb6023770>, <snowplow_tracker.self_describing_json.SelfDescribingJson object at 0xffffb943afd0>, <snowplow_tracker.self_describing_json.SelfDescribingJson object at 0xffffb4e57d90>]}


============================== 12:19:29.172730 | 89b470f9-eff0-4689-8d77-acbb50a101e4 ==============================
[0m12:19:29.172730 [info ] [MainThread]: Running with dbt=1.11.15
[0m12:19:29.173085 [debug] [MainThread]: running dbt with arguments {'printer_width': '80', 'cache_selected_only': 'False', 'log_path': '/opt/airflow/dbt/logs', 'invocation_command': 'dbt run', 'fail_fast': 'False', 'static_parser': 'True', 'introspect': 'True', 'log_cache_events': 'False', 'indirect_selection': 'eager', 'use_colors': 'True', 'warn_error': 'None', 'partial_parse': 'True', 'target_path': 'None', 'use_experimental_parser': 'False', 'empty': 'False', 'write_json': 'True', 'log_format': 'default', 'profiles_dir': '/opt/airflow/dbt/profiles', 'quiet': 'False', 'send_anonymous_usage_stats': 'True', 'no_print': 'None', 'warn_error_options': 'WarnErrorOptionsV2(error=[], warn=[], silence=[])', 'version_check': 'True', 'debug': 'False'}
[0m12:19:29.364495 [debug] [MainThread]: Sending event: {'category': 'dbt', 'action': 'project_id', 'label': '89b470f9-eff0-4689-8d77-acbb50a101e4', 'context': [<snowplow_tracker.self_describing_json.SelfDescribingJson object at 0xffffb5afcb00>]}
[0m12:19:29.395972 [debug] [MainThread]: Sending event: {'category': 'dbt', 'action': 'adapter_info', 'label': '89b470f9-eff0-4689-8d77-acbb50a101e4', 'context': [<snowplow_tracker.self_describing_json.SelfDescribingJson object at 0xffffb4ea3460>]}
[0m12:19:29.396685 [info ] [MainThread]: Registered adapter: clickhouse=1.10.2
[0m12:19:29.437694 [debug] [MainThread]: checksum: 810725a07b286a161cb6a02f5214572f3ba8aa5d584b5e37ea30d4a281c3d3a5, vars: {}, profile: , target: , version: 1.11.15
[0m12:19:29.507402 [debug] [MainThread]: Partial parsing enabled: 0 files deleted, 0 files added, 0 files changed.
[0m12:19:29.507728 [debug] [MainThread]: Nothing changed, skipping partial parsing.
[0m12:19:29.507885 [debug] [MainThread]: Partial parsing enabled, no changes found, skipping parsing
[0m12:19:29.523442 [debug] [MainThread]: Sending event: {'category': 'dbt', 'action': 'load_project', 'label': '89b470f9-eff0-4689-8d77-acbb50a101e4', 'context': [<snowplow_tracker.self_describing_json.SelfDescribingJson object at 0xffffb4a64450>]}
[0m12:19:29.610571 [debug] [MainThread]: Wrote artifact WritableManifest to /opt/airflow/dbt/target/manifest.json
[0m12:19:29.612276 [debug] [MainThread]: Wrote artifact SemanticManifest to /opt/airflow/dbt/target/semantic_manifest.json
[0m12:19:29.620389 [debug] [MainThread]: Sending event: {'category': 'dbt', 'action': 'resource_counts', 'label': '89b470f9-eff0-4689-8d77-acbb50a101e4', 'context': [<snowplow_tracker.self_describing_json.SelfDescribingJson object at 0xffffb509ab70>]}
[0m12:19:29.620658 [info ] [MainThread]: Found 16 models, 536 macros
[0m12:19:29.620826 [debug] [MainThread]: Sending event: {'category': 'dbt', 'action': 'runnable_timing', 'label': '89b470f9-eff0-4689-8d77-acbb50a101e4', 'context': [<snowplow_tracker.self_describing_json.SelfDescribingJson object at 0xffffb48ae890>]}
[0m12:19:29.622392 [info ] [MainThread]: 
[0m12:19:29.622712 [info ] [MainThread]: Concurrency: 4 threads (target='dev')
[0m12:19:29.623010 [info ] [MainThread]: 
[0m12:19:29.623304 [debug] [MainThread]: Acquiring new clickhouse connection 'master'
[0m12:19:29.627209 [debug] [ThreadPool]: Acquiring new clickhouse connection 'list_'
[0m12:19:29.633273 [debug] [ThreadPool]: Opening a new connection, currently in state init
[0m12:19:29.778222 [debug] [ThreadPool]: dbt_clickhouse adapter: On list_: /* {"app": "dbt", "dbt_version": "1.11.15", "profile_name": "dwh", "target_name": "dev", "connection_name": "list_"} */

    select name from system.databases
  ...
[0m12:19:29.779646 [debug] [ThreadPool]: dbt_clickhouse adapter: SQL status: OK in 0.00 seconds
[0m12:19:29.799459 [debug] [ThreadPool]: Re-using an available connection from the pool (formerly list_, now list__dwh)
[0m12:19:29.803264 [debug] [ThreadPool]: dbt_clickhouse adapter: On list__dwh: /* {"app": "dbt", "dbt_version": "1.11.15", "profile_name": "dwh", "target_name": "dev", "connection_name": "list__dwh"} */
with mv_sources as (
      -- Find all MVs and their target tables (database and name of the MV, plus the SELECT SQL)
      select
        name as mv_name,
        database as mv_database,
        any(as_select) as mv_sql,
        any(replaceRegexpOne(create_table_query, '.*TO\\s+`?([^`\\s(]+)`?\\.`?([^`\\s(]+)`?.*', '\\1.\\2')) as target_fqn
      
      from system.tables
      
      where engine = 'MaterializedView'
        and create_table_query like '%TO %'
      group by mv_name, mv_database
    )
    select
      t.name as name,
      t.database as schema,
      multiIf(
        t.engine = 'MaterializedView', 'materialized_view',
        t.engine = 'View', 'view',
        t.engine = 'Dictionary', 'dictionary',
        'table'
      ) as type,
      db.engine as db_engine,
      groupArrayIf(
        map('schema', mv_sources.mv_database, 'name', mv_sources.mv_name, 'sql', mv_sources.mv_sql),
        mv_sources.mv_name != ''
      ) as mvs_pointing_to_it,
      -- The refresh clause of a refreshable MV sits between the view name and the TO clause,
      -- e.g. CREATE MATERIALIZED VIEW db.mv REFRESH EVERY 2 MINUTE [APPEND] TO db.target ...
      max(position(substring(t.create_table_query, 1, position(t.create_table_query, ' TO ')), ' REFRESH ')) > 0 as is_refreshable,
      max(position(substring(t.create_table_query, 1, position(t.create_table_query, ' TO ')), ' APPEND')) > 0 as refreshable_append,0 as is_on_cluster
        from system.tables as t
      
        join system.databases as db on t.database = db.name
        left join mv_sources on mv_sources.target_fqn = concat(t.database, '.', t.name)
      where schema = 'dwh'
      group by name, schema, type, db_engine

  ...
[0m12:19:29.837328 [debug] [ThreadPool]: dbt_clickhouse adapter: SQL status: OK in 0.03 seconds
[0m12:19:29.839645 [debug] [MainThread]: Sending event: {'category': 'dbt', 'action': 'runnable_timing', 'label': '89b470f9-eff0-4689-8d77-acbb50a101e4', 'context': [<snowplow_tracker.self_describing_json.SelfDescribingJson object at 0xffffb27d9b20>]}
[0m12:19:29.841975 [debug] [Thread-3 (]: Began running node model.dwh.stg_payments
[0m12:19:29.842179 [debug] [Thread-1 (]: Began running node model.dwh.stg_categories
[0m12:19:29.842378 [debug] [Thread-2 (]: Began running node model.dwh.stg_listings
[0m12:19:29.842584 [debug] [Thread-4 (]: Began running node model.dwh.stg_user_activity
[0m12:19:29.842876 [info ] [Thread-3 (]: 3 of 16 START sql view model `dwh`.`stg_payments` .............................. [RUN]
[0m12:19:29.843432 [info ] [Thread-1 (]: 1 of 16 START sql view model `dwh`.`stg_categories` ............................ [RUN]
[0m12:19:29.843748 [info ] [Thread-2 (]: 2 of 16 START sql view model `dwh`.`stg_listings` .............................. [RUN]
[0m12:19:29.844064 [info ] [Thread-4 (]: 4 of 16 START sql view model `dwh`.`stg_user_activity` ......................... [RUN]
[0m12:19:29.844484 [debug] [Thread-3 (]: Acquiring new clickhouse connection 'model.dwh.stg_payments'
[0m12:19:29.844704 [debug] [Thread-1 (]: Re-using an available connection from the pool (formerly list__dwh, now model.dwh.stg_categories)
[0m12:19:29.844966 [debug] [Thread-2 (]: Acquiring new clickhouse connection 'model.dwh.stg_listings'
[0m12:19:29.845233 [debug] [Thread-4 (]: Acquiring new clickhouse connection 'model.dwh.stg_user_activity'
[0m12:19:29.845439 [debug] [Thread-3 (]: Began compiling node model.dwh.stg_payments
[0m12:19:29.845635 [debug] [Thread-1 (]: Began compiling node model.dwh.stg_categories
[0m12:19:29.845824 [debug] [Thread-2 (]: Began compiling node model.dwh.stg_listings
[0m12:19:29.846001 [debug] [Thread-4 (]: Began compiling node model.dwh.stg_user_activity
[0m12:19:29.850587 [debug] [Thread-3 (]: Writing injected SQL for node "model.dwh.stg_payments"
[0m12:19:29.852194 [debug] [Thread-1 (]: Writing injected SQL for node "model.dwh.stg_categories"
[0m12:19:29.854384 [debug] [Thread-2 (]: Writing injected SQL for node "model.dwh.stg_listings"
[0m12:19:29.857577 [debug] [Thread-4 (]: Writing injected SQL for node "model.dwh.stg_user_activity"
[0m12:19:29.859498 [debug] [Thread-1 (]: Began executing node model.dwh.stg_categories
[0m12:19:29.865456 [debug] [Thread-3 (]: Began executing node model.dwh.stg_payments
[0m12:19:29.865775 [debug] [Thread-2 (]: Began executing node model.dwh.stg_listings
[0m12:19:29.866073 [debug] [Thread-4 (]: Began executing node model.dwh.stg_user_activity
[0m12:19:29.872273 [debug] [Thread-1 (]: Relation stg_categories already exists, replacing it
[0m12:19:29.873732 [debug] [Thread-3 (]: Relation stg_payments already exists, replacing it
[0m12:19:29.875189 [debug] [Thread-2 (]: Relation stg_listings already exists, replacing it
[0m12:19:29.876671 [debug] [Thread-4 (]: Relation stg_user_activity already exists, replacing it
[0m12:19:29.883572 [debug] [Thread-1 (]: Model mvs to replace ['stg_categories_mv']
[0m12:19:29.883849 [debug] [Thread-3 (]: Model mvs to replace ['stg_payments_mv']
[0m12:19:29.884138 [debug] [Thread-2 (]: Model mvs to replace ['stg_listings_mv']
[0m12:19:29.884418 [debug] [Thread-4 (]: Model mvs to replace ['stg_user_activity_mv']
[0m12:19:29.885568 [debug] [Thread-1 (]: dbt_clickhouse adapter: On model.dwh.stg_categories: /* {"app": "dbt", "dbt_version": "1.11.15", "profile_name": "dwh", "target_name": "dev", "node_id": "model.dwh.stg_categories"} */

    
    select name
    from system.tables
    where engine = 'MaterializedView'
      and extract(create_table_query, 'TO\\s+([^\\s(]+)') = 'dwh.stg_categories'
  
  ...
[0m12:19:29.885825 [debug] [Thread-3 (]: Opening a new connection, currently in state init
[0m12:19:29.886110 [debug] [Thread-2 (]: Opening a new connection, currently in state init
[0m12:19:29.886402 [debug] [Thread-4 (]: Opening a new connection, currently in state init
[0m12:19:29.889615 [debug] [Thread-1 (]: dbt_clickhouse adapter: SQL status: OK in 0.00 seconds
[0m12:19:29.890451 [debug] [Thread-1 (]: Current mvs found in ClickHouse are: 
[0m12:19:29.900223 [debug] [Thread-1 (]: Writing runtime sql for node "model.dwh.stg_categories"
[0m12:19:29.900834 [debug] [Thread-3 (]: dbt_clickhouse adapter: On model.dwh.stg_payments: /* {"app": "dbt", "dbt_version": "1.11.15", "profile_name": "dwh", "target_name": "dev", "node_id": "model.dwh.stg_payments"} */

    
    select name
    from system.tables
    where engine = 'MaterializedView'
      and extract(create_table_query, 'TO\\s+([^\\s(]+)') = 'dwh.stg_payments'
  
  ...
[0m12:19:29.901425 [debug] [Thread-2 (]: dbt_clickhouse adapter: On model.dwh.stg_listings: /* {"app": "dbt", "dbt_version": "1.11.15", "profile_name": "dwh", "target_name": "dev", "node_id": "model.dwh.stg_listings"} */

    
    select name
    from system.tables
    where engine = 'MaterializedView'
      and extract(create_table_query, 'TO\\s+([^\\s(]+)') = 'dwh.stg_listings'
  
  ...
[0m12:19:29.902271 [debug] [Thread-4 (]: dbt_clickhouse adapter: On model.dwh.stg_user_activity: /* {"app": "dbt", "dbt_version": "1.11.15", "profile_name": "dwh", "target_name": "dev", "node_id": "model.dwh.stg_user_activity"} */

    
    select name
    from system.tables
    where engine = 'MaterializedView'
      and extract(create_table_query, 'TO\\s+([^\\s(]+)') = 'dwh.stg_user_activity'
  
  ...
[0m12:19:29.902978 [debug] [Thread-1 (]: dbt_clickhouse adapter: On model.dwh.stg_categories: /* {"app": "dbt", "dbt_version": "1.11.15", "profile_name": "dwh", "target_name": "dev", "node_id": "model.dwh.stg_categories"} */


  create or replace view `dwh`.`stg_categories` 
  
    
  
  
    
    
  as (
    

SELECT
    category_id,
    name,
    parent_id
FROM s3(
    'http://minio:9000/raw/mysql/categories/*.parquet',
    'Parquet',
    'category_id Int32, name String, parent_id Nullable(Int32)'
)
    
  )
      
      
                    -- end_of_sql
                    
                    ...
[0m12:19:29.903802 [debug] [Thread-2 (]: dbt_clickhouse adapter: SQL status: OK in 0.00 seconds
[0m12:19:29.904182 [debug] [Thread-4 (]: dbt_clickhouse adapter: SQL status: OK in 0.00 seconds
[0m12:19:29.904450 [debug] [Thread-3 (]: dbt_clickhouse adapter: SQL status: OK in 0.00 seconds
[0m12:19:29.905132 [debug] [Thread-2 (]: Current mvs found in ClickHouse are: 
[0m12:19:29.905770 [debug] [Thread-4 (]: Current mvs found in ClickHouse are: 
[0m12:19:29.906465 [debug] [Thread-3 (]: Current mvs found in ClickHouse are: 
[0m12:19:29.907119 [debug] [Thread-2 (]: Writing runtime sql for node "model.dwh.stg_listings"
[0m12:19:29.907728 [debug] [Thread-4 (]: Writing runtime sql for node "model.dwh.stg_user_activity"
[0m12:19:29.908335 [debug] [Thread-3 (]: Writing runtime sql for node "model.dwh.stg_payments"
[0m12:19:29.909672 [debug] [Thread-4 (]: dbt_clickhouse adapter: On model.dwh.stg_user_activity: /* {"app": "dbt", "dbt_version": "1.11.15", "profile_name": "dwh", "target_name": "dev", "node_id": "model.dwh.stg_user_activity"} */


  create or replace view `dwh`.`stg_user_activity` 
  
    
  
  
    
    
  as (
    

SELECT
    event_id,
    user_id,
    event_type,
    platform,
    listing_id,
    session_id,
    ts
FROM s3(
    'http://minio:9000/raw/kafka/user_activity/*.parquet',
    'Parquet',
    'event_id String, user_id Int64, event_type String, platform String, listing_id Nullable(Int64), session_id String, ts DateTime64(3)'
)
    
  )
      
      
                    -- end_of_sql
                    
                    ...
[0m12:19:29.910143 [debug] [Thread-2 (]: dbt_clickhouse adapter: On model.dwh.stg_listings: /* {"app": "dbt", "dbt_version": "1.11.15", "profile_name": "dwh", "target_name": "dev", "node_id": "model.dwh.stg_listings"} */


  create or replace view `dwh`.`stg_listings` 
  
    
  
  
    
    
  as (
    

SELECT
    listing_id,
    user_id,
    category_id,
    title,
    description,
    price,
    status,
    platform,
    created_at,
    activated_at,
    sold_at,
    deactivated_at,
    updated_at
FROM s3(
    'http://minio:9000/raw/postgres/listings/*.parquet',
    'Parquet',
    'listing_id Int64, user_id Int64, category_id Int32, title String, description Nullable(String), price Float64, status String, platform String, created_at DateTime64(3), activated_at Nullable(DateTime64(3)), sold_at Nullable(DateTime64(3)), deactivated_at Nullable(DateTime64(3)), updated_at DateTime64(3)'
)
    
  )
      
      
                    -- end_of_sql
                    
                    ...
[0m12:19:29.910466 [debug] [Thread-3 (]: dbt_clickhouse adapter: On model.dwh.stg_payments: /* {"app": "dbt", "dbt_version": "1.11.15", "profile_name": "dwh", "target_name": "dev", "node_id": "model.dwh.stg_payments"} */


  create or replace view `dwh`.`stg_payments` 
  
    
  
  
    
    
  as (
    

SELECT
    payment_id,
    user_id,
    listing_id,
    vas_type_id,
    amount,
    payment_type,
    status,
    payment_date
FROM s3(
    'http://minio:9000/raw/postgres/payments/*.parquet',
    'Parquet',
    'payment_id Int64, user_id Int64, listing_id Nullable(Int64), vas_type_id Nullable(Int32), amount Float64, payment_type String, status String, payment_date DateTime64(3)'
)
    
  )
      
      
                    -- end_of_sql
                    
                    ...
[0m12:19:29.933828 [debug] [Thread-1 (]: dbt_clickhouse adapter: SQL status: OK in 0.03 seconds
[0m12:19:29.934398 [debug] [Thread-2 (]: dbt_clickhouse adapter: SQL status: OK in 0.02 seconds
[0m12:19:29.934870 [debug] [Thread-3 (]: dbt_clickhouse adapter: SQL status: OK in 0.02 seconds
[0m12:19:29.945680 [debug] [Thread-4 (]: dbt_clickhouse adapter: SQL status: OK in 0.04 seconds
[0m12:19:29.953907 [debug] [Thread-1 (]: Sending event: {'category': 'dbt', 'action': 'run_model', 'label': '89b470f9-eff0-4689-8d77-acbb50a101e4', 'context': [<snowplow_tracker.self_describing_json.SelfDescribingJson object at 0xffffb27e56d0>]}
[0m12:19:29.954447 [debug] [Thread-2 (]: Sending event: {'category': 'dbt', 'action': 'run_model', 'label': '89b470f9-eff0-4689-8d77-acbb50a101e4', 'context': [<snowplow_tracker.self_describing_json.SelfDescribingJson object at 0xffffb2f55910>]}
[0m12:19:29.955354 [debug] [Thread-3 (]: Sending event: {'category': 'dbt', 'action': 'run_model', 'label': '89b470f9-eff0-4689-8d77-acbb50a101e4', 'context': [<snowplow_tracker.self_describing_json.SelfDescribingJson object at 0xffffb2f55bd0>]}
[0m12:19:29.956879 [debug] [Thread-4 (]: Sending event: {'category': 'dbt', 'action': 'run_model', 'label': '89b470f9-eff0-4689-8d77-acbb50a101e4', 'context': [<snowplow_tracker.self_describing_json.SelfDescribingJson object at 0xffffb27082d0>]}
[0m12:19:29.957620 [info ] [Thread-1 (]: 1 of 16 OK created sql view model `dwh`.`stg_categories` ....................... [[32mOK[0m in 0.11s]
[0m12:19:29.958299 [info ] [Thread-2 (]: 2 of 16 OK created sql view model `dwh`.`stg_listings` ......................... [[32mOK[0m in 0.11s]
[0m12:19:29.958980 [info ] [Thread-3 (]: 3 of 16 OK created sql view model `dwh`.`stg_payments` ......................... [[32mOK[0m in 0.11s]
[0m12:19:29.959395 [info ] [Thread-4 (]: 4 of 16 OK created sql view model `dwh`.`stg_user_activity` .................... [[32mOK[0m in 0.11s]
[0m12:19:29.959838 [debug] [Thread-1 (]: Finished running node model.dwh.stg_categories
[0m12:19:29.960117 [debug] [Thread-2 (]: Finished running node model.dwh.stg_listings
[0m12:19:29.960443 [debug] [Thread-3 (]: Finished running node model.dwh.stg_payments
[0m12:19:29.960734 [debug] [Thread-4 (]: Finished running node model.dwh.stg_user_activity
[0m12:19:29.960967 [debug] [Thread-1 (]: Began running node model.dwh.stg_users
[0m12:19:29.961280 [debug] [Thread-2 (]: Began running node model.dwh.stg_vas_types
[0m12:19:29.961591 [debug] [Thread-3 (]: Began running node model.dwh.dim_categories
[0m12:19:29.961827 [debug] [Thread-4 (]: Began running node model.dwh.int_listings_enriched
[0m12:19:29.962096 [info ] [Thread-1 (]: 5 of 16 START sql view model `dwh`.`stg_users` ................................. [RUN]
[0m12:19:29.962480 [info ] [Thread-2 (]: 6 of 16 START sql view model `dwh`.`stg_vas_types` ............................. [RUN]
[0m12:19:29.962769 [info ] [Thread-3 (]: 7 of 16 START sql table model `dwh`.`dim_categories` ........................... [RUN]
[0m12:19:29.963192 [info ] [Thread-4 (]: 8 of 16 START sql view model `dwh`.`int_listings_enriched` ..................... [RUN]
[0m12:19:29.963564 [debug] [Thread-1 (]: Re-using an available connection from the pool (formerly model.dwh.stg_categories, now model.dwh.stg_users)
[0m12:19:29.963784 [debug] [Thread-2 (]: Re-using an available connection from the pool (formerly model.dwh.stg_listings, now model.dwh.stg_vas_types)
[0m12:19:29.964022 [debug] [Thread-3 (]: Re-using an available connection from the pool (formerly model.dwh.stg_payments, now model.dwh.dim_categories)
[0m12:19:29.964250 [debug] [Thread-4 (]: Re-using an available connection from the pool (formerly model.dwh.stg_user_activity, now model.dwh.int_listings_enriched)
[0m12:19:29.964470 [debug] [Thread-1 (]: Began compiling node model.dwh.stg_users
[0m12:19:29.964641 [debug] [Thread-2 (]: Began compiling node model.dwh.stg_vas_types
[0m12:19:29.964819 [debug] [Thread-3 (]: Began compiling node model.dwh.dim_categories
[0m12:19:29.965013 [debug] [Thread-4 (]: Began compiling node model.dwh.int_listings_enriched
[0m12:19:29.967269 [debug] [Thread-1 (]: Writing injected SQL for node "model.dwh.stg_users"
[0m12:19:29.968736 [debug] [Thread-2 (]: Writing injected SQL for node "model.dwh.stg_vas_types"
[0m12:19:29.970390 [debug] [Thread-3 (]: Writing injected SQL for node "model.dwh.dim_categories"
[0m12:19:29.972067 [debug] [Thread-4 (]: Writing injected SQL for node "model.dwh.int_listings_enriched"
[0m12:19:29.973644 [debug] [Thread-1 (]: Began executing node model.dwh.stg_users
[0m12:19:29.973832 [debug] [Thread-2 (]: Began executing node model.dwh.stg_vas_types
[0m12:19:29.974830 [debug] [Thread-1 (]: Relation stg_users already exists, replacing it
[0m12:19:29.976092 [debug] [Thread-2 (]: Relation stg_vas_types already exists, replacing it
[0m12:19:29.976311 [debug] [Thread-3 (]: Began executing node model.dwh.dim_categories
[0m12:19:29.976500 [debug] [Thread-1 (]: Model mvs to replace ['stg_users_mv']
[0m12:19:29.976658 [debug] [Thread-4 (]: Began executing node model.dwh.int_listings_enriched
[0m12:19:29.976872 [debug] [Thread-2 (]: Model mvs to replace ['stg_vas_types_mv']
[0m12:19:29.990820 [debug] [Thread-1 (]: dbt_clickhouse adapter: On model.dwh.stg_users: /* {"app": "dbt", "dbt_version": "1.11.15", "profile_name": "dwh", "target_name": "dev", "node_id": "model.dwh.stg_users"} */

    
    select name
    from system.tables
    where engine = 'MaterializedView'
      and extract(create_table_query, 'TO\\s+([^\\s(]+)') = 'dwh.stg_users'
  
  ...
[0m12:19:29.997424 [debug] [Thread-4 (]: Relation int_listings_enriched already exists, replacing it
[0m12:19:30.010215 [debug] [Thread-3 (]: dbt_clickhouse adapter: On model.dwh.dim_categories: /* {"app": "dbt", "dbt_version": "1.11.15", "profile_name": "dwh", "target_name": "dev", "node_id": "model.dwh.dim_categories"} */

        

    
        create table `dwh`.`dim_categories__dbt_backup`
        
  
        
  engine = MergeTree()
        
      order by (tuple())
        
        
        
        
                    -- end_of_sql
                    SETTINGS replicated_deduplication_window='0'

                    
          empty
          as (
            

SELECT
    category_id,
    name AS category_name,
    parent_id
FROM `dwh`.`stg_categories`
          )
        
    ...
[0m12:19:30.010554 [debug] [Thread-2 (]: dbt_clickhouse adapter: On model.dwh.stg_vas_types: /* {"app": "dbt", "dbt_version": "1.11.15", "profile_name": "dwh", "target_name": "dev", "node_id": "model.dwh.stg_vas_types"} */

    
    select name
    from system.tables
    where engine = 'MaterializedView'
      and extract(create_table_query, 'TO\\s+([^\\s(]+)') = 'dwh.stg_vas_types'
  
  ...
[0m12:19:30.011004 [debug] [Thread-4 (]: Model mvs to replace ['int_listings_enriched_mv']
[0m12:19:30.012063 [debug] [Thread-4 (]: dbt_clickhouse adapter: On model.dwh.int_listings_enriched: /* {"app": "dbt", "dbt_version": "1.11.15", "profile_name": "dwh", "target_name": "dev", "node_id": "model.dwh.int_listings_enriched"} */

    
    select name
    from system.tables
    where engine = 'MaterializedView'
      and extract(create_table_query, 'TO\\s+([^\\s(]+)') = 'dwh.int_listings_enriched'
  
  ...
[0m12:19:30.013839 [debug] [Thread-2 (]: dbt_clickhouse adapter: SQL status: OK in 0.00 seconds
[0m12:19:30.014149 [debug] [Thread-1 (]: dbt_clickhouse adapter: SQL status: OK in 0.00 seconds
[0m12:19:30.014469 [debug] [Thread-4 (]: dbt_clickhouse adapter: SQL status: OK in 0.00 seconds
[0m12:19:30.015117 [debug] [Thread-2 (]: Current mvs found in ClickHouse are: 
[0m12:19:30.015849 [debug] [Thread-1 (]: Current mvs found in ClickHouse are: 
[0m12:19:30.016478 [debug] [Thread-4 (]: Current mvs found in ClickHouse are: 
[0m12:19:30.017255 [debug] [Thread-2 (]: Writing runtime sql for node "model.dwh.stg_vas_types"
[0m12:19:30.017908 [debug] [Thread-1 (]: Writing runtime sql for node "model.dwh.stg_users"
[0m12:19:30.018115 [debug] [Thread-3 (]: dbt_clickhouse adapter: SQL status: OK in 0.01 seconds
[0m12:19:30.018567 [debug] [Thread-4 (]: Writing runtime sql for node "model.dwh.int_listings_enriched"
[0m12:19:30.027717 [debug] [Thread-3 (]: dbt_clickhouse adapter: On model.dwh.dim_categories: /* {"app": "dbt", "dbt_version": "1.11.15", "profile_name": "dwh", "target_name": "dev", "node_id": "model.dwh.dim_categories"} */

    select name, type from system.columns where table = 'dim_categories__dbt_backup'
    
      
        and database = 'dwh'
      
    
    order by position
  ...
[0m12:19:30.028507 [debug] [Thread-2 (]: dbt_clickhouse adapter: On model.dwh.stg_vas_types: /* {"app": "dbt", "dbt_version": "1.11.15", "profile_name": "dwh", "target_name": "dev", "node_id": "model.dwh.stg_vas_types"} */


  create or replace view `dwh`.`stg_vas_types` 
  
    
  
  
    
    
  as (
    

SELECT
    vas_type_id,
    name,
    description
FROM s3(
    'http://minio:9000/raw/mysql/vas_types/*.parquet',
    'Parquet',
    'vas_type_id Int32, name String, description Nullable(String)'
)
    
  )
      
      
                    -- end_of_sql
                    
                    ...
[0m12:19:30.028834 [debug] [Thread-1 (]: dbt_clickhouse adapter: On model.dwh.stg_users: /* {"app": "dbt", "dbt_version": "1.11.15", "profile_name": "dwh", "target_name": "dev", "node_id": "model.dwh.stg_users"} */


  create or replace view `dwh`.`stg_users` 
  
    
  
  
    
    
  as (
    

SELECT
    user_id,
    email,
    phone,
    status,
    registered_at,
    created_at,
    updated_at
FROM s3(
    'http://minio:9000/raw/postgres/users/*.parquet',
    'Parquet',
    'user_id Int64, email String, phone Nullable(String), status String, registered_at DateTime64(3), created_at DateTime64(3), updated_at DateTime64(3)'
)
    
  )
      
      
                    -- end_of_sql
                    
                    ...
[0m12:19:30.029806 [debug] [Thread-4 (]: dbt_clickhouse adapter: On model.dwh.int_listings_enriched: /* {"app": "dbt", "dbt_version": "1.11.15", "profile_name": "dwh", "target_name": "dev", "node_id": "model.dwh.int_listings_enriched"} */


  create or replace view `dwh`.`int_listings_enriched` 
  
    
  
  
    
    
  as (
    

SELECT
    l.listing_id,
    l.user_id,
    l.category_id,
    c.name AS category_name,
    l.title,
    l.price,
    l.status,
    l.platform,
    l.created_at,
    l.sold_at
FROM `dwh`.`stg_listings` l
LEFT JOIN `dwh`.`stg_categories` c ON l.category_id = c.category_id
    
  )
      
      
                    -- end_of_sql
                    
                    ...
[0m12:19:30.030998 [debug] [Thread-3 (]: dbt_clickhouse adapter: SQL status: OK in 0.00 seconds
[0m12:19:30.033739 [debug] [Thread-3 (]: Writing runtime sql for node "model.dwh.dim_categories"
[0m12:19:30.034139 [debug] [Thread-4 (]: dbt_clickhouse adapter: SQL status: OK in 0.00 seconds
[0m12:19:30.035536 [debug] [Thread-4 (]: Sending event: {'category': 'dbt', 'action': 'run_model', 'label': '89b470f9-eff0-4689-8d77-acbb50a101e4', 'context': [<snowplow_tracker.self_describing_json.SelfDescribingJson object at 0xffffb26f0670>]}
[0m12:19:30.036031 [info ] [Thread-4 (]: 8 of 16 OK created sql view model `dwh`.`int_listings_enriched` ................ [[32mOK[0m in 0.07s]
[0m12:19:30.036545 [debug] [Thread-4 (]: Finished running node model.dwh.int_listings_enriched
[0m12:19:30.037015 [debug] [Thread-2 (]: dbt_clickhouse adapter: SQL status: OK in 0.01 seconds
[0m12:19:30.037511 [debug] [Thread-4 (]: Began running node model.dwh.int_payments_success
[0m12:19:30.039024 [debug] [Thread-2 (]: Sending event: {'category': 'dbt', 'action': 'run_model', 'label': '89b470f9-eff0-4689-8d77-acbb50a101e4', 'context': [<snowplow_tracker.self_describing_json.SelfDescribingJson object at 0xffffb4a86990>]}
[0m12:19:30.039268 [debug] [Thread-1 (]: dbt_clickhouse adapter: SQL status: OK in 0.01 seconds
[0m12:19:30.039660 [info ] [Thread-4 (]: 9 of 16 START sql view model `dwh`.`int_payments_success` ...................... [RUN]
[0m12:19:30.039931 [debug] [Thread-3 (]: dbt_clickhouse adapter: On model.dwh.dim_categories: /* {"app": "dbt", "dbt_version": "1.11.15", "profile_name": "dwh", "target_name": "dev", "node_id": "model.dwh.dim_categories"} */

  
    
    
    
        


        
  

  insert into `dwh`.`dim_categories__dbt_backup`
        ("category_id", "category_name", "parent_id")

SELECT
    category_id,
    name AS category_name,
    parent_id
FROM `dwh`.`stg_categories`
  ...
[0m12:19:30.040676 [info ] [Thread-2 (]: 6 of 16 OK created sql view model `dwh`.`stg_vas_types` ........................ [[32mOK[0m in 0.08s]
[0m12:19:30.042560 [debug] [Thread-1 (]: Sending event: {'category': 'dbt', 'action': 'run_model', 'label': '89b470f9-eff0-4689-8d77-acbb50a101e4', 'context': [<snowplow_tracker.self_describing_json.SelfDescribingJson object at 0xffffb26ffe30>]}
[0m12:19:30.042861 [debug] [Thread-4 (]: Re-using an available connection from the pool (formerly model.dwh.int_listings_enriched, now model.dwh.int_payments_success)
[0m12:19:30.043464 [debug] [Thread-2 (]: Finished running node model.dwh.stg_vas_types
[0m12:19:30.043934 [info ] [Thread-1 (]: 5 of 16 OK created sql view model `dwh`.`stg_users` ............................ [[32mOK[0m in 0.08s]
[0m12:19:30.044386 [debug] [Thread-4 (]: Began compiling node model.dwh.int_payments_success
[0m12:19:30.044726 [debug] [Thread-2 (]: Began running node model.dwh.mart_dau
[0m12:19:30.045216 [debug] [Thread-1 (]: Finished running node model.dwh.stg_users
[0m12:19:30.047215 [debug] [Thread-4 (]: Writing injected SQL for node "model.dwh.int_payments_success"
[0m12:19:30.047689 [info ] [Thread-2 (]: 10 of 16 START sql table model `dwh`.`mart_dau` ................................ [RUN]
[0m12:19:30.048011 [debug] [Thread-1 (]: Began running node model.dwh.mart_listings_by_category
[0m12:19:30.048590 [debug] [Thread-2 (]: Re-using an available connection from the pool (formerly model.dwh.stg_vas_types, now model.dwh.mart_dau)
[0m12:19:30.048930 [info ] [Thread-1 (]: 11 of 16 START sql table model `dwh`.`mart_listings_by_category` ............... [RUN]
[0m12:19:30.049325 [debug] [Thread-2 (]: Began compiling node model.dwh.mart_dau
[0m12:19:30.049660 [debug] [Thread-1 (]: Re-using an available connection from the pool (formerly model.dwh.stg_users, now model.dwh.mart_listings_by_category)
[0m12:19:30.049841 [debug] [Thread-4 (]: Began executing node model.dwh.int_payments_success
[0m12:19:30.052909 [debug] [Thread-2 (]: Writing injected SQL for node "model.dwh.mart_dau"
[0m12:19:30.053381 [debug] [Thread-1 (]: Began compiling node model.dwh.mart_listings_by_category
[0m12:19:30.054849 [debug] [Thread-4 (]: Relation int_payments_success already exists, replacing it
[0m12:19:30.057009 [debug] [Thread-1 (]: Writing injected SQL for node "model.dwh.mart_listings_by_category"
[0m12:19:30.057402 [debug] [Thread-4 (]: Model mvs to replace ['int_payments_success_mv']
[0m12:19:30.058109 [debug] [Thread-2 (]: Began executing node model.dwh.mart_dau
[0m12:19:30.058532 [debug] [Thread-4 (]: dbt_clickhouse adapter: On model.dwh.int_payments_success: /* {"app": "dbt", "dbt_version": "1.11.15", "profile_name": "dwh", "target_name": "dev", "node_id": "model.dwh.int_payments_success"} */

    
    select name
    from system.tables
    where engine = 'MaterializedView'
      and extract(create_table_query, 'TO\\s+([^\\s(]+)') = 'dwh.int_payments_success'
  
  ...
[0m12:19:30.061345 [debug] [Thread-2 (]: dbt_clickhouse adapter: On model.dwh.mart_dau: /* {"app": "dbt", "dbt_version": "1.11.15", "profile_name": "dwh", "target_name": "dev", "node_id": "model.dwh.mart_dau"} */

        

    
        create table `dwh`.`mart_dau__dbt_backup`
        
  
        
  engine = MergeTree()
        
      order by (tuple())
        
        
        
        
                    -- end_of_sql
                    SETTINGS replicated_deduplication_window='0'

                    
          empty
          as (
            

SELECT
    toDate(ts) AS day,
    platform,
    uniqExact(user_id) AS dau
FROM `dwh`.`stg_user_activity`
GROUP BY day, platform
ORDER BY day, platform
          )
        
    ...
[0m12:19:30.061931 [debug] [Thread-3 (]: dbt_clickhouse adapter: SQL status: OK in 0.02 seconds
[0m12:19:30.062402 [debug] [Thread-1 (]: Began executing node model.dwh.mart_listings_by_category
[0m12:19:30.065329 [debug] [Thread-3 (]: dbt_clickhouse adapter: On model.dwh.dim_categories: /* {"app": "dbt", "dbt_version": "1.11.15", "profile_name": "dwh", "target_name": "dev", "node_id": "model.dwh.dim_categories"} */
EXCHANGE TABLES `dwh`.`dim_categories__dbt_backup` AND `dwh`.`dim_categories` 
  
  ...
[0m12:19:30.068799 [debug] [Thread-1 (]: dbt_clickhouse adapter: On model.dwh.mart_listings_by_category: /* {"app": "dbt", "dbt_version": "1.11.15", "profile_name": "dwh", "target_name": "dev", "node_id": "model.dwh.mart_listings_by_category"} */

        

    
        create table `dwh`.`mart_listings_by_category__dbt_backup`
        
  
        
  engine = MergeTree()
        
      order by (tuple())
        
        
        
        
                    -- end_of_sql
                    SETTINGS replicated_deduplication_window='0'

                    
          empty
          as (
            

SELECT
    category_id,
    category_name,
    count(*) AS listing_count,
    round(avg(price), 2) AS avg_price
FROM `dwh`.`int_listings_enriched`
GROUP BY category_id, category_name
ORDER BY listing_count DESC
          )
        
    ...
[0m12:19:30.071380 [debug] [Thread-3 (]: dbt_clickhouse adapter: SQL status: OK in 0.00 seconds
[0m12:19:30.075500 [debug] [Thread-3 (]: dbt_clickhouse adapter: On model.dwh.dim_categories: /* {"app": "dbt", "dbt_version": "1.11.15", "profile_name": "dwh", "target_name": "dev", "node_id": "model.dwh.dim_categories"} */
drop table if exists `dwh`.`dim_categories__dbt_backup` 
  ...
[0m12:19:30.075844 [debug] [Thread-2 (]: dbt_clickhouse adapter: SQL status: OK in 0.01 seconds
[0m12:19:30.076257 [debug] [Thread-4 (]: dbt_clickhouse adapter: SQL status: OK in 0.01 seconds
[0m12:19:30.078119 [debug] [Thread-2 (]: dbt_clickhouse adapter: On model.dwh.mart_dau: /* {"app": "dbt", "dbt_version": "1.11.15", "profile_name": "dwh", "target_name": "dev", "node_id": "model.dwh.mart_dau"} */

    select name, type from system.columns where table = 'mart_dau__dbt_backup'
    
      
        and database = 'dwh'
      
    
    order by position
  ...
[0m12:19:30.078418 [debug] [Thread-1 (]: dbt_clickhouse adapter: SQL status: OK in 0.01 seconds
[0m12:19:30.079106 [debug] [Thread-4 (]: Current mvs found in ClickHouse are: 
[0m12:19:30.079354 [debug] [Thread-3 (]: dbt_clickhouse adapter: SQL status: OK in 0.00 seconds
[0m12:19:30.080954 [debug] [Thread-1 (]: dbt_clickhouse adapter: On model.dwh.mart_listings_by_category: /* {"app": "dbt", "dbt_version": "1.11.15", "profile_name": "dwh", "target_name": "dev", "node_id": "model.dwh.mart_listings_by_category"} */

    select name, type from system.columns where table = 'mart_listings_by_category__dbt_backup'
    
      
        and database = 'dwh'
      
    
    order by position
  ...
[0m12:19:30.081913 [debug] [Thread-4 (]: Writing runtime sql for node "model.dwh.int_payments_success"
[0m12:19:30.083036 [debug] [Thread-3 (]: Sending event: {'category': 'dbt', 'action': 'run_model', 'label': '89b470f9-eff0-4689-8d77-acbb50a101e4', 'context': [<snowplow_tracker.self_describing_json.SelfDescribingJson object at 0xffffb05b8470>]}
[0m12:19:30.083538 [debug] [Thread-2 (]: dbt_clickhouse adapter: SQL status: OK in 0.00 seconds
[0m12:19:30.084209 [info ] [Thread-3 (]: 7 of 16 OK created sql table model `dwh`.`dim_categories` ...................... [[32mOK[0m in 0.12s]
[0m12:19:30.085395 [debug] [Thread-2 (]: Writing runtime sql for node "model.dwh.mart_dau"
[0m12:19:30.085857 [debug] [Thread-3 (]: Finished running node model.dwh.dim_categories
[0m12:19:30.086318 [debug] [Thread-1 (]: dbt_clickhouse adapter: SQL status: OK in 0.00 seconds
[0m12:19:30.086602 [debug] [Thread-4 (]: dbt_clickhouse adapter: On model.dwh.int_payments_success: /* {"app": "dbt", "dbt_version": "1.11.15", "profile_name": "dwh", "target_name": "dev", "node_id": "model.dwh.int_payments_success"} */


  create or replace view `dwh`.`int_payments_success` 
  
    
  
  
    
    
  as (
    

SELECT *
FROM `dwh`.`stg_payments`
WHERE status = 'success'
    
  )
      
      
                    -- end_of_sql
                    
                    ...
[0m12:19:30.086954 [debug] [Thread-3 (]: Began running node model.dwh.dim_vas_types
[0m12:19:30.087795 [debug] [Thread-1 (]: Writing runtime sql for node "model.dwh.mart_listings_by_category"
[0m12:19:30.088321 [info ] [Thread-3 (]: 12 of 16 START sql table model `dwh`.`dim_vas_types` ........................... [RUN]
[0m12:19:30.088645 [debug] [Thread-2 (]: dbt_clickhouse adapter: On model.dwh.mart_dau: /* {"app": "dbt", "dbt_version": "1.11.15", "profile_name": "dwh", "target_name": "dev", "node_id": "model.dwh.mart_dau"} */

  
    
    
    
        


        
  

  insert into `dwh`.`mart_dau__dbt_backup`
        ("day", "platform", "dau")

SELECT
    toDate(ts) AS day,
    platform,
    uniqExact(user_id) AS dau
FROM `dwh`.`stg_user_activity`
GROUP BY day, platform
ORDER BY day, platform
  ...
[0m12:19:30.089122 [debug] [Thread-3 (]: Re-using an available connection from the pool (formerly model.dwh.dim_categories, now model.dwh.dim_vas_types)
[0m12:19:30.089543 [debug] [Thread-3 (]: Began compiling node model.dwh.dim_vas_types
[0m12:19:30.092008 [debug] [Thread-3 (]: Writing injected SQL for node "model.dwh.dim_vas_types"
[0m12:19:30.092279 [debug] [Thread-4 (]: dbt_clickhouse adapter: SQL status: OK in 0.00 seconds
[0m12:19:30.092585 [debug] [Thread-1 (]: dbt_clickhouse adapter: On model.dwh.mart_listings_by_category: /* {"app": "dbt", "dbt_version": "1.11.15", "profile_name": "dwh", "target_name": "dev", "node_id": "model.dwh.mart_listings_by_category"} */

  
    
    
    
        


        
  

  insert into `dwh`.`mart_listings_by_category__dbt_backup`
        ("category_id", "category_name", "listing_count", "avg_price")

SELECT
    category_id,
    category_name,
    count(*) AS listing_count,
    round(avg(price), 2) AS avg_price
FROM `dwh`.`int_listings_enriched`
GROUP BY category_id, category_name
ORDER BY listing_count DESC
  ...
[0m12:19:30.093795 [debug] [Thread-4 (]: Sending event: {'category': 'dbt', 'action': 'run_model', 'label': '89b470f9-eff0-4689-8d77-acbb50a101e4', 'context': [<snowplow_tracker.self_describing_json.SelfDescribingJson object at 0xffffb05ba9f0>]}
[0m12:19:30.094481 [info ] [Thread-4 (]: 9 of 16 OK created sql view model `dwh`.`int_payments_success` ................. [[32mOK[0m in 0.05s]
[0m12:19:30.095139 [debug] [Thread-4 (]: Finished running node model.dwh.int_payments_success
[0m12:19:30.095402 [debug] [Thread-3 (]: Began executing node model.dwh.dim_vas_types
[0m12:19:30.098801 [debug] [Thread-3 (]: dbt_clickhouse adapter: On model.dwh.dim_vas_types: /* {"app": "dbt", "dbt_version": "1.11.15", "profile_name": "dwh", "target_name": "dev", "node_id": "model.dwh.dim_vas_types"} */

        

    
        create table `dwh`.`dim_vas_types__dbt_backup`
        
  
        
  engine = MergeTree()
        
      order by (tuple())
        
        
        
        
                    -- end_of_sql
                    SETTINGS replicated_deduplication_window='0'

                    
          empty
          as (
            

SELECT
    vas_type_id,
    name AS vas_type_name,
    description
FROM `dwh`.`stg_vas_types`
          )
        
    ...
[0m12:19:30.099121 [debug] [Thread-4 (]: Began running node model.dwh.mart_arpu_monthly
[0m12:19:30.099639 [info ] [Thread-4 (]: 13 of 16 START sql table model `dwh`.`mart_arpu_monthly` ....................... [RUN]
[0m12:19:30.100134 [debug] [Thread-4 (]: Re-using an available connection from the pool (formerly model.dwh.int_payments_success, now model.dwh.mart_arpu_monthly)
[0m12:19:30.100589 [debug] [Thread-4 (]: Began compiling node model.dwh.mart_arpu_monthly
[0m12:19:30.108242 [debug] [Thread-4 (]: Writing injected SQL for node "model.dwh.mart_arpu_monthly"
[0m12:19:30.108618 [debug] [Thread-3 (]: dbt_clickhouse adapter: SQL status: OK in 0.01 seconds
[0m12:19:30.110593 [debug] [Thread-3 (]: dbt_clickhouse adapter: On model.dwh.dim_vas_types: /* {"app": "dbt", "dbt_version": "1.11.15", "profile_name": "dwh", "target_name": "dev", "node_id": "model.dwh.dim_vas_types"} */

    select name, type from system.columns where table = 'dim_vas_types__dbt_backup'
    
      
        and database = 'dwh'
      
    
    order by position
  ...
[0m12:19:30.111430 [debug] [Thread-4 (]: Began executing node model.dwh.mart_arpu_monthly
[0m12:19:30.115450 [debug] [Thread-4 (]: dbt_clickhouse adapter: On model.dwh.mart_arpu_monthly: /* {"app": "dbt", "dbt_version": "1.11.15", "profile_name": "dwh", "target_name": "dev", "node_id": "model.dwh.mart_arpu_monthly"} */

        

    
        create table `dwh`.`mart_arpu_monthly__dbt_backup`
        
  
        
  engine = MergeTree()
        
      order by (tuple())
        
        
        
        
                    -- end_of_sql
                    SETTINGS replicated_deduplication_window='0'

                    
          empty
          as (
            

WITH revenue AS (
    SELECT
        toStartOfMonth(payment_date) AS month,
        sum(amount) AS revenue
    FROM `dwh`.`int_payments_success`
    GROUP BY month
),
mau AS (
    SELECT
        toStartOfMonth(ts) AS month,
        uniqExact(user_id) AS active_users
    FROM `dwh`.`stg_user_activity`
    GROUP BY month
)
SELECT
    r.month,
    r.revenue,
    m.active_users,
    round(r.revenue / m.active_users, 2) AS arpu
FROM revenue r
JOIN mau m ON m.month = r.month
ORDER BY r.month
          )
        
    ...
[0m12:19:30.116139 [debug] [Thread-3 (]: dbt_clickhouse adapter: SQL status: OK in 0.01 seconds
[0m12:19:30.117634 [debug] [Thread-3 (]: Writing runtime sql for node "model.dwh.dim_vas_types"
[0m12:19:30.119458 [debug] [Thread-3 (]: dbt_clickhouse adapter: On model.dwh.dim_vas_types: /* {"app": "dbt", "dbt_version": "1.11.15", "profile_name": "dwh", "target_name": "dev", "node_id": "model.dwh.dim_vas_types"} */

  
    
    
    
        


        
  

  insert into `dwh`.`dim_vas_types__dbt_backup`
        ("vas_type_id", "vas_type_name", "description")

SELECT
    vas_type_id,
    name AS vas_type_name,
    description
FROM `dwh`.`stg_vas_types`
  ...
[0m12:19:30.160293 [debug] [Thread-4 (]: dbt_clickhouse adapter: SQL status: OK in 0.04 seconds
[0m12:19:30.164558 [debug] [Thread-4 (]: dbt_clickhouse adapter: On model.dwh.mart_arpu_monthly: /* {"app": "dbt", "dbt_version": "1.11.15", "profile_name": "dwh", "target_name": "dev", "node_id": "model.dwh.mart_arpu_monthly"} */

    select name, type from system.columns where table = 'mart_arpu_monthly__dbt_backup'
    
      
        and database = 'dwh'
      
    
    order by position
  ...
[0m12:19:30.169052 [debug] [Thread-4 (]: dbt_clickhouse adapter: SQL status: OK in 0.00 seconds
[0m12:19:30.171156 [debug] [Thread-4 (]: Writing runtime sql for node "model.dwh.mart_arpu_monthly"
[0m12:19:30.173230 [debug] [Thread-3 (]: dbt_clickhouse adapter: SQL status: OK in 0.05 seconds
[0m12:19:30.175314 [debug] [Thread-3 (]: dbt_clickhouse adapter: On model.dwh.dim_vas_types: /* {"app": "dbt", "dbt_version": "1.11.15", "profile_name": "dwh", "target_name": "dev", "node_id": "model.dwh.dim_vas_types"} */
EXCHANGE TABLES `dwh`.`dim_vas_types__dbt_backup` AND `dwh`.`dim_vas_types` 
  
  ...
[0m12:19:30.175799 [debug] [Thread-4 (]: dbt_clickhouse adapter: On model.dwh.mart_arpu_monthly: /* {"app": "dbt", "dbt_version": "1.11.15", "profile_name": "dwh", "target_name": "dev", "node_id": "model.dwh.mart_arpu_monthly"} */

  
    
    
    
        


        
  

  insert into `dwh`.`mart_arpu_monthly__dbt_backup`
        ("month", "revenue", "active_users", "arpu")

WITH revenue AS (
    SELECT
        toStartOfMonth(payment_date) AS month,
        sum(amount) AS revenue
    FROM `dwh`.`int_payments_success`
    GROUP BY month
),
mau AS (
    SELECT
        toStartOfMonth(ts) AS month,
        uniqExact(user_id) AS active_users
    FROM `dwh`.`stg_user_activity`
    GROUP BY month
)
SELECT
    r.month,
    r.revenue,
    m.active_users,
    round(r.revenue / m.active_users, 2) AS arpu
FROM revenue r
JOIN mau m ON m.month = r.month
ORDER BY r.month
  ...
[0m12:19:30.183425 [debug] [Thread-3 (]: dbt_clickhouse adapter: SQL status: OK in 0.01 seconds
[0m12:19:30.188969 [debug] [Thread-3 (]: dbt_clickhouse adapter: On model.dwh.dim_vas_types: /* {"app": "dbt", "dbt_version": "1.11.15", "profile_name": "dwh", "target_name": "dev", "node_id": "model.dwh.dim_vas_types"} */
drop table if exists `dwh`.`dim_vas_types__dbt_backup` 
  ...
[0m12:19:30.192778 [debug] [Thread-3 (]: dbt_clickhouse adapter: SQL status: OK in 0.00 seconds
[0m12:19:30.194942 [debug] [Thread-3 (]: Sending event: {'category': 'dbt', 'action': 'run_model', 'label': '89b470f9-eff0-4689-8d77-acbb50a101e4', 'context': [<snowplow_tracker.self_describing_json.SelfDescribingJson object at 0xffffb05ba090>]}
[0m12:19:30.195834 [info ] [Thread-3 (]: 12 of 16 OK created sql table model `dwh`.`dim_vas_types` ...................... [[32mOK[0m in 0.11s]
[0m12:19:30.197888 [debug] [Thread-3 (]: Finished running node model.dwh.dim_vas_types
[0m12:19:30.199226 [debug] [Thread-1 (]: dbt_clickhouse adapter: SQL status: OK in 0.11 seconds
[0m12:19:30.200062 [debug] [Thread-3 (]: Began running node model.dwh.mart_revenue_daily
[0m12:19:30.201437 [debug] [Thread-1 (]: dbt_clickhouse adapter: On model.dwh.mart_listings_by_category: /* {"app": "dbt", "dbt_version": "1.11.15", "profile_name": "dwh", "target_name": "dev", "node_id": "model.dwh.mart_listings_by_category"} */
EXCHANGE TABLES `dwh`.`mart_listings_by_category__dbt_backup` AND `dwh`.`mart_listings_by_category` 
  
  ...
[0m12:19:30.202763 [info ] [Thread-3 (]: 14 of 16 START sql table model `dwh`.`mart_revenue_daily` ...................... [RUN]
[0m12:19:30.204527 [debug] [Thread-3 (]: Re-using an available connection from the pool (formerly model.dwh.dim_vas_types, now model.dwh.mart_revenue_daily)
[0m12:19:30.206553 [debug] [Thread-3 (]: Began compiling node model.dwh.mart_revenue_daily
[0m12:19:30.215894 [debug] [Thread-3 (]: Writing injected SQL for node "model.dwh.mart_revenue_daily"
[0m12:19:30.216365 [debug] [Thread-1 (]: dbt_clickhouse adapter: SQL status: OK in 0.01 seconds
[0m12:19:30.219279 [debug] [Thread-1 (]: dbt_clickhouse adapter: On model.dwh.mart_listings_by_category: /* {"app": "dbt", "dbt_version": "1.11.15", "profile_name": "dwh", "target_name": "dev", "node_id": "model.dwh.mart_listings_by_category"} */
drop table if exists `dwh`.`mart_listings_by_category__dbt_backup` 
  ...
[0m12:19:30.221333 [debug] [Thread-3 (]: Began executing node model.dwh.mart_revenue_daily
[0m12:19:30.221872 [debug] [Thread-1 (]: dbt_clickhouse adapter: SQL status: OK in 0.00 seconds
[0m12:19:30.224388 [debug] [Thread-3 (]: dbt_clickhouse adapter: On model.dwh.mart_revenue_daily: /* {"app": "dbt", "dbt_version": "1.11.15", "profile_name": "dwh", "target_name": "dev", "node_id": "model.dwh.mart_revenue_daily"} */

        

    
        create table `dwh`.`mart_revenue_daily__dbt_backup`
        
  
        
  engine = MergeTree()
        
      order by (tuple())
        
        
        
        
                    -- end_of_sql
                    SETTINGS replicated_deduplication_window='0'

                    
          empty
          as (
            

SELECT
    toDate(payment_date) AS day,
    sum(amount) AS revenue
FROM `dwh`.`int_payments_success`
GROUP BY day
ORDER BY day
          )
        
    ...
[0m12:19:30.226310 [debug] [Thread-1 (]: Sending event: {'category': 'dbt', 'action': 'run_model', 'label': '89b470f9-eff0-4689-8d77-acbb50a101e4', 'context': [<snowplow_tracker.self_describing_json.SelfDescribingJson object at 0xffffb05bacf0>]}
[0m12:19:30.228566 [info ] [Thread-1 (]: 11 of 16 OK created sql table model `dwh`.`mart_listings_by_category` .......... [[32mOK[0m in 0.18s]
[0m12:19:30.229166 [debug] [Thread-1 (]: Finished running node model.dwh.mart_listings_by_category
[0m12:19:30.229717 [debug] [Thread-1 (]: Began running node model.dwh.mart_revenue_monthly_yoy
[0m12:19:30.230438 [info ] [Thread-1 (]: 15 of 16 START sql table model `dwh`.`mart_revenue_monthly_yoy` ................ [RUN]
[0m12:19:30.230965 [debug] [Thread-1 (]: Re-using an available connection from the pool (formerly model.dwh.mart_listings_by_category, now model.dwh.mart_revenue_monthly_yoy)
[0m12:19:30.231622 [debug] [Thread-1 (]: Began compiling node model.dwh.mart_revenue_monthly_yoy
[0m12:19:30.234618 [debug] [Thread-1 (]: Writing injected SQL for node "model.dwh.mart_revenue_monthly_yoy"
[0m12:19:30.236260 [debug] [Thread-1 (]: Began executing node model.dwh.mart_revenue_monthly_yoy
[0m12:19:30.239930 [debug] [Thread-1 (]: dbt_clickhouse adapter: On model.dwh.mart_revenue_monthly_yoy: /* {"app": "dbt", "dbt_version": "1.11.15", "profile_name": "dwh", "target_name": "dev", "node_id": "model.dwh.mart_revenue_monthly_yoy"} */

        

    
        create table `dwh`.`mart_revenue_monthly_yoy__dbt_backup`
        
  
        
  engine = MergeTree()
        
      order by (tuple())
        
        
        
        
                    -- end_of_sql
                    SETTINGS replicated_deduplication_window='0'

                    
          empty
          as (
            

WITH monthly AS (
    SELECT
        toStartOfMonth(payment_date) AS month,
        sum(amount) AS revenue
    FROM `dwh`.`int_payments_success`
    GROUP BY month
)
SELECT
    m.month,
    m.revenue,
    p.revenue AS revenue_prev_year,
    round((m.revenue - p.revenue) / p.revenue, 4) AS yoy_growth
FROM monthly m
LEFT JOIN monthly p ON p.month = addMonths(m.month, -12)
ORDER BY m.month
          )
        
    ...
[0m12:19:30.240339 [debug] [Thread-3 (]: dbt_clickhouse adapter: SQL status: OK in 0.01 seconds
[0m12:19:30.242677 [debug] [Thread-3 (]: dbt_clickhouse adapter: On model.dwh.mart_revenue_daily: /* {"app": "dbt", "dbt_version": "1.11.15", "profile_name": "dwh", "target_name": "dev", "node_id": "model.dwh.mart_revenue_daily"} */

    select name, type from system.columns where table = 'mart_revenue_daily__dbt_backup'
    
      
        and database = 'dwh'
      
    
    order by position
  ...
[0m12:19:30.245344 [debug] [Thread-3 (]: dbt_clickhouse adapter: SQL status: OK in 0.00 seconds
[0m12:19:30.246682 [debug] [Thread-3 (]: Writing runtime sql for node "model.dwh.mart_revenue_daily"
[0m12:19:30.252484 [debug] [Thread-3 (]: dbt_clickhouse adapter: On model.dwh.mart_revenue_daily: /* {"app": "dbt", "dbt_version": "1.11.15", "profile_name": "dwh", "target_name": "dev", "node_id": "model.dwh.mart_revenue_daily"} */

  
    
    
    
        


        
  

  insert into `dwh`.`mart_revenue_daily__dbt_backup`
        ("day", "revenue")

SELECT
    toDate(payment_date) AS day,
    sum(amount) AS revenue
FROM `dwh`.`int_payments_success`
GROUP BY day
ORDER BY day
  ...
[0m12:19:30.270585 [debug] [Thread-1 (]: dbt_clickhouse adapter: SQL status: OK in 0.03 seconds
[0m12:19:30.282470 [debug] [Thread-1 (]: dbt_clickhouse adapter: On model.dwh.mart_revenue_monthly_yoy: /* {"app": "dbt", "dbt_version": "1.11.15", "profile_name": "dwh", "target_name": "dev", "node_id": "model.dwh.mart_revenue_monthly_yoy"} */

    select name, type from system.columns where table = 'mart_revenue_monthly_yoy__dbt_backup'
    
      
        and database = 'dwh'
      
    
    order by position
  ...
[0m12:19:30.289859 [debug] [Thread-1 (]: dbt_clickhouse adapter: SQL status: OK in 0.01 seconds
[0m12:19:30.292581 [debug] [Thread-1 (]: Writing runtime sql for node "model.dwh.mart_revenue_monthly_yoy"
[0m12:19:30.299001 [debug] [Thread-1 (]: dbt_clickhouse adapter: On model.dwh.mart_revenue_monthly_yoy: /* {"app": "dbt", "dbt_version": "1.11.15", "profile_name": "dwh", "target_name": "dev", "node_id": "model.dwh.mart_revenue_monthly_yoy"} */

  
    
    
    
        


        
  

  insert into `dwh`.`mart_revenue_monthly_yoy__dbt_backup`
        ("month", "revenue", "revenue_prev_year", "yoy_growth")

WITH monthly AS (
    SELECT
        toStartOfMonth(payment_date) AS month,
        sum(amount) AS revenue
    FROM `dwh`.`int_payments_success`
    GROUP BY month
)
SELECT
    m.month,
    m.revenue,
    p.revenue AS revenue_prev_year,
    round((m.revenue - p.revenue) / p.revenue, 4) AS yoy_growth
FROM monthly m
LEFT JOIN monthly p ON p.month = addMonths(m.month, -12)
ORDER BY m.month
  ...
[0m12:19:30.349574 [debug] [Thread-3 (]: dbt_clickhouse adapter: SQL status: OK in 0.10 seconds
[0m12:19:30.351093 [debug] [Thread-3 (]: dbt_clickhouse adapter: On model.dwh.mart_revenue_daily: /* {"app": "dbt", "dbt_version": "1.11.15", "profile_name": "dwh", "target_name": "dev", "node_id": "model.dwh.mart_revenue_daily"} */
EXCHANGE TABLES `dwh`.`mart_revenue_daily__dbt_backup` AND `dwh`.`mart_revenue_daily` 
  
  ...
[0m12:19:30.360340 [debug] [Thread-3 (]: dbt_clickhouse adapter: SQL status: OK in 0.01 seconds
[0m12:19:30.364950 [debug] [Thread-3 (]: dbt_clickhouse adapter: On model.dwh.mart_revenue_daily: /* {"app": "dbt", "dbt_version": "1.11.15", "profile_name": "dwh", "target_name": "dev", "node_id": "model.dwh.mart_revenue_daily"} */
drop table if exists `dwh`.`mart_revenue_daily__dbt_backup` 
  ...
[0m12:19:30.370260 [debug] [Thread-3 (]: dbt_clickhouse adapter: SQL status: OK in 0.00 seconds
[0m12:19:30.372788 [debug] [Thread-3 (]: Sending event: {'category': 'dbt', 'action': 'run_model', 'label': '89b470f9-eff0-4689-8d77-acbb50a101e4', 'context': [<snowplow_tracker.self_describing_json.SelfDescribingJson object at 0xffffb05ba2d0>]}
[0m12:19:30.374752 [info ] [Thread-3 (]: 14 of 16 OK created sql table model `dwh`.`mart_revenue_daily` ................. [[32mOK[0m in 0.17s]
[0m12:19:30.377269 [debug] [Thread-3 (]: Finished running node model.dwh.mart_revenue_daily
[0m12:19:30.380809 [debug] [Thread-3 (]: Began running node model.dwh.mart_vas
[0m12:19:30.382617 [info ] [Thread-3 (]: 16 of 16 START sql table model `dwh`.`mart_vas` ................................ [RUN]
[0m12:19:30.388762 [debug] [Thread-3 (]: Re-using an available connection from the pool (formerly model.dwh.mart_revenue_daily, now model.dwh.mart_vas)
[0m12:19:30.390415 [debug] [Thread-3 (]: Began compiling node model.dwh.mart_vas
[0m12:19:30.392918 [debug] [Thread-3 (]: Writing injected SQL for node "model.dwh.mart_vas"
[0m12:19:30.399512 [debug] [Thread-3 (]: Began executing node model.dwh.mart_vas
[0m12:19:30.403574 [debug] [Thread-3 (]: dbt_clickhouse adapter: On model.dwh.mart_vas: /* {"app": "dbt", "dbt_version": "1.11.15", "profile_name": "dwh", "target_name": "dev", "node_id": "model.dwh.mart_vas"} */

        

    
        create table `dwh`.`mart_vas__dbt_backup`
        
  
        
  engine = MergeTree()
        
      order by (tuple())
        
        
        
        
                    -- end_of_sql
                    SETTINGS replicated_deduplication_window='0'

                    
          empty
          as (
            

SELECT
    v.vas_type_id,
    v.vas_type_name,
    count(*) AS purchases,
    sum(p.amount) AS revenue
FROM `dwh`.`int_payments_success` p
JOIN `dwh`.`dim_vas_types` v ON p.vas_type_id = v.vas_type_id
WHERE p.payment_type = 'vas'
GROUP BY v.vas_type_id, v.vas_type_name
ORDER BY revenue DESC
          )
        
    ...
[0m12:19:30.429304 [debug] [Thread-3 (]: dbt_clickhouse adapter: SQL status: OK in 0.02 seconds
[0m12:19:30.432003 [debug] [Thread-1 (]: dbt_clickhouse adapter: SQL status: OK in 0.13 seconds
[0m12:19:30.434209 [debug] [Thread-3 (]: dbt_clickhouse adapter: On model.dwh.mart_vas: /* {"app": "dbt", "dbt_version": "1.11.15", "profile_name": "dwh", "target_name": "dev", "node_id": "model.dwh.mart_vas"} */

    select name, type from system.columns where table = 'mart_vas__dbt_backup'
    
      
        and database = 'dwh'
      
    
    order by position
  ...
[0m12:19:30.437616 [debug] [Thread-1 (]: dbt_clickhouse adapter: On model.dwh.mart_revenue_monthly_yoy: /* {"app": "dbt", "dbt_version": "1.11.15", "profile_name": "dwh", "target_name": "dev", "node_id": "model.dwh.mart_revenue_monthly_yoy"} */
EXCHANGE TABLES `dwh`.`mart_revenue_monthly_yoy__dbt_backup` AND `dwh`.`mart_revenue_monthly_yoy` 
  
  ...
[0m12:19:30.447093 [debug] [Thread-1 (]: dbt_clickhouse adapter: SQL status: OK in 0.01 seconds
[0m12:19:30.451950 [debug] [Thread-1 (]: dbt_clickhouse adapter: On model.dwh.mart_revenue_monthly_yoy: /* {"app": "dbt", "dbt_version": "1.11.15", "profile_name": "dwh", "target_name": "dev", "node_id": "model.dwh.mart_revenue_monthly_yoy"} */
drop table if exists `dwh`.`mart_revenue_monthly_yoy__dbt_backup` 
  ...
[0m12:19:30.453079 [debug] [Thread-3 (]: dbt_clickhouse adapter: SQL status: OK in 0.01 seconds
[0m12:19:30.457020 [debug] [Thread-3 (]: Writing runtime sql for node "model.dwh.mart_vas"
[0m12:19:30.457741 [debug] [Thread-1 (]: dbt_clickhouse adapter: SQL status: OK in 0.00 seconds
[0m12:19:30.460657 [debug] [Thread-1 (]: Sending event: {'category': 'dbt', 'action': 'run_model', 'label': '89b470f9-eff0-4689-8d77-acbb50a101e4', 'context': [<snowplow_tracker.self_describing_json.SelfDescribingJson object at 0xffffb062ac90>]}
[0m12:19:30.462108 [info ] [Thread-1 (]: 15 of 16 OK created sql table model `dwh`.`mart_revenue_monthly_yoy` ........... [[32mOK[0m in 0.23s]
[0m12:19:30.471532 [debug] [Thread-1 (]: Finished running node model.dwh.mart_revenue_monthly_yoy
[0m12:19:30.473246 [debug] [Thread-3 (]: dbt_clickhouse adapter: On model.dwh.mart_vas: /* {"app": "dbt", "dbt_version": "1.11.15", "profile_name": "dwh", "target_name": "dev", "node_id": "model.dwh.mart_vas"} */

  
    
    
    
        


        
  

  insert into `dwh`.`mart_vas__dbt_backup`
        ("v.vas_type_id", "vas_type_name", "purchases", "revenue")

SELECT
    v.vas_type_id,
    v.vas_type_name,
    count(*) AS purchases,
    sum(p.amount) AS revenue
FROM `dwh`.`int_payments_success` p
JOIN `dwh`.`dim_vas_types` v ON p.vas_type_id = v.vas_type_id
WHERE p.payment_type = 'vas'
GROUP BY v.vas_type_id, v.vas_type_name
ORDER BY revenue DESC
  ...
[0m12:19:30.609392 [debug] [Thread-3 (]: dbt_clickhouse adapter: SQL status: OK in 0.14 seconds
[0m12:19:30.613526 [debug] [Thread-3 (]: dbt_clickhouse adapter: On model.dwh.mart_vas: /* {"app": "dbt", "dbt_version": "1.11.15", "profile_name": "dwh", "target_name": "dev", "node_id": "model.dwh.mart_vas"} */
EXCHANGE TABLES `dwh`.`mart_vas__dbt_backup` AND `dwh`.`mart_vas` 
  
  ...
[0m12:19:30.640377 [debug] [Thread-3 (]: dbt_clickhouse adapter: SQL status: OK in 0.02 seconds
[0m12:19:30.644582 [debug] [Thread-3 (]: dbt_clickhouse adapter: On model.dwh.mart_vas: /* {"app": "dbt", "dbt_version": "1.11.15", "profile_name": "dwh", "target_name": "dev", "node_id": "model.dwh.mart_vas"} */
drop table if exists `dwh`.`mart_vas__dbt_backup` 
  ...
[0m12:19:30.646730 [debug] [Thread-3 (]: dbt_clickhouse adapter: SQL status: OK in 0.00 seconds
[0m12:19:30.648389 [debug] [Thread-3 (]: Sending event: {'category': 'dbt', 'action': 'run_model', 'label': '89b470f9-eff0-4689-8d77-acbb50a101e4', 'context': [<snowplow_tracker.self_describing_json.SelfDescribingJson object at 0xffffb062b590>]}
[0m12:19:30.649574 [info ] [Thread-3 (]: 16 of 16 OK created sql table model `dwh`.`mart_vas` ........................... [[32mOK[0m in 0.26s]
[0m12:19:30.650952 [debug] [Thread-3 (]: Finished running node model.dwh.mart_vas
[0m12:19:30.981777 [debug] [Thread-4 (]: dbt_clickhouse adapter: SQL status: OK in 0.81 seconds
[0m12:19:30.983256 [debug] [Thread-4 (]: dbt_clickhouse adapter: On model.dwh.mart_arpu_monthly: /* {"app": "dbt", "dbt_version": "1.11.15", "profile_name": "dwh", "target_name": "dev", "node_id": "model.dwh.mart_arpu_monthly"} */
EXCHANGE TABLES `dwh`.`mart_arpu_monthly__dbt_backup` AND `dwh`.`mart_arpu_monthly` 
  
  ...
[0m12:19:30.987942 [debug] [Thread-4 (]: dbt_clickhouse adapter: SQL status: OK in 0.00 seconds
[0m12:19:30.991866 [debug] [Thread-4 (]: dbt_clickhouse adapter: On model.dwh.mart_arpu_monthly: /* {"app": "dbt", "dbt_version": "1.11.15", "profile_name": "dwh", "target_name": "dev", "node_id": "model.dwh.mart_arpu_monthly"} */
drop table if exists `dwh`.`mart_arpu_monthly__dbt_backup` 
  ...
[0m12:19:30.993765 [debug] [Thread-4 (]: dbt_clickhouse adapter: SQL status: OK in 0.00 seconds
[0m12:19:30.994965 [debug] [Thread-4 (]: Sending event: {'category': 'dbt', 'action': 'run_model', 'label': '89b470f9-eff0-4689-8d77-acbb50a101e4', 'context': [<snowplow_tracker.self_describing_json.SelfDescribingJson object at 0xffffb062bef0>]}
[0m12:19:30.995434 [info ] [Thread-4 (]: 13 of 16 OK created sql table model `dwh`.`mart_arpu_monthly` .................. [[32mOK[0m in 0.89s]
[0m12:19:30.996025 [debug] [Thread-4 (]: Finished running node model.dwh.mart_arpu_monthly
[0m12:19:31.052088 [debug] [Thread-2 (]: dbt_clickhouse adapter: SQL status: OK in 0.96 seconds
[0m12:19:31.053081 [debug] [Thread-2 (]: dbt_clickhouse adapter: On model.dwh.mart_dau: /* {"app": "dbt", "dbt_version": "1.11.15", "profile_name": "dwh", "target_name": "dev", "node_id": "model.dwh.mart_dau"} */
EXCHANGE TABLES `dwh`.`mart_dau__dbt_backup` AND `dwh`.`mart_dau` 
  
  ...
[0m12:19:31.055505 [debug] [Thread-2 (]: dbt_clickhouse adapter: SQL status: OK in 0.00 seconds
[0m12:19:31.057530 [debug] [Thread-2 (]: dbt_clickhouse adapter: On model.dwh.mart_dau: /* {"app": "dbt", "dbt_version": "1.11.15", "profile_name": "dwh", "target_name": "dev", "node_id": "model.dwh.mart_dau"} */
drop table if exists `dwh`.`mart_dau__dbt_backup` 
  ...
[0m12:19:31.058791 [debug] [Thread-2 (]: dbt_clickhouse adapter: SQL status: OK in 0.00 seconds
[0m12:19:31.060051 [debug] [Thread-2 (]: Sending event: {'category': 'dbt', 'action': 'run_model', 'label': '89b470f9-eff0-4689-8d77-acbb50a101e4', 'context': [<snowplow_tracker.self_describing_json.SelfDescribingJson object at 0xffffb062b9b0>]}
[0m12:19:31.060762 [info ] [Thread-2 (]: 10 of 16 OK created sql table model `dwh`.`mart_dau` ........................... [[32mOK[0m in 1.01s]
[0m12:19:31.061050 [debug] [Thread-2 (]: Finished running node model.dwh.mart_dau
[0m12:19:31.062949 [debug] [MainThread]: Connection 'master' was properly closed.
[0m12:19:31.063218 [debug] [MainThread]: Connection 'model.dwh.mart_revenue_monthly_yoy' was left open.
[0m12:19:31.063411 [debug] [MainThread]: On model.dwh.mart_revenue_monthly_yoy: Close
[0m12:19:31.063636 [debug] [MainThread]: Connection 'model.dwh.mart_vas' was left open.
[0m12:19:31.063808 [debug] [MainThread]: On model.dwh.mart_vas: Close
[0m12:19:31.063972 [debug] [MainThread]: Connection 'model.dwh.mart_dau' was left open.
[0m12:19:31.064143 [debug] [MainThread]: On model.dwh.mart_dau: Close
[0m12:19:31.064314 [debug] [MainThread]: Connection 'model.dwh.mart_arpu_monthly' was left open.
[0m12:19:31.064481 [debug] [MainThread]: On model.dwh.mart_arpu_monthly: Close
[0m12:19:31.064819 [info ] [MainThread]: 
[0m12:19:31.065038 [info ] [MainThread]: Finished running 8 table models, 8 view models in 0 hours 0 minutes and 1.44 seconds (1.44s).
[0m12:19:31.066436 [debug] [MainThread]: Command end result
[0m12:19:31.092844 [debug] [MainThread]: Wrote artifact WritableManifest to /opt/airflow/dbt/target/manifest.json
[0m12:19:31.095183 [debug] [MainThread]: Wrote artifact SemanticManifest to /opt/airflow/dbt/target/semantic_manifest.json
[0m12:19:31.100150 [debug] [MainThread]: Wrote artifact RunExecutionResult to /opt/airflow/dbt/target/run_results.json
[0m12:19:31.100377 [info ] [MainThread]: 
[0m12:19:31.100782 [info ] [MainThread]: [32mCompleted successfully[0m
[0m12:19:31.101129 [info ] [MainThread]: 
[0m12:19:31.101550 [info ] [MainThread]: Done. PASS=16 WARN=0 ERROR=0 SKIP=0 NO-OP=0 TOTAL=16
[0m12:19:31.102933 [debug] [MainThread]: Resource report: {"command_name": "run", "command_success": true, "command_wall_clock_time": 1.9711493, "process_in_blocks": "50344", "process_kernel_time": 0.328099, "process_mem_max_rss": "153188", "process_out_blocks": "2839", "process_user_time": 1.613237}
[0m12:19:31.103399 [debug] [MainThread]: Command `dbt run` succeeded at 12:19:31.103343 after 1.97 seconds
[0m12:19:31.103727 [debug] [MainThread]: Sending event: {'category': 'dbt', 'action': 'invocation', 'label': 'end', 'context': [<snowplow_tracker.self_describing_json.SelfDescribingJson object at 0xffffb61a69f0>, <snowplow_tracker.self_describing_json.SelfDescribingJson object at 0xffffb036fc50>, <snowplow_tracker.self_describing_json.SelfDescribingJson object at 0xffffb036fa70>]}
[0m12:19:31.103934 [debug] [MainThread]: Flushing usage events
[0m12:19:32.068917 [debug] [MainThread]: An error was encountered while trying to flush usage events
[0m12:52:17.313794 [debug] [MainThread]: Sending event: {'category': 'dbt', 'action': 'invocation', 'label': 'start', 'context': [<snowplow_tracker.self_describing_json.SelfDescribingJson object at 0xffffb1513770>, <snowplow_tracker.self_describing_json.SelfDescribingJson object at 0xffffb492afd0>, <snowplow_tracker.self_describing_json.SelfDescribingJson object at 0xffffb0343d90>]}


============================== 12:52:17.316590 | 2e4a3269-e3ee-4ee7-a23e-a753015cc37d ==============================
[0m12:52:17.316590 [info ] [MainThread]: Running with dbt=1.11.15
[0m12:52:17.317014 [debug] [MainThread]: running dbt with arguments {'use_experimental_parser': 'False', 'invocation_command': 'dbt run', 'send_anonymous_usage_stats': 'True', 'use_colors': 'True', 'debug': 'False', 'warn_error': 'None', 'fail_fast': 'False', 'log_path': '/opt/airflow/dbt/logs', 'warn_error_options': 'WarnErrorOptionsV2(error=[], warn=[], silence=[])', 'target_path': 'None', 'indirect_selection': 'eager', 'write_json': 'True', 'static_parser': 'True', 'log_format': 'default', 'partial_parse': 'True', 'cache_selected_only': 'False', 'printer_width': '80', 'log_cache_events': 'False', 'empty': 'False', 'no_print': 'None', 'profiles_dir': '/opt/airflow/dbt/profiles', 'quiet': 'False', 'introspect': 'True', 'version_check': 'True'}
[0m12:52:17.493809 [debug] [MainThread]: Sending event: {'category': 'dbt', 'action': 'project_id', 'label': '2e4a3269-e3ee-4ee7-a23e-a753015cc37d', 'context': [<snowplow_tracker.self_describing_json.SelfDescribingJson object at 0xffffb0fecb00>]}
[0m12:52:17.522008 [debug] [MainThread]: Sending event: {'category': 'dbt', 'action': 'adapter_info', 'label': '2e4a3269-e3ee-4ee7-a23e-a753015cc37d', 'context': [<snowplow_tracker.self_describing_json.SelfDescribingJson object at 0xffffb0393460>]}
[0m12:52:17.522563 [info ] [MainThread]: Registered adapter: clickhouse=1.10.2
[0m12:52:17.558864 [debug] [MainThread]: checksum: 810725a07b286a161cb6a02f5214572f3ba8aa5d584b5e37ea30d4a281c3d3a5, vars: {}, profile: , target: , version: 1.11.15
[0m12:52:17.630289 [debug] [MainThread]: Partial parsing enabled: 0 files deleted, 0 files added, 0 files changed.
[0m12:52:17.630587 [debug] [MainThread]: Nothing changed, skipping partial parsing.
[0m12:52:17.630767 [debug] [MainThread]: Partial parsing enabled, no changes found, skipping parsing
[0m12:52:17.645686 [debug] [MainThread]: Sending event: {'category': 'dbt', 'action': 'load_project', 'label': '2e4a3269-e3ee-4ee7-a23e-a753015cc37d', 'context': [<snowplow_tracker.self_describing_json.SelfDescribingJson object at 0xffffaff5c450>]}
[0m12:52:17.720590 [debug] [MainThread]: Wrote artifact WritableManifest to /opt/airflow/dbt/target/manifest.json
[0m12:52:17.722178 [debug] [MainThread]: Wrote artifact SemanticManifest to /opt/airflow/dbt/target/semantic_manifest.json
[0m12:52:17.730186 [debug] [MainThread]: Sending event: {'category': 'dbt', 'action': 'resource_counts', 'label': '2e4a3269-e3ee-4ee7-a23e-a753015cc37d', 'context': [<snowplow_tracker.self_describing_json.SelfDescribingJson object at 0xffffb058ab70>]}
[0m12:52:17.730420 [info ] [MainThread]: Found 16 models, 536 macros
[0m12:52:17.730565 [debug] [MainThread]: Sending event: {'category': 'dbt', 'action': 'runnable_timing', 'label': '2e4a3269-e3ee-4ee7-a23e-a753015cc37d', 'context': [<snowplow_tracker.self_describing_json.SelfDescribingJson object at 0xffffafd9e890>]}
[0m12:52:17.732298 [info ] [MainThread]: 
[0m12:52:17.732615 [info ] [MainThread]: Concurrency: 4 threads (target='dev')
[0m12:52:17.732931 [info ] [MainThread]: 
[0m12:52:17.733311 [debug] [MainThread]: Acquiring new clickhouse connection 'master'
[0m12:52:17.737024 [debug] [ThreadPool]: Acquiring new clickhouse connection 'list_'
[0m12:52:17.742766 [debug] [ThreadPool]: Opening a new connection, currently in state init
[0m12:52:17.989482 [debug] [ThreadPool]: dbt_clickhouse adapter: On list_: /* {"app": "dbt", "dbt_version": "1.11.15", "profile_name": "dwh", "target_name": "dev", "connection_name": "list_"} */

    select name from system.databases
  ...
[0m12:52:17.990970 [debug] [ThreadPool]: dbt_clickhouse adapter: SQL status: OK in 0.00 seconds
[0m12:52:18.014736 [debug] [ThreadPool]: Re-using an available connection from the pool (formerly list_, now list__dwh)
[0m12:52:18.018182 [debug] [ThreadPool]: dbt_clickhouse adapter: On list__dwh: /* {"app": "dbt", "dbt_version": "1.11.15", "profile_name": "dwh", "target_name": "dev", "connection_name": "list__dwh"} */
with mv_sources as (
      -- Find all MVs and their target tables (database and name of the MV, plus the SELECT SQL)
      select
        name as mv_name,
        database as mv_database,
        any(as_select) as mv_sql,
        any(replaceRegexpOne(create_table_query, '.*TO\\s+`?([^`\\s(]+)`?\\.`?([^`\\s(]+)`?.*', '\\1.\\2')) as target_fqn
      
      from system.tables
      
      where engine = 'MaterializedView'
        and create_table_query like '%TO %'
      group by mv_name, mv_database
    )
    select
      t.name as name,
      t.database as schema,
      multiIf(
        t.engine = 'MaterializedView', 'materialized_view',
        t.engine = 'View', 'view',
        t.engine = 'Dictionary', 'dictionary',
        'table'
      ) as type,
      db.engine as db_engine,
      groupArrayIf(
        map('schema', mv_sources.mv_database, 'name', mv_sources.mv_name, 'sql', mv_sources.mv_sql),
        mv_sources.mv_name != ''
      ) as mvs_pointing_to_it,
      -- The refresh clause of a refreshable MV sits between the view name and the TO clause,
      -- e.g. CREATE MATERIALIZED VIEW db.mv REFRESH EVERY 2 MINUTE [APPEND] TO db.target ...
      max(position(substring(t.create_table_query, 1, position(t.create_table_query, ' TO ')), ' REFRESH ')) > 0 as is_refreshable,
      max(position(substring(t.create_table_query, 1, position(t.create_table_query, ' TO ')), ' APPEND')) > 0 as refreshable_append,0 as is_on_cluster
        from system.tables as t
      
        join system.databases as db on t.database = db.name
        left join mv_sources on mv_sources.target_fqn = concat(t.database, '.', t.name)
      where schema = 'dwh'
      group by name, schema, type, db_engine

  ...
[0m12:52:18.076067 [debug] [ThreadPool]: dbt_clickhouse adapter: SQL status: OK in 0.06 seconds
[0m12:52:18.077066 [debug] [MainThread]: Sending event: {'category': 'dbt', 'action': 'runnable_timing', 'label': '2e4a3269-e3ee-4ee7-a23e-a753015cc37d', 'context': [<snowplow_tracker.self_describing_json.SelfDescribingJson object at 0xffffae425980>]}
[0m12:52:18.079431 [debug] [Thread-1 (]: Began running node model.dwh.stg_categories
[0m12:52:18.079645 [debug] [Thread-3 (]: Began running node model.dwh.stg_payments
[0m12:52:18.079875 [debug] [Thread-4 (]: Began running node model.dwh.stg_user_activity
[0m12:52:18.080094 [debug] [Thread-2 (]: Began running node model.dwh.stg_listings
[0m12:52:18.080365 [info ] [Thread-1 (]: 1 of 16 START sql view model `dwh`.`stg_categories` ............................ [RUN]
[0m12:52:18.080680 [info ] [Thread-3 (]: 3 of 16 START sql view model `dwh`.`stg_payments` .............................. [RUN]
[0m12:52:18.081004 [info ] [Thread-4 (]: 4 of 16 START sql view model `dwh`.`stg_user_activity` ......................... [RUN]
[0m12:52:18.081399 [info ] [Thread-2 (]: 2 of 16 START sql view model `dwh`.`stg_listings` .............................. [RUN]
[0m12:52:18.081710 [debug] [Thread-1 (]: Re-using an available connection from the pool (formerly list__dwh, now model.dwh.stg_categories)
[0m12:52:18.082012 [debug] [Thread-3 (]: Acquiring new clickhouse connection 'model.dwh.stg_payments'
[0m12:52:18.082291 [debug] [Thread-4 (]: Acquiring new clickhouse connection 'model.dwh.stg_user_activity'
[0m12:52:18.082528 [debug] [Thread-2 (]: Acquiring new clickhouse connection 'model.dwh.stg_listings'
[0m12:52:18.082725 [debug] [Thread-1 (]: Began compiling node model.dwh.stg_categories
[0m12:52:18.082906 [debug] [Thread-3 (]: Began compiling node model.dwh.stg_payments
[0m12:52:18.083094 [debug] [Thread-4 (]: Began compiling node model.dwh.stg_user_activity
[0m12:52:18.083289 [debug] [Thread-2 (]: Began compiling node model.dwh.stg_listings
[0m12:52:18.087517 [debug] [Thread-1 (]: Writing injected SQL for node "model.dwh.stg_categories"
[0m12:52:18.089311 [debug] [Thread-3 (]: Writing injected SQL for node "model.dwh.stg_payments"
[0m12:52:18.091187 [debug] [Thread-4 (]: Writing injected SQL for node "model.dwh.stg_user_activity"
[0m12:52:18.093359 [debug] [Thread-2 (]: Writing injected SQL for node "model.dwh.stg_listings"
[0m12:52:18.095207 [debug] [Thread-4 (]: Began executing node model.dwh.stg_user_activity
[0m12:52:18.095368 [debug] [Thread-2 (]: Began executing node model.dwh.stg_listings
[0m12:52:18.095527 [debug] [Thread-3 (]: Began executing node model.dwh.stg_payments
[0m12:52:18.095700 [debug] [Thread-1 (]: Began executing node model.dwh.stg_categories
[0m12:52:18.103249 [debug] [Thread-4 (]: Creating new relation stg_user_activity
[0m12:52:18.104208 [debug] [Thread-2 (]: Creating new relation stg_listings
[0m12:52:18.105164 [debug] [Thread-3 (]: Creating new relation stg_payments
[0m12:52:18.106349 [debug] [Thread-1 (]: Creating new relation stg_categories
[0m12:52:18.113545 [debug] [Thread-4 (]: Opening a new connection, currently in state init
[0m12:52:18.113954 [debug] [Thread-2 (]: Opening a new connection, currently in state init
[0m12:52:18.114392 [debug] [Thread-3 (]: Opening a new connection, currently in state init
[0m12:52:18.116453 [debug] [Thread-1 (]: Writing runtime sql for node "model.dwh.stg_categories"
[0m12:52:18.120496 [debug] [Thread-1 (]: dbt_clickhouse adapter: On model.dwh.stg_categories: /* {"app": "dbt", "dbt_version": "1.11.15", "profile_name": "dwh", "target_name": "dev", "node_id": "model.dwh.stg_categories"} */


  create or replace view `dwh`.`stg_categories` 
  
    
  
  
    
    
  as (
    

SELECT
    category_id,
    name,
    parent_id
FROM s3(
    'http://minio:9000/raw/mysql/categories/*.parquet',
    'Parquet',
    'category_id Int32, name String, parent_id Nullable(Int32)'
)
    
  )
      
      
                    -- end_of_sql
                    
                    ...
[0m12:52:18.121475 [debug] [Thread-2 (]: Writing runtime sql for node "model.dwh.stg_listings"
[0m12:52:18.122257 [debug] [Thread-2 (]: dbt_clickhouse adapter: On model.dwh.stg_listings: /* {"app": "dbt", "dbt_version": "1.11.15", "profile_name": "dwh", "target_name": "dev", "node_id": "model.dwh.stg_listings"} */


  create or replace view `dwh`.`stg_listings` 
  
    
  
  
    
    
  as (
    

SELECT
    listing_id,
    user_id,
    category_id,
    title,
    description,
    price,
    status,
    platform,
    created_at,
    activated_at,
    sold_at,
    deactivated_at,
    updated_at
FROM s3(
    'http://minio:9000/raw/postgres/listings/*.parquet',
    'Parquet',
    'listing_id Int64, user_id Int64, category_id Int32, title String, description Nullable(String), price Float64, status String, platform String, created_at DateTime64(3), activated_at Nullable(DateTime64(3)), sold_at Nullable(DateTime64(3)), deactivated_at Nullable(DateTime64(3)), updated_at DateTime64(3)'
)
    
  )
      
      
                    -- end_of_sql
                    
                    ...
[0m12:52:18.124849 [debug] [Thread-3 (]: Writing runtime sql for node "model.dwh.stg_payments"
[0m12:52:18.125204 [debug] [Thread-4 (]: Writing runtime sql for node "model.dwh.stg_user_activity"
[0m12:52:18.126382 [debug] [Thread-4 (]: dbt_clickhouse adapter: On model.dwh.stg_user_activity: /* {"app": "dbt", "dbt_version": "1.11.15", "profile_name": "dwh", "target_name": "dev", "node_id": "model.dwh.stg_user_activity"} */


  create or replace view `dwh`.`stg_user_activity` 
  
    
  
  
    
    
  as (
    

SELECT
    event_id,
    user_id,
    event_type,
    platform,
    listing_id,
    session_id,
    ts
FROM s3(
    'http://minio:9000/raw/kafka/user_activity/*.parquet',
    'Parquet',
    'event_id String, user_id Int64, event_type String, platform String, listing_id Nullable(Int64), session_id String, ts DateTime64(3)'
)
    
  )
      
      
                    -- end_of_sql
                    
                    ...
[0m12:52:18.126769 [debug] [Thread-3 (]: dbt_clickhouse adapter: On model.dwh.stg_payments: /* {"app": "dbt", "dbt_version": "1.11.15", "profile_name": "dwh", "target_name": "dev", "node_id": "model.dwh.stg_payments"} */


  create or replace view `dwh`.`stg_payments` 
  
    
  
  
    
    
  as (
    

SELECT
    payment_id,
    user_id,
    listing_id,
    vas_type_id,
    amount,
    payment_type,
    status,
    payment_date
FROM s3(
    'http://minio:9000/raw/postgres/payments/*.parquet',
    'Parquet',
    'payment_id Int64, user_id Int64, listing_id Nullable(Int64), vas_type_id Nullable(Int32), amount Float64, payment_type String, status String, payment_date DateTime64(3)'
)
    
  )
      
      
                    -- end_of_sql
                    
                    ...
[0m12:52:18.180868 [debug] [Thread-2 (]: dbt_clickhouse adapter: SQL status: OK in 0.06 seconds
[0m12:52:18.186933 [debug] [Thread-1 (]: dbt_clickhouse adapter: SQL status: OK in 0.07 seconds
[0m12:52:18.187208 [debug] [Thread-3 (]: dbt_clickhouse adapter: SQL status: OK in 0.06 seconds
[0m12:52:18.198242 [debug] [Thread-4 (]: dbt_clickhouse adapter: SQL status: OK in 0.07 seconds
[0m12:52:18.198020 [debug] [Thread-2 (]: Sending event: {'category': 'dbt', 'action': 'run_model', 'label': '2e4a3269-e3ee-4ee7-a23e-a753015cc37d', 'context': [<snowplow_tracker.self_describing_json.SelfDescribingJson object at 0xffffadcd5490>]}
[0m12:52:18.199162 [debug] [Thread-1 (]: Sending event: {'category': 'dbt', 'action': 'run_model', 'label': '2e4a3269-e3ee-4ee7-a23e-a753015cc37d', 'context': [<snowplow_tracker.self_describing_json.SelfDescribingJson object at 0xffffae4455a0>]}
[0m12:52:18.200081 [debug] [Thread-3 (]: Sending event: {'category': 'dbt', 'action': 'run_model', 'label': '2e4a3269-e3ee-4ee7-a23e-a753015cc37d', 'context': [<snowplow_tracker.self_describing_json.SelfDescribingJson object at 0xffffae445440>]}
[0m12:52:18.201276 [debug] [Thread-4 (]: Sending event: {'category': 'dbt', 'action': 'run_model', 'label': '2e4a3269-e3ee-4ee7-a23e-a753015cc37d', 'context': [<snowplow_tracker.self_describing_json.SelfDescribingJson object at 0xffffb0357570>]}
[0m12:52:18.201694 [info ] [Thread-2 (]: 2 of 16 OK created sql view model `dwh`.`stg_listings` ......................... [[32mOK[0m in 0.11s]
[0m12:52:18.202100 [info ] [Thread-1 (]: 1 of 16 OK created sql view model `dwh`.`stg_categories` ....................... [[32mOK[0m in 0.12s]
[0m12:52:18.202448 [info ] [Thread-3 (]: 3 of 16 OK created sql view model `dwh`.`stg_payments` ......................... [[32mOK[0m in 0.12s]
[0m12:52:18.202862 [info ] [Thread-4 (]: 4 of 16 OK created sql view model `dwh`.`stg_user_activity` .................... [[32mOK[0m in 0.12s]
[0m12:52:18.203237 [debug] [Thread-2 (]: Finished running node model.dwh.stg_listings
[0m12:52:18.203570 [debug] [Thread-1 (]: Finished running node model.dwh.stg_categories
[0m12:52:18.203908 [debug] [Thread-3 (]: Finished running node model.dwh.stg_payments
[0m12:52:18.204224 [debug] [Thread-4 (]: Finished running node model.dwh.stg_user_activity
[0m12:52:18.204523 [debug] [Thread-2 (]: Began running node model.dwh.stg_users
[0m12:52:18.204839 [debug] [Thread-1 (]: Began running node model.dwh.stg_vas_types
[0m12:52:18.205356 [debug] [Thread-3 (]: Began running node model.dwh.dim_categories
[0m12:52:18.205538 [debug] [Thread-4 (]: Began running node model.dwh.int_listings_enriched
[0m12:52:18.205819 [info ] [Thread-2 (]: 5 of 16 START sql view model `dwh`.`stg_users` ................................. [RUN]
[0m12:52:18.206139 [info ] [Thread-1 (]: 6 of 16 START sql view model `dwh`.`stg_vas_types` ............................. [RUN]
[0m12:52:18.206438 [info ] [Thread-3 (]: 7 of 16 START sql table model `dwh`.`dim_categories` ........................... [RUN]
[0m12:52:18.206818 [info ] [Thread-4 (]: 8 of 16 START sql view model `dwh`.`int_listings_enriched` ..................... [RUN]
[0m12:52:18.207149 [debug] [Thread-2 (]: Re-using an available connection from the pool (formerly model.dwh.stg_listings, now model.dwh.stg_users)
[0m12:52:18.207394 [debug] [Thread-1 (]: Re-using an available connection from the pool (formerly model.dwh.stg_categories, now model.dwh.stg_vas_types)
[0m12:52:18.207619 [debug] [Thread-3 (]: Re-using an available connection from the pool (formerly model.dwh.stg_payments, now model.dwh.dim_categories)
[0m12:52:18.207854 [debug] [Thread-4 (]: Re-using an available connection from the pool (formerly model.dwh.stg_user_activity, now model.dwh.int_listings_enriched)
[0m12:52:18.208086 [debug] [Thread-2 (]: Began compiling node model.dwh.stg_users
[0m12:52:18.208300 [debug] [Thread-1 (]: Began compiling node model.dwh.stg_vas_types
[0m12:52:18.208507 [debug] [Thread-3 (]: Began compiling node model.dwh.dim_categories
[0m12:52:18.208716 [debug] [Thread-4 (]: Began compiling node model.dwh.int_listings_enriched
[0m12:52:18.210546 [debug] [Thread-2 (]: Writing injected SQL for node "model.dwh.stg_users"
[0m12:52:18.212348 [debug] [Thread-1 (]: Writing injected SQL for node "model.dwh.stg_vas_types"
[0m12:52:18.213718 [debug] [Thread-3 (]: Writing injected SQL for node "model.dwh.dim_categories"
[0m12:52:18.215171 [debug] [Thread-4 (]: Writing injected SQL for node "model.dwh.int_listings_enriched"
[0m12:52:18.216775 [debug] [Thread-1 (]: Began executing node model.dwh.stg_vas_types
[0m12:52:18.216995 [debug] [Thread-3 (]: Began executing node model.dwh.dim_categories
[0m12:52:18.217152 [debug] [Thread-2 (]: Began executing node model.dwh.stg_users
[0m12:52:18.218359 [debug] [Thread-1 (]: Creating new relation stg_vas_types
[0m12:52:18.218514 [debug] [Thread-4 (]: Began executing node model.dwh.int_listings_enriched
[0m12:52:18.235730 [debug] [Thread-2 (]: Creating new relation stg_users
[0m12:52:18.241230 [debug] [Thread-3 (]: Creating new relation dim_categories
[0m12:52:18.241892 [debug] [Thread-1 (]: Writing runtime sql for node "model.dwh.stg_vas_types"
[0m12:52:18.243059 [debug] [Thread-4 (]: Creating new relation int_listings_enriched
[0m12:52:18.243488 [debug] [Thread-2 (]: Writing runtime sql for node "model.dwh.stg_users"
[0m12:52:18.255047 [debug] [Thread-3 (]: dbt_clickhouse adapter: On model.dwh.dim_categories: /* {"app": "dbt", "dbt_version": "1.11.15", "profile_name": "dwh", "target_name": "dev", "node_id": "model.dwh.dim_categories"} */

        

    
        create table `dwh`.`dim_categories`
        
  
        
  engine = MergeTree()
        
      order by (tuple())
        
        
        
        
                    -- end_of_sql
                    SETTINGS replicated_deduplication_window='0'

                    
          empty
          as (
            

SELECT
    category_id,
    name AS category_name,
    parent_id
FROM `dwh`.`stg_categories`
          )
        
    ...
[0m12:52:18.255736 [debug] [Thread-4 (]: Writing runtime sql for node "model.dwh.int_listings_enriched"
[0m12:52:18.256763 [debug] [Thread-1 (]: dbt_clickhouse adapter: On model.dwh.stg_vas_types: /* {"app": "dbt", "dbt_version": "1.11.15", "profile_name": "dwh", "target_name": "dev", "node_id": "model.dwh.stg_vas_types"} */


  create or replace view `dwh`.`stg_vas_types` 
  
    
  
  
    
    
  as (
    

SELECT
    vas_type_id,
    name,
    description
FROM s3(
    'http://minio:9000/raw/mysql/vas_types/*.parquet',
    'Parquet',
    'vas_type_id Int32, name String, description Nullable(String)'
)
    
  )
      
      
                    -- end_of_sql
                    
                    ...
[0m12:52:18.257368 [debug] [Thread-2 (]: dbt_clickhouse adapter: On model.dwh.stg_users: /* {"app": "dbt", "dbt_version": "1.11.15", "profile_name": "dwh", "target_name": "dev", "node_id": "model.dwh.stg_users"} */


  create or replace view `dwh`.`stg_users` 
  
    
  
  
    
    
  as (
    

SELECT
    user_id,
    email,
    phone,
    status,
    registered_at,
    created_at,
    updated_at
FROM s3(
    'http://minio:9000/raw/postgres/users/*.parquet',
    'Parquet',
    'user_id Int64, email String, phone Nullable(String), status String, registered_at DateTime64(3), created_at DateTime64(3), updated_at DateTime64(3)'
)
    
  )
      
      
                    -- end_of_sql
                    
                    ...
[0m12:52:18.258052 [debug] [Thread-4 (]: dbt_clickhouse adapter: On model.dwh.int_listings_enriched: /* {"app": "dbt", "dbt_version": "1.11.15", "profile_name": "dwh", "target_name": "dev", "node_id": "model.dwh.int_listings_enriched"} */


  create or replace view `dwh`.`int_listings_enriched` 
  
    
  
  
    
    
  as (
    

SELECT
    l.listing_id,
    l.user_id,
    l.category_id,
    c.name AS category_name,
    l.title,
    l.price,
    l.status,
    l.platform,
    l.created_at,
    l.sold_at
FROM `dwh`.`stg_listings` l
LEFT JOIN `dwh`.`stg_categories` c ON l.category_id = c.category_id
    
  )
      
      
                    -- end_of_sql
                    
                    ...
[0m12:52:18.261943 [debug] [Thread-4 (]: dbt_clickhouse adapter: SQL status: OK in 0.00 seconds
[0m12:52:18.265214 [debug] [Thread-4 (]: Sending event: {'category': 'dbt', 'action': 'run_model', 'label': '2e4a3269-e3ee-4ee7-a23e-a753015cc37d', 'context': [<snowplow_tracker.self_describing_json.SelfDescribingJson object at 0xffffadbfac10>]}
[0m12:52:18.265573 [debug] [Thread-3 (]: dbt_clickhouse adapter: SQL status: OK in 0.01 seconds
[0m12:52:18.266185 [info ] [Thread-4 (]: 8 of 16 OK created sql view model `dwh`.`int_listings_enriched` ................ [[32mOK[0m in 0.06s]
[0m12:52:18.266574 [debug] [Thread-1 (]: dbt_clickhouse adapter: SQL status: OK in 0.01 seconds
[0m12:52:18.266864 [debug] [Thread-2 (]: dbt_clickhouse adapter: SQL status: OK in 0.01 seconds
[0m12:52:18.276256 [debug] [Thread-3 (]: dbt_clickhouse adapter: On model.dwh.dim_categories: /* {"app": "dbt", "dbt_version": "1.11.15", "profile_name": "dwh", "target_name": "dev", "node_id": "model.dwh.dim_categories"} */

    select name, type from system.columns where table = 'dim_categories'
    
      
        and database = 'dwh'
      
    
    order by position
  ...
[0m12:52:18.276589 [debug] [Thread-4 (]: Finished running node model.dwh.int_listings_enriched
[0m12:52:18.277727 [debug] [Thread-1 (]: Sending event: {'category': 'dbt', 'action': 'run_model', 'label': '2e4a3269-e3ee-4ee7-a23e-a753015cc37d', 'context': [<snowplow_tracker.self_describing_json.SelfDescribingJson object at 0xffffac2cb950>]}
[0m12:52:18.278550 [debug] [Thread-2 (]: Sending event: {'category': 'dbt', 'action': 'run_model', 'label': '2e4a3269-e3ee-4ee7-a23e-a753015cc37d', 'context': [<snowplow_tracker.self_describing_json.SelfDescribingJson object at 0xffffac2c8410>]}
[0m12:52:18.278947 [debug] [Thread-4 (]: Began running node model.dwh.int_payments_success
[0m12:52:18.279457 [info ] [Thread-1 (]: 6 of 16 OK created sql view model `dwh`.`stg_vas_types` ........................ [[32mOK[0m in 0.07s]
[0m12:52:18.280156 [info ] [Thread-2 (]: 5 of 16 OK created sql view model `dwh`.`stg_users` ............................ [[32mOK[0m in 0.07s]
[0m12:52:18.280547 [info ] [Thread-4 (]: 9 of 16 START sql view model `dwh`.`int_payments_success` ...................... [RUN]
[0m12:52:18.281154 [debug] [Thread-1 (]: Finished running node model.dwh.stg_vas_types
[0m12:52:18.281735 [debug] [Thread-2 (]: Finished running node model.dwh.stg_users
[0m12:52:18.282182 [debug] [Thread-4 (]: Re-using an available connection from the pool (formerly model.dwh.int_listings_enriched, now model.dwh.int_payments_success)
[0m12:52:18.282579 [debug] [Thread-1 (]: Began running node model.dwh.mart_dau
[0m12:52:18.282941 [debug] [Thread-2 (]: Began running node model.dwh.mart_listings_by_category
[0m12:52:18.283187 [debug] [Thread-4 (]: Began compiling node model.dwh.int_payments_success
[0m12:52:18.283502 [info ] [Thread-1 (]: 10 of 16 START sql table model `dwh`.`mart_dau` ................................ [RUN]
[0m12:52:18.283819 [info ] [Thread-2 (]: 11 of 16 START sql table model `dwh`.`mart_listings_by_category` ............... [RUN]
[0m12:52:18.285825 [debug] [Thread-4 (]: Writing injected SQL for node "model.dwh.int_payments_success"
[0m12:52:18.286226 [debug] [Thread-3 (]: dbt_clickhouse adapter: SQL status: OK in 0.01 seconds
[0m12:52:18.286414 [debug] [Thread-1 (]: Re-using an available connection from the pool (formerly model.dwh.stg_vas_types, now model.dwh.mart_dau)
[0m12:52:18.286635 [debug] [Thread-2 (]: Re-using an available connection from the pool (formerly model.dwh.stg_users, now model.dwh.mart_listings_by_category)
[0m12:52:18.288563 [debug] [Thread-3 (]: Writing runtime sql for node "model.dwh.dim_categories"
[0m12:52:18.288809 [debug] [Thread-1 (]: Began compiling node model.dwh.mart_dau
[0m12:52:18.289033 [debug] [Thread-2 (]: Began compiling node model.dwh.mart_listings_by_category
[0m12:52:18.289347 [debug] [Thread-4 (]: Began executing node model.dwh.int_payments_success
[0m12:52:18.290971 [debug] [Thread-1 (]: Writing injected SQL for node "model.dwh.mart_dau"
[0m12:52:18.292241 [debug] [Thread-2 (]: Writing injected SQL for node "model.dwh.mart_listings_by_category"
[0m12:52:18.293268 [debug] [Thread-4 (]: Creating new relation int_payments_success
[0m12:52:18.293692 [debug] [Thread-3 (]: dbt_clickhouse adapter: On model.dwh.dim_categories: /* {"app": "dbt", "dbt_version": "1.11.15", "profile_name": "dwh", "target_name": "dev", "node_id": "model.dwh.dim_categories"} */

  
    
    
    
        


        
  

  insert into `dwh`.`dim_categories`
        ("category_id", "category_name", "parent_id")

SELECT
    category_id,
    name AS category_name,
    parent_id
FROM `dwh`.`stg_categories`
  ...
[0m12:52:18.294716 [debug] [Thread-4 (]: Writing runtime sql for node "model.dwh.int_payments_success"
[0m12:52:18.295180 [debug] [Thread-1 (]: Began executing node model.dwh.mart_dau
[0m12:52:18.295332 [debug] [Thread-2 (]: Began executing node model.dwh.mart_listings_by_category
[0m12:52:18.296340 [debug] [Thread-1 (]: Creating new relation mart_dau
[0m12:52:18.297516 [debug] [Thread-2 (]: Creating new relation mart_listings_by_category
[0m12:52:18.297752 [debug] [Thread-4 (]: dbt_clickhouse adapter: On model.dwh.int_payments_success: /* {"app": "dbt", "dbt_version": "1.11.15", "profile_name": "dwh", "target_name": "dev", "node_id": "model.dwh.int_payments_success"} */


  create or replace view `dwh`.`int_payments_success` 
  
    
  
  
    
    
  as (
    

SELECT *
FROM `dwh`.`stg_payments`
WHERE status = 'success'
    
  )
      
      
                    -- end_of_sql
                    
                    ...
[0m12:52:18.299056 [debug] [Thread-1 (]: dbt_clickhouse adapter: On model.dwh.mart_dau: /* {"app": "dbt", "dbt_version": "1.11.15", "profile_name": "dwh", "target_name": "dev", "node_id": "model.dwh.mart_dau"} */

        

    
        create table `dwh`.`mart_dau`
        
  
        
  engine = MergeTree()
        
      order by (tuple())
        
        
        
        
                    -- end_of_sql
                    SETTINGS replicated_deduplication_window='0'

                    
          empty
          as (
            

SELECT
    toDate(ts) AS day,
    platform,
    uniqExact(user_id) AS dau
FROM `dwh`.`stg_user_activity`
GROUP BY day, platform
ORDER BY day, platform
          )
        
    ...
[0m12:52:18.300182 [debug] [Thread-2 (]: dbt_clickhouse adapter: On model.dwh.mart_listings_by_category: /* {"app": "dbt", "dbt_version": "1.11.15", "profile_name": "dwh", "target_name": "dev", "node_id": "model.dwh.mart_listings_by_category"} */

        

    
        create table `dwh`.`mart_listings_by_category`
        
  
        
  engine = MergeTree()
        
      order by (tuple())
        
        
        
        
                    -- end_of_sql
                    SETTINGS replicated_deduplication_window='0'

                    
          empty
          as (
            

SELECT
    category_id,
    category_name,
    count(*) AS listing_count,
    round(avg(price), 2) AS avg_price
FROM `dwh`.`int_listings_enriched`
GROUP BY category_id, category_name
ORDER BY listing_count DESC
          )
        
    ...
[0m12:52:18.303970 [debug] [Thread-4 (]: dbt_clickhouse adapter: SQL status: OK in 0.00 seconds
[0m12:52:18.305406 [debug] [Thread-4 (]: Sending event: {'category': 'dbt', 'action': 'run_model', 'label': '2e4a3269-e3ee-4ee7-a23e-a753015cc37d', 'context': [<snowplow_tracker.self_describing_json.SelfDescribingJson object at 0xffffac2cb8f0>]}
[0m12:52:18.305913 [info ] [Thread-4 (]: 9 of 16 OK created sql view model `dwh`.`int_payments_success` ................. [[32mOK[0m in 0.02s]
[0m12:52:18.306359 [debug] [Thread-4 (]: Finished running node model.dwh.int_payments_success
[0m12:52:18.306739 [debug] [Thread-4 (]: Began running node model.dwh.dim_vas_types
[0m12:52:18.307185 [info ] [Thread-4 (]: 12 of 16 START sql table model `dwh`.`dim_vas_types` ........................... [RUN]
[0m12:52:18.307592 [debug] [Thread-4 (]: Re-using an available connection from the pool (formerly model.dwh.int_payments_success, now model.dwh.dim_vas_types)
[0m12:52:18.307865 [debug] [Thread-4 (]: Began compiling node model.dwh.dim_vas_types
[0m12:52:18.310075 [debug] [Thread-4 (]: Writing injected SQL for node "model.dwh.dim_vas_types"
[0m12:52:18.311442 [debug] [Thread-2 (]: dbt_clickhouse adapter: SQL status: OK in 0.01 seconds
[0m12:52:18.311746 [debug] [Thread-4 (]: Began executing node model.dwh.dim_vas_types
[0m12:52:18.311955 [debug] [Thread-1 (]: dbt_clickhouse adapter: SQL status: OK in 0.01 seconds
[0m12:52:18.314701 [debug] [Thread-2 (]: dbt_clickhouse adapter: On model.dwh.mart_listings_by_category: /* {"app": "dbt", "dbt_version": "1.11.15", "profile_name": "dwh", "target_name": "dev", "node_id": "model.dwh.mart_listings_by_category"} */

    select name, type from system.columns where table = 'mart_listings_by_category'
    
      
        and database = 'dwh'
      
    
    order by position
  ...
[0m12:52:18.316047 [debug] [Thread-4 (]: Creating new relation dim_vas_types
[0m12:52:18.317908 [debug] [Thread-1 (]: dbt_clickhouse adapter: On model.dwh.mart_dau: /* {"app": "dbt", "dbt_version": "1.11.15", "profile_name": "dwh", "target_name": "dev", "node_id": "model.dwh.mart_dau"} */

    select name, type from system.columns where table = 'mart_dau'
    
      
        and database = 'dwh'
      
    
    order by position
  ...
[0m12:52:18.318738 [debug] [Thread-4 (]: dbt_clickhouse adapter: On model.dwh.dim_vas_types: /* {"app": "dbt", "dbt_version": "1.11.15", "profile_name": "dwh", "target_name": "dev", "node_id": "model.dwh.dim_vas_types"} */

        

    
        create table `dwh`.`dim_vas_types`
        
  
        
  engine = MergeTree()
        
      order by (tuple())
        
        
        
        
                    -- end_of_sql
                    SETTINGS replicated_deduplication_window='0'

                    
          empty
          as (
            

SELECT
    vas_type_id,
    name AS vas_type_name,
    description
FROM `dwh`.`stg_vas_types`
          )
        
    ...
[0m12:52:18.321710 [debug] [Thread-2 (]: dbt_clickhouse adapter: SQL status: OK in 0.00 seconds
[0m12:52:18.322362 [debug] [Thread-1 (]: dbt_clickhouse adapter: SQL status: OK in 0.00 seconds
[0m12:52:18.324142 [debug] [Thread-2 (]: Writing runtime sql for node "model.dwh.mart_listings_by_category"
[0m12:52:18.325288 [debug] [Thread-1 (]: Writing runtime sql for node "model.dwh.mart_dau"
[0m12:52:18.325485 [debug] [Thread-4 (]: dbt_clickhouse adapter: SQL status: OK in 0.01 seconds
[0m12:52:18.327418 [debug] [Thread-4 (]: dbt_clickhouse adapter: On model.dwh.dim_vas_types: /* {"app": "dbt", "dbt_version": "1.11.15", "profile_name": "dwh", "target_name": "dev", "node_id": "model.dwh.dim_vas_types"} */

    select name, type from system.columns where table = 'dim_vas_types'
    
      
        and database = 'dwh'
      
    
    order by position
  ...
[0m12:52:18.327876 [debug] [Thread-3 (]: dbt_clickhouse adapter: SQL status: OK in 0.03 seconds
[0m12:52:18.329062 [debug] [Thread-3 (]: Sending event: {'category': 'dbt', 'action': 'run_model', 'label': '2e4a3269-e3ee-4ee7-a23e-a753015cc37d', 'context': [<snowplow_tracker.self_describing_json.SelfDescribingJson object at 0xffffac2ca0f0>]}
[0m12:52:18.329649 [info ] [Thread-3 (]: 7 of 16 OK created sql table model `dwh`.`dim_categories` ...................... [[32mOK[0m in 0.12s]
[0m12:52:18.329960 [debug] [Thread-2 (]: dbt_clickhouse adapter: On model.dwh.mart_listings_by_category: /* {"app": "dbt", "dbt_version": "1.11.15", "profile_name": "dwh", "target_name": "dev", "node_id": "model.dwh.mart_listings_by_category"} */

  
    
    
    
        


        
  

  insert into `dwh`.`mart_listings_by_category`
        ("category_id", "category_name", "listing_count", "avg_price")

SELECT
    category_id,
    category_name,
    count(*) AS listing_count,
    round(avg(price), 2) AS avg_price
FROM `dwh`.`int_listings_enriched`
GROUP BY category_id, category_name
ORDER BY listing_count DESC
  ...
[0m12:52:18.330198 [debug] [Thread-1 (]: dbt_clickhouse adapter: On model.dwh.mart_dau: /* {"app": "dbt", "dbt_version": "1.11.15", "profile_name": "dwh", "target_name": "dev", "node_id": "model.dwh.mart_dau"} */

  
    
    
    
        


        
  

  insert into `dwh`.`mart_dau`
        ("day", "platform", "dau")

SELECT
    toDate(ts) AS day,
    platform,
    uniqExact(user_id) AS dau
FROM `dwh`.`stg_user_activity`
GROUP BY day, platform
ORDER BY day, platform
  ...
[0m12:52:18.331129 [debug] [Thread-3 (]: Finished running node model.dwh.dim_categories
[0m12:52:18.331471 [debug] [Thread-4 (]: dbt_clickhouse adapter: SQL status: OK in 0.00 seconds
[0m12:52:18.331864 [debug] [Thread-3 (]: Began running node model.dwh.mart_arpu_monthly
[0m12:52:18.332869 [debug] [Thread-4 (]: Writing runtime sql for node "model.dwh.dim_vas_types"
[0m12:52:18.333272 [info ] [Thread-3 (]: 13 of 16 START sql table model `dwh`.`mart_arpu_monthly` ....................... [RUN]
[0m12:52:18.333911 [debug] [Thread-3 (]: Re-using an available connection from the pool (formerly model.dwh.dim_categories, now model.dwh.mart_arpu_monthly)
[0m12:52:18.334812 [debug] [Thread-3 (]: Began compiling node model.dwh.mart_arpu_monthly
[0m12:52:18.338499 [debug] [Thread-3 (]: Writing injected SQL for node "model.dwh.mart_arpu_monthly"
[0m12:52:18.339309 [debug] [Thread-4 (]: dbt_clickhouse adapter: On model.dwh.dim_vas_types: /* {"app": "dbt", "dbt_version": "1.11.15", "profile_name": "dwh", "target_name": "dev", "node_id": "model.dwh.dim_vas_types"} */

  
    
    
    
        


        
  

  insert into `dwh`.`dim_vas_types`
        ("vas_type_id", "vas_type_name", "description")

SELECT
    vas_type_id,
    name AS vas_type_name,
    description
FROM `dwh`.`stg_vas_types`
  ...
[0m12:52:18.340015 [debug] [Thread-3 (]: Began executing node model.dwh.mart_arpu_monthly
[0m12:52:18.341875 [debug] [Thread-3 (]: Creating new relation mart_arpu_monthly
[0m12:52:18.342972 [debug] [Thread-3 (]: dbt_clickhouse adapter: On model.dwh.mart_arpu_monthly: /* {"app": "dbt", "dbt_version": "1.11.15", "profile_name": "dwh", "target_name": "dev", "node_id": "model.dwh.mart_arpu_monthly"} */

        

    
        create table `dwh`.`mart_arpu_monthly`
        
  
        
  engine = MergeTree()
        
      order by (tuple())
        
        
        
        
                    -- end_of_sql
                    SETTINGS replicated_deduplication_window='0'

                    
          empty
          as (
            

WITH revenue AS (
    SELECT
        toStartOfMonth(payment_date) AS month,
        sum(amount) AS revenue
    FROM `dwh`.`int_payments_success`
    GROUP BY month
),
mau AS (
    SELECT
        toStartOfMonth(ts) AS month,
        uniqExact(user_id) AS active_users
    FROM `dwh`.`stg_user_activity`
    GROUP BY month
)
SELECT
    r.month,
    r.revenue,
    m.active_users,
    round(r.revenue / m.active_users, 2) AS arpu
FROM revenue r
JOIN mau m ON m.month = r.month
ORDER BY r.month
          )
        
    ...
[0m12:52:18.356029 [debug] [Thread-4 (]: dbt_clickhouse adapter: SQL status: OK in 0.02 seconds
[0m12:52:18.356394 [debug] [Thread-3 (]: dbt_clickhouse adapter: SQL status: OK in 0.01 seconds
[0m12:52:18.357727 [debug] [Thread-4 (]: Sending event: {'category': 'dbt', 'action': 'run_model', 'label': '2e4a3269-e3ee-4ee7-a23e-a753015cc37d', 'context': [<snowplow_tracker.self_describing_json.SelfDescribingJson object at 0xffffadc11490>]}
[0m12:52:18.364429 [debug] [Thread-3 (]: dbt_clickhouse adapter: On model.dwh.mart_arpu_monthly: /* {"app": "dbt", "dbt_version": "1.11.15", "profile_name": "dwh", "target_name": "dev", "node_id": "model.dwh.mart_arpu_monthly"} */

    select name, type from system.columns where table = 'mart_arpu_monthly'
    
      
        and database = 'dwh'
      
    
    order by position
  ...
[0m12:52:18.365476 [info ] [Thread-4 (]: 12 of 16 OK created sql table model `dwh`.`dim_vas_types` ...................... [[32mOK[0m in 0.05s]
[0m12:52:18.366455 [debug] [Thread-4 (]: Finished running node model.dwh.dim_vas_types
[0m12:52:18.366792 [debug] [Thread-4 (]: Began running node model.dwh.mart_revenue_daily
[0m12:52:18.367505 [info ] [Thread-4 (]: 14 of 16 START sql table model `dwh`.`mart_revenue_daily` ...................... [RUN]
[0m12:52:18.367992 [debug] [Thread-4 (]: Re-using an available connection from the pool (formerly model.dwh.dim_vas_types, now model.dwh.mart_revenue_daily)
[0m12:52:18.368714 [debug] [Thread-4 (]: Began compiling node model.dwh.mart_revenue_daily
[0m12:52:18.371046 [debug] [Thread-4 (]: Writing injected SQL for node "model.dwh.mart_revenue_daily"
[0m12:52:18.371657 [debug] [Thread-3 (]: dbt_clickhouse adapter: SQL status: OK in 0.01 seconds
[0m12:52:18.372931 [debug] [Thread-3 (]: Writing runtime sql for node "model.dwh.mart_arpu_monthly"
[0m12:52:18.373575 [debug] [Thread-4 (]: Began executing node model.dwh.mart_revenue_daily
[0m12:52:18.376391 [debug] [Thread-4 (]: Creating new relation mart_revenue_daily
[0m12:52:18.377397 [debug] [Thread-4 (]: dbt_clickhouse adapter: On model.dwh.mart_revenue_daily: /* {"app": "dbt", "dbt_version": "1.11.15", "profile_name": "dwh", "target_name": "dev", "node_id": "model.dwh.mart_revenue_daily"} */

        

    
        create table `dwh`.`mart_revenue_daily`
        
  
        
  engine = MergeTree()
        
      order by (tuple())
        
        
        
        
                    -- end_of_sql
                    SETTINGS replicated_deduplication_window='0'

                    
          empty
          as (
            

SELECT
    toDate(payment_date) AS day,
    sum(amount) AS revenue
FROM `dwh`.`int_payments_success`
GROUP BY day
ORDER BY day
          )
        
    ...
[0m12:52:18.377707 [debug] [Thread-3 (]: dbt_clickhouse adapter: On model.dwh.mart_arpu_monthly: /* {"app": "dbt", "dbt_version": "1.11.15", "profile_name": "dwh", "target_name": "dev", "node_id": "model.dwh.mart_arpu_monthly"} */

  
    
    
    
        


        
  

  insert into `dwh`.`mart_arpu_monthly`
        ("month", "revenue", "active_users", "arpu")

WITH revenue AS (
    SELECT
        toStartOfMonth(payment_date) AS month,
        sum(amount) AS revenue
    FROM `dwh`.`int_payments_success`
    GROUP BY month
),
mau AS (
    SELECT
        toStartOfMonth(ts) AS month,
        uniqExact(user_id) AS active_users
    FROM `dwh`.`stg_user_activity`
    GROUP BY month
)
SELECT
    r.month,
    r.revenue,
    m.active_users,
    round(r.revenue / m.active_users, 2) AS arpu
FROM revenue r
JOIN mau m ON m.month = r.month
ORDER BY r.month
  ...
[0m12:52:18.391236 [debug] [Thread-4 (]: dbt_clickhouse adapter: SQL status: OK in 0.01 seconds
[0m12:52:18.393597 [debug] [Thread-4 (]: dbt_clickhouse adapter: On model.dwh.mart_revenue_daily: /* {"app": "dbt", "dbt_version": "1.11.15", "profile_name": "dwh", "target_name": "dev", "node_id": "model.dwh.mart_revenue_daily"} */

    select name, type from system.columns where table = 'mart_revenue_daily'
    
      
        and database = 'dwh'
      
    
    order by position
  ...
[0m12:52:18.397046 [debug] [Thread-4 (]: dbt_clickhouse adapter: SQL status: OK in 0.00 seconds
[0m12:52:18.399030 [debug] [Thread-4 (]: Writing runtime sql for node "model.dwh.mart_revenue_daily"
[0m12:52:18.401253 [debug] [Thread-4 (]: dbt_clickhouse adapter: On model.dwh.mart_revenue_daily: /* {"app": "dbt", "dbt_version": "1.11.15", "profile_name": "dwh", "target_name": "dev", "node_id": "model.dwh.mart_revenue_daily"} */

  
    
    
    
        


        
  

  insert into `dwh`.`mart_revenue_daily`
        ("day", "revenue")

SELECT
    toDate(payment_date) AS day,
    sum(amount) AS revenue
FROM `dwh`.`int_payments_success`
GROUP BY day
ORDER BY day
  ...
[0m12:52:18.431662 [debug] [Thread-2 (]: dbt_clickhouse adapter: SQL status: OK in 0.10 seconds
[0m12:52:18.433281 [debug] [Thread-2 (]: Sending event: {'category': 'dbt', 'action': 'run_model', 'label': '2e4a3269-e3ee-4ee7-a23e-a753015cc37d', 'context': [<snowplow_tracker.self_describing_json.SelfDescribingJson object at 0xffffac2c9190>]}
[0m12:52:18.433848 [info ] [Thread-2 (]: 11 of 16 OK created sql table model `dwh`.`mart_listings_by_category` .......... [[32mOK[0m in 0.15s]
[0m12:52:18.435297 [debug] [Thread-2 (]: Finished running node model.dwh.mart_listings_by_category
[0m12:52:18.436318 [debug] [Thread-2 (]: Began running node model.dwh.mart_revenue_monthly_yoy
[0m12:52:18.436800 [info ] [Thread-2 (]: 15 of 16 START sql table model `dwh`.`mart_revenue_monthly_yoy` ................ [RUN]
[0m12:52:18.437417 [debug] [Thread-2 (]: Re-using an available connection from the pool (formerly model.dwh.mart_listings_by_category, now model.dwh.mart_revenue_monthly_yoy)
[0m12:52:18.438019 [debug] [Thread-2 (]: Began compiling node model.dwh.mart_revenue_monthly_yoy
[0m12:52:18.445478 [debug] [Thread-2 (]: Writing injected SQL for node "model.dwh.mart_revenue_monthly_yoy"
[0m12:52:18.448404 [debug] [Thread-2 (]: Began executing node model.dwh.mart_revenue_monthly_yoy
[0m12:52:18.450232 [debug] [Thread-2 (]: Creating new relation mart_revenue_monthly_yoy
[0m12:52:18.451185 [debug] [Thread-2 (]: dbt_clickhouse adapter: On model.dwh.mart_revenue_monthly_yoy: /* {"app": "dbt", "dbt_version": "1.11.15", "profile_name": "dwh", "target_name": "dev", "node_id": "model.dwh.mart_revenue_monthly_yoy"} */

        

    
        create table `dwh`.`mart_revenue_monthly_yoy`
        
  
        
  engine = MergeTree()
        
      order by (tuple())
        
        
        
        
                    -- end_of_sql
                    SETTINGS replicated_deduplication_window='0'

                    
          empty
          as (
            

WITH monthly AS (
    SELECT
        toStartOfMonth(payment_date) AS month,
        sum(amount) AS revenue
    FROM `dwh`.`int_payments_success`
    GROUP BY month
)
SELECT
    m.month,
    m.revenue,
    p.revenue AS revenue_prev_year,
    round((m.revenue - p.revenue) / p.revenue, 4) AS yoy_growth
FROM monthly m
LEFT JOIN monthly p ON p.month = addMonths(m.month, -12)
ORDER BY m.month
          )
        
    ...
[0m12:52:18.461355 [debug] [Thread-4 (]: dbt_clickhouse adapter: SQL status: OK in 0.06 seconds
[0m12:52:18.463768 [debug] [Thread-4 (]: Sending event: {'category': 'dbt', 'action': 'run_model', 'label': '2e4a3269-e3ee-4ee7-a23e-a753015cc37d', 'context': [<snowplow_tracker.self_describing_json.SelfDescribingJson object at 0xffffac2c9fd0>]}
[0m12:52:18.464434 [info ] [Thread-4 (]: 14 of 16 OK created sql table model `dwh`.`mart_revenue_daily` ................. [[32mOK[0m in 0.10s]
[0m12:52:18.465016 [debug] [Thread-4 (]: Finished running node model.dwh.mart_revenue_daily
[0m12:52:18.465598 [debug] [Thread-4 (]: Began running node model.dwh.mart_vas
[0m12:52:18.466231 [info ] [Thread-4 (]: 16 of 16 START sql table model `dwh`.`mart_vas` ................................ [RUN]
[0m12:52:18.466741 [debug] [Thread-4 (]: Re-using an available connection from the pool (formerly model.dwh.mart_revenue_daily, now model.dwh.mart_vas)
[0m12:52:18.467439 [debug] [Thread-2 (]: dbt_clickhouse adapter: SQL status: OK in 0.02 seconds
[0m12:52:18.467645 [debug] [Thread-4 (]: Began compiling node model.dwh.mart_vas
[0m12:52:18.470129 [debug] [Thread-2 (]: dbt_clickhouse adapter: On model.dwh.mart_revenue_monthly_yoy: /* {"app": "dbt", "dbt_version": "1.11.15", "profile_name": "dwh", "target_name": "dev", "node_id": "model.dwh.mart_revenue_monthly_yoy"} */

    select name, type from system.columns where table = 'mart_revenue_monthly_yoy'
    
      
        and database = 'dwh'
      
    
    order by position
  ...
[0m12:52:18.473325 [debug] [Thread-4 (]: Writing injected SQL for node "model.dwh.mart_vas"
[0m12:52:18.474713 [debug] [Thread-4 (]: Began executing node model.dwh.mart_vas
[0m12:52:18.476588 [debug] [Thread-4 (]: Creating new relation mart_vas
[0m12:52:18.477280 [debug] [Thread-2 (]: dbt_clickhouse adapter: SQL status: OK in 0.00 seconds
[0m12:52:18.483137 [debug] [Thread-4 (]: dbt_clickhouse adapter: On model.dwh.mart_vas: /* {"app": "dbt", "dbt_version": "1.11.15", "profile_name": "dwh", "target_name": "dev", "node_id": "model.dwh.mart_vas"} */

        

    
        create table `dwh`.`mart_vas`
        
  
        
  engine = MergeTree()
        
      order by (tuple())
        
        
        
        
                    -- end_of_sql
                    SETTINGS replicated_deduplication_window='0'

                    
          empty
          as (
            

SELECT
    v.vas_type_id,
    v.vas_type_name,
    count(*) AS purchases,
    sum(p.amount) AS revenue
FROM `dwh`.`int_payments_success` p
JOIN `dwh`.`dim_vas_types` v ON p.vas_type_id = v.vas_type_id
WHERE p.payment_type = 'vas'
GROUP BY v.vas_type_id, v.vas_type_name
ORDER BY revenue DESC
          )
        
    ...
[0m12:52:18.485863 [debug] [Thread-2 (]: Writing runtime sql for node "model.dwh.mart_revenue_monthly_yoy"
[0m12:52:18.488857 [debug] [Thread-2 (]: dbt_clickhouse adapter: On model.dwh.mart_revenue_monthly_yoy: /* {"app": "dbt", "dbt_version": "1.11.15", "profile_name": "dwh", "target_name": "dev", "node_id": "model.dwh.mart_revenue_monthly_yoy"} */

  
    
    
    
        


        
  

  insert into `dwh`.`mart_revenue_monthly_yoy`
        ("month", "revenue", "revenue_prev_year", "yoy_growth")

WITH monthly AS (
    SELECT
        toStartOfMonth(payment_date) AS month,
        sum(amount) AS revenue
    FROM `dwh`.`int_payments_success`
    GROUP BY month
)
SELECT
    m.month,
    m.revenue,
    p.revenue AS revenue_prev_year,
    round((m.revenue - p.revenue) / p.revenue, 4) AS yoy_growth
FROM monthly m
LEFT JOIN monthly p ON p.month = addMonths(m.month, -12)
ORDER BY m.month
  ...
[0m12:52:18.499491 [debug] [Thread-4 (]: dbt_clickhouse adapter: SQL status: OK in 0.01 seconds
[0m12:52:18.506914 [debug] [Thread-4 (]: dbt_clickhouse adapter: On model.dwh.mart_vas: /* {"app": "dbt", "dbt_version": "1.11.15", "profile_name": "dwh", "target_name": "dev", "node_id": "model.dwh.mart_vas"} */

    select name, type from system.columns where table = 'mart_vas'
    
      
        and database = 'dwh'
      
    
    order by position
  ...
[0m12:52:18.515988 [debug] [Thread-4 (]: dbt_clickhouse adapter: SQL status: OK in 0.00 seconds
[0m12:52:18.521850 [debug] [Thread-4 (]: Writing runtime sql for node "model.dwh.mart_vas"
[0m12:52:18.523716 [debug] [Thread-4 (]: dbt_clickhouse adapter: On model.dwh.mart_vas: /* {"app": "dbt", "dbt_version": "1.11.15", "profile_name": "dwh", "target_name": "dev", "node_id": "model.dwh.mart_vas"} */

  
    
    
    
        


        
  

  insert into `dwh`.`mart_vas`
        ("v.vas_type_id", "vas_type_name", "purchases", "revenue")

SELECT
    v.vas_type_id,
    v.vas_type_name,
    count(*) AS purchases,
    sum(p.amount) AS revenue
FROM `dwh`.`int_payments_success` p
JOIN `dwh`.`dim_vas_types` v ON p.vas_type_id = v.vas_type_id
WHERE p.payment_type = 'vas'
GROUP BY v.vas_type_id, v.vas_type_name
ORDER BY revenue DESC
  ...
[0m12:52:18.638385 [debug] [Thread-2 (]: dbt_clickhouse adapter: SQL status: OK in 0.15 seconds
[0m12:52:18.639460 [debug] [Thread-4 (]: dbt_clickhouse adapter: SQL status: OK in 0.12 seconds
[0m12:52:18.641062 [debug] [Thread-2 (]: Sending event: {'category': 'dbt', 'action': 'run_model', 'label': '2e4a3269-e3ee-4ee7-a23e-a753015cc37d', 'context': [<snowplow_tracker.self_describing_json.SelfDescribingJson object at 0xffffac2c82f0>]}
[0m12:52:18.643867 [debug] [Thread-4 (]: Sending event: {'category': 'dbt', 'action': 'run_model', 'label': '2e4a3269-e3ee-4ee7-a23e-a753015cc37d', 'context': [<snowplow_tracker.self_describing_json.SelfDescribingJson object at 0xffffadc11d90>]}
[0m12:52:18.644543 [info ] [Thread-2 (]: 15 of 16 OK created sql table model `dwh`.`mart_revenue_monthly_yoy` ........... [[32mOK[0m in 0.20s]
[0m12:52:18.645214 [info ] [Thread-4 (]: 16 of 16 OK created sql table model `dwh`.`mart_vas` ........................... [[32mOK[0m in 0.18s]
[0m12:52:18.646001 [debug] [Thread-2 (]: Finished running node model.dwh.mart_revenue_monthly_yoy
[0m12:52:18.646921 [debug] [Thread-4 (]: Finished running node model.dwh.mart_vas
[0m12:52:19.223788 [debug] [Thread-3 (]: dbt_clickhouse adapter: SQL status: OK in 0.85 seconds
[0m12:52:19.226267 [debug] [Thread-3 (]: Sending event: {'category': 'dbt', 'action': 'run_model', 'label': '2e4a3269-e3ee-4ee7-a23e-a753015cc37d', 'context': [<snowplow_tracker.self_describing_json.SelfDescribingJson object at 0xffffac1f1370>]}
[0m12:52:19.227125 [info ] [Thread-3 (]: 13 of 16 OK created sql table model `dwh`.`mart_arpu_monthly` .................. [[32mOK[0m in 0.89s]
[0m12:52:19.228177 [debug] [Thread-3 (]: Finished running node model.dwh.mart_arpu_monthly
[0m12:52:19.320664 [debug] [Thread-1 (]: dbt_clickhouse adapter: SQL status: OK in 0.99 seconds
[0m12:52:19.321960 [debug] [Thread-1 (]: Sending event: {'category': 'dbt', 'action': 'run_model', 'label': '2e4a3269-e3ee-4ee7-a23e-a753015cc37d', 'context': [<snowplow_tracker.self_describing_json.SelfDescribingJson object at 0xffffac2c91f0>]}
[0m12:52:19.322463 [info ] [Thread-1 (]: 10 of 16 OK created sql table model `dwh`.`mart_dau` ........................... [[32mOK[0m in 1.04s]
[0m12:52:19.322787 [debug] [Thread-1 (]: Finished running node model.dwh.mart_dau
[0m12:52:19.324281 [debug] [MainThread]: Connection 'master' was properly closed.
[0m12:52:19.324536 [debug] [MainThread]: Connection 'model.dwh.mart_dau' was left open.
[0m12:52:19.324742 [debug] [MainThread]: On model.dwh.mart_dau: Close
[0m12:52:19.324955 [debug] [MainThread]: Connection 'model.dwh.mart_arpu_monthly' was left open.
[0m12:52:19.325111 [debug] [MainThread]: On model.dwh.mart_arpu_monthly: Close
[0m12:52:19.325237 [debug] [MainThread]: Connection 'model.dwh.mart_vas' was left open.
[0m12:52:19.325378 [debug] [MainThread]: On model.dwh.mart_vas: Close
[0m12:52:19.325501 [debug] [MainThread]: Connection 'model.dwh.mart_revenue_monthly_yoy' was left open.
[0m12:52:19.325646 [debug] [MainThread]: On model.dwh.mart_revenue_monthly_yoy: Close
[0m12:52:19.325953 [info ] [MainThread]: 
[0m12:52:19.326162 [info ] [MainThread]: Finished running 8 table models, 8 view models in 0 hours 0 minutes and 1.59 seconds (1.59s).
[0m12:52:19.328158 [debug] [MainThread]: Command end result
[0m12:52:19.354065 [debug] [MainThread]: Wrote artifact WritableManifest to /opt/airflow/dbt/target/manifest.json
[0m12:52:19.356447 [debug] [MainThread]: Wrote artifact SemanticManifest to /opt/airflow/dbt/target/semantic_manifest.json
[0m12:52:19.361105 [debug] [MainThread]: Wrote artifact RunExecutionResult to /opt/airflow/dbt/target/run_results.json
[0m12:52:19.361306 [info ] [MainThread]: 
[0m12:52:19.361537 [info ] [MainThread]: [32mCompleted successfully[0m
[0m12:52:19.361720 [info ] [MainThread]: 
[0m12:52:19.362280 [info ] [MainThread]: Done. PASS=16 WARN=0 ERROR=0 SKIP=0 NO-OP=0 TOTAL=16
[0m12:52:19.363311 [debug] [MainThread]: Resource report: {"command_name": "run", "command_success": true, "command_wall_clock_time": 2.079676, "process_in_blocks": "55560", "process_kernel_time": 0.282643, "process_mem_max_rss": "153560", "process_out_blocks": "2814", "process_user_time": 1.530482}
[0m12:52:19.364051 [debug] [MainThread]: Command `dbt run` succeeded at 12:52:19.363981 after 2.08 seconds
[0m12:52:19.364354 [debug] [MainThread]: Sending event: {'category': 'dbt', 'action': 'invocation', 'label': 'end', 'context': [<snowplow_tracker.self_describing_json.SelfDescribingJson object at 0xffffb0ba3ef0>, <snowplow_tracker.self_describing_json.SelfDescribingJson object at 0xffffac1f0230>, <snowplow_tracker.self_describing_json.SelfDescribingJson object at 0xffffac1f07d0>]}
[0m12:52:19.364582 [debug] [MainThread]: Flushing usage events
[0m12:52:20.318633 [debug] [MainThread]: An error was encountered while trying to flush usage events
